,Date,Time,Race,Gender,Body_Size,Age_Range,With_Kids,Kids_Category,TimeSpent_minutes,buyDrinks,TotalSpent_RM,latitude,longitude,Location
0,19/10/2015,20:17:50,malay,male,moderate,28.0,yes,young,20.0,2.0,9.0,2.91231642,101.6579478,"Balai Bomba dan Penyelamat Cyberjaya, Persiaran APEC, Cyber 6, Cyberjaya, Sepang, Selangor, 62200, Malaysia"
1,19/10/2015,20:28:42,malay,male,thin,32.0,no,no_kids,19.0,4.0,21.0,2.922506027,101.6431294,"Persiaran Multimedia, Cyber 12, Cyberjaya, Sepang, Selangor, 63000, Malaysia"
2,19/10/2015,20:58:31,malay,female,moderate,30.0,no,no_kids,18.0,2.0,13.0,2.93553339,101.7371698,"Sepang, Selangor, 63450, Malaysia"
3,19/10/2015,21:31:28,indian,male,thin,51.0,no,no_kids,13.0,2.0,16.0,2.949923904,101.637069,"Cyber 2, Sepang, Selangor, 47120, Malaysia"
4,19/10/2015,21:40:28,indian,male,moderate,34.0,no,no_kids,15.0,1.0,13.0,2.903529733,101.6612493,"Cyber Heights Villa, Cyberjaya, Sepang, Selangor, 62200, Malaysia"
5,19/10/2015,23:45:38,malay,male,fat,50.0,no,no_kids,35.0,5.0,16.0,2.928514231,101.72064,"Sepang, Selangor, 62000, Malaysia"
6,19/10/2015,23:53:38,malay,female,fat,45.0,no,no_kids,30.0,3.0,17.0,2.970783341,101.6744587,"Presint 11, Putrajaya, 62300, Malaysia"
7,20/10/2015,0:24:01,indian,male,thin,49.0,no,no_kids,46.0,0.0,16.0,2.951176457,101.7465264,"Kampung Dato' Abu Bakar Baginda, Sepang, Selangor, 43650, Malaysia"
8,20/10/2015,0:45:19,indian,male,thin,30.0,no,no_kids,60.0,4.0,17.0,2.955301618,101.7039608,"Persiaran Utara, Presint 12, Putrajaya, 62502, Malaysia"
9,20/10/2015,1:17:50,chinese,female,moderate,33.0,no,no_kids,23.0,0.0,10.0,2.9086064,101.6668225,"Persiaran Tasik, Cyber 7, Cyberjaya, Sepang, Selangor, 62100, Malaysia"
10,20/10/2015,3:07:16,malay,female,moderate,45.0,no,no_kids,56.0,2.0,21.0,2.967033313,101.6523208,"Sierra 3, 16 Sierra, Sepang, Selangor, 47110, Malaysia"
11,20/10/2015,7:23:12,malay,male,moderate,37.0,no,no_kids,35.67082167387433,5.0,18.0,2.962150972,101.7110964,"Palm Garden Golf Club, Persiaran Utara, IOI Resort City, Sepang, Selangor, 62500, Malaysia"
12,20/10/2015,7:23:12,malay,female,moderate,39.40782991962665,no,no_kids,15.0,1.0,7.0,2.928768234,101.6912621,"Presint 2, Putrajaya, 62675, Malaysia"
13,20/10/2015,9:06:14,malay,male,moderate,32.0,no,no_kids,15.0,2.0,7.0,2.941112411,101.7132003,"Presint 1, Putrajaya, 62000, Malaysia"
14,20/10/2015,10:05:17,malay,female,moderate,55.0,yes,young,23.0,1.0,11.0,2.939276297,101.6442602,"Kelab Komuniti Taman Tasik Cyberjaya, Persiaran Semarak Api, Cyber 11, Cyberjaya, Sepang, Selangor, 63200, Malaysia"
15,20/10/2015,10:41:35,malay,male,thin,33.0,no,no_kids,39.0,0.0,9.0,2.957245277,101.6766783,"Jalan P11A, Presint 11, Putrajaya, 61250, Malaysia"
16,20/10/2015,10:49:31,malay,female,thin,55.0,yes,toddler ,46.0,3.0,11.0,2.970509739,101.6621115,"Sierra 12, 16 Sierra, Sepang, Selangor, 47110, Malaysia"
17,20/10/2015,10:57:47,malay,male,fat,39.40782991962665,yes,toddler,53.0,3.0,14.045362392295996,2.921546642,101.6680438,"Cyberview Lodge Resort and Spa, Persiaran Tasik, Cyber 7, Cyberjaya, Sepang, Selangor, 62100, Malaysia"
18,20/10/2015,11:13:26,malay,female,fat,55.0,yes,no_kids,48.0,2.0,16.0,2.943176549,101.7346564,"Jalan Merab 1, Sepang, Selangor, 62050, Malaysia"
19,20/10/2015,11:19:20,malay,female,moderate,50.0,yes,young,35.0,3.0,8.0,2.915475549,101.6616564,"CX2 Computer Exchange, Jalan Teknologi 2, Cyber 6, Cyberjaya, Sepang, Selangor, 63000, Malaysia"
20,20/10/2015,11:27:26,indian,male,fat,34.0,no,no_kids,35.67082167387433,5.0,17.0,2.943831439,101.6823814,"Surau Al-Falah, Lebuh Sentosa, Putrajaya, 62250, Malaysia"
21,20/10/2015,11:27:57,malay,male,moderate,53.0,yes,baby,15.0,3.0,19.0,2.934433738,101.7258593,"Presint 15, Putrajaya, 62050, Malaysia"
22,20/10/2015,11:28:43,malay,female,fat,38.0,yes,young,16.0,2.0,14.045362392295996,2.967766774,101.6855821,"Presint 11, Putrajaya, 62300, Malaysia"
23,20/10/2015,13:36:46,chinese,female,thin,29.0,no,no_kids,54.0,3.0,10.0,2.951222745,101.7235245,"Presint 14, Putrajaya, 62050, Malaysia"
24,20/10/2015,12:10:46,chinese,female,moderate,44.0,no,no_kids,30.0,3.0,20.0,2.939402932,101.6633933,"LimKokWing University College, Jalan Teknokrat 1/1, Cyber 4, Cyberjaya, Sepang, Selangor, 61250, Malaysia"
25,20/10/2015,13:44:03,chinese,female,moderate,42.0,no,no_kids,22.0,2.0,13.0,2.947776713,101.6978995,"Persiaran Sultan Salahuddin Abdul Aziz Shah, Presint 1, Putrajaya, 62514, Malaysia"
26,20/10/2015,13:47:46,chinese,male,thin,41.0,no,no_kids,50.0,3.0,18.0,2.9662059,101.6346878,"Kampung Pulau Meranti, Sepang, Selangor, 47120, Malaysia"
27,20/10/2015,14:39:57,malay,male,thin,36.0,yes,young,20.0,0.0,13.0,2.966805235,101.691886,"Presint 13, Putrajaya, 62502, Malaysia"
28,20/10/2015,14:54:19,indian,male,fat,39.40782991962665,no,no_kids,60.0,3.0,19.0,2.904241872,101.6693722,"Putrajaya Recreational Airfield, Jalan P6, Presint 6, Putrajaya, 62200, Malaysia"
29,20/10/2015,14:54:19,indian,male,thin,42.0,no,no_kids,34.0,3.0,12.0,2.953809463,101.6864277,"Presint 10, Putrajaya, 61250, Malaysia"
30,20/10/2015,15:26:05,malay,female,fat,32.0,no,no_kids,58.0,0.0,10.0,2.971703373,101.6786169,"Presint 11, Putrajaya, 62300, Malaysia"
31,20/10/2015,15:45:51,chinese,male,thin,40.0,yes,toddler,54.0,2.0,18.0,2.925992147,101.7259705,"Puncak Pinggiran Putra, Sepang, Selangor, 63450, Malaysia"
32,20/10/2015,15:52:41,foreigner,male,moderate,39.0,no,no_kids,43.0,5.0,17.0,2.94146915,101.7094355,"Kompleks E, Laluan Laman Putra 4, Presint 1, Putrajaya, 62000, Malaysia"
33,20/10/2015,16:01:30,malay,female,fat,55.0,no,no_kids,58.0,2.0,11.0,2.959500865,101.7081422,"Presint 12, Putrajaya, 62502, Malaysia"
34,20/10/2015,16:34:06,chinese,male,thin,46.0,no,no_kids,56.0,1.0,15.0,2.932691012,101.6432777,"Persiaran Semarak Api, Cyber 11, Cyberjaya, Sepang, Selangor, Malaysia"
35,20/10/2015,18:14:37,malay,female,thin,46.0,no,no_kids,16.0,1.0,20.0,2.943731299,101.7349606,"Jalan Merab 1, Sepang, Selangor, 62050, Malaysia"
36,20/10/2015,18:34:26,malay,male,fat,35.0,no,no_kids,41.0,1.0,17.0,2.932445148,101.7365378,"Kampung Sungai Merab Ulu, Sepang, Selangor, 63450, Malaysia"
37,20/10/2015,18:37:46,chinese,female,thin,35.0,no,no_kids,31.0,3.0,9.0,2.938365035,101.7021395,"Laluan Laman Putra 2, Presint 1, Putrajaya, 62519, Malaysia"
38,20/10/2015,18:48:34,malay,female,moderate,41.0,no,no_kids,38.0,5.0,9.0,2.961409415,101.6954655,"Presint 13, Putrajaya, 62502, Malaysia"
39,20/10/2015,18:57:46,malay,female,fat,31.0,no,no_kids,51.0,4.0,18.0,2.909508314,101.7448743,"Taman Sentosa Mekar, Sepang, Selangor, 63450, Malaysia"
40,20/10/2015,18:57:46,malay,female,fat,34.0,no,no_kids,23.0,1.0,18.0,2.920341513,101.7127793,"Persiaran Timur, Kampung Limau Manis, Sepang, Selangor, 62000, Malaysia"
41,20/10/2015,20:09:18,malay,female,fat,36.0,no,no_kids,37.0,5.0,12.0,2.938475943,101.6852813,"Kompleks Sekolah Bestari Presint 8, Jalan P8 A, Presint 8, Putrajaya, 62250, Malaysia"
42,20/10/2015,20:21:03,malay,female,moderate,33.0,no,no_kids,15.0,0.0,14.0,2.920208022,101.7141611,"Persiaran Timur, Kampung Limau Manis, Sepang, Selangor, 62000, Malaysia"
43,20/10/2015,20:21:03,malay,female,fat,51.0,no,no_kids,60.0,2.0,18.0,2.911034456,101.7459985,"Taman Sentosa Mekar, Sepang, Selangor, 63450, Malaysia"
44,20/10/2015,20:21:03,foreigner,female,moderate,46.0,no,no_kids,53.0,2.0,11.0,2.962275698,101.6918951,"Presint 11, Putrajaya, 61250, Malaysia"
45,20/10/2015,20:32:37,malay,female,moderate,51.0,no,no_kids,35.0,5.0,21.0,2.932841078,101.6624616,"Cyberjaya, Sepang, Selangor, 61250, Malaysia"
46,20/10/2015,20:44:46,indian,male,fat,39.40782991962665,no,no_kids,50.0,5.0,14.0,2.938229596,101.7328228,"Presint 15, Putrajaya, 62050, Malaysia"
47,20/10/2015,20:48:32,malay,female,fat,28.0,no,no_kids,39.0,2.0,11.0,2.922380929,101.687864,"Bahagian Pinjaman Perumahan, Jalan P2 S, Presint 2, Putrajaya, 62100, Malaysia"
48,20/10/2015,21:39:30,indian,male,moderate,49.0,no,no_kids,31.0,3.0,14.0,2.919551168,101.668476,"Perdana Lakeview East, Cyberjaya, Sepang, Selangor, 62100, Malaysia"
49,20/10/2015,21:44:10,indian,male,fat,48.0,no,no_kids,32.0,5.0,11.0,2.916453312,101.7460087,"Taman Sentosa Mekar, Sepang, Selangor, 63450, Malaysia"
50,20/10/2015,21:05:59,malay,female,fat,39.40782991962665,yes,toddler,24.0,1.0,16.0,2.943119223,101.7154266,"Presint 14, Putrajaya, 62050, Malaysia"
51,20/10/2015,22:04:52,indian,female,fat,42.0,no,no_kids,55.0,4.0,15.0,2.91001756,101.6719134,"Persiaran Tasik, Cyber 7, Cyberjaya, Sepang, Selangor, 62100, Malaysia"
52,20/10/2015,22:04:52,foreigner,male,moderate,54.0,no,no_kids,20.0,4.0,16.0,2.965581773,101.6384887,"Kampung Pulau Meranti, Sepang, Selangor, 47120, Malaysia"
53,20/10/2015,22:10:28,foreigner,male,moderate,38.0,no,no_kids,40.0,5.0,14.0,2.914720246,101.7026826,"Presint 17, Kampung Limau Manis, Sepang, Selangor, 62150, Malaysia"
54,20/10/2015,22:12:39,chinese,female,thin,39.0,no,no_kids,15.0,2.0,13.0,2.94670685,101.727935,"Jalan Diplomatik 2/6, Presint Diplomatik, Putrajaya, Malaysia"
55,20/10/2015,22:18:01,malay,female,thin,53.0,yes,young,43.0,4.0,16.0,2.968579156,101.6453175,"Kawasan Perindustrian Meranti Utama, Sepang, Selangor, 47110, Malaysia"
56,20/10/2015,22:20:42,malay,male,thin,29.0,yes,toddler,31.0,0.0,18.0,2.921287496,101.6791926,"Jalan P7, Putrajaya, 62100, Malaysia"
57,20/10/2015,22:24:54,indian,male,fat,43.0,no,no_kids,36.0,0.0,11.0,2.903208575,101.6367534,"Persiaran APEC, Cyber 10, Cyberjaya, Sepang, Selangor, 63000, Malaysia"
58,20/10/2015,22:24:54,indian,female,fat,29.0,yes,young,56.0,4.0,21.0,2.918987501,101.6855577,"Persiaran Perdana, Presint 3, Putrajaya, 62100, Malaysia"
59,20/10/2015,22:37:12,malay,female,thin,50.0,yes,toddler,44.0,0.0,14.0,2.920738346,101.7324981,"Jalan Bukit Dugang, Kampung Desa Putra, Sepang, Selangor, 63450, Malaysia"
60,20/10/2015,22:52:52,malay,female,thin,51.0,no,no_kids,33.0,5.0,15.0,2.92582691,101.7381869,"Kampung Desa Putra, Kampung Sungai Merab Ulu, Sepang, Selangor, 63450, Malaysia"
61,20/10/2015,22:54:56,malay,male,thin,28.0,yes,toddler,60.0,3.0,16.0,2.97132764,101.6818507,"Presint 11, Putrajaya, 62300, Malaysia"
62,20/10/2015,22:59:55,indian,female,moderate,55.0,no,baby,60.0,5.0,14.0,2.919032094,101.6630788,"Jalan IMPACT, Cyber 6, Cyberjaya, Sepang, Selangor, 63000, Malaysia"
63,20/10/2015,23:08:44,indian,male,thin,33.0,no,no_kids,27.0,0.0,8.0,2.957446652,101.6609054,"Lebuhraya Damansara‒Puchong ‒ Putrajaya dan Cyberjaya, Cyber 3, Cyberjaya, Sepang, Selangor, 62300, Malaysia"
64,20/10/2015,23:08:44,indian,male,moderate,49.0,no,no_kids,38.0,3.0,21.0,2.929765556,101.685258,"Presint 8, Putrajaya, 62250, Malaysia"
65,20/10/2015,23:15:42,malay,male,thin,42.0,no,no_kids,24.0,3.0,19.0,2.943371984,101.7466686,"Burger, Jalan Ayer Hitam, Sepang, Selangor, 43650, Malaysia"
66,20/10/2015,0:04:56,malay,female,moderate,45.0,no,no_kids,26.0,2.0,16.0,2.919387484,101.6704071,"Perdana Lakeview East, Cyberjaya, Sepang, Selangor, 62100, Malaysia"
67,21/10/2015,2:17:42,indian,female,thin,30.0,no,no_kids,13.0,2.0,13.0,2.92153352,101.6713196,"Perdana Lakeview East, Cyberjaya, Sepang, Selangor, 62100, Malaysia"
68,21/10/2015,7:35:52,indian,female,fat,44.0,no,no_kids,17.0,3.0,10.0,2.910196243,101.6711649,"Persiaran Tasik, Cyber 7, Cyberjaya, Sepang, Selangor, 62100, Malaysia"
69,21/10/2015,7:58:48,chinese,female,moderate,54.0,no,no_kids,53.0,0.0,14.0,2.965247798,101.6639004,"Presint 11, Putrajaya, 62300, Malaysia"
70,21/10/2015,11:21:04,chinese,female,thin,43.0,no,no_kids,11.0,3.0,18.0,2.929160659,101.7405425,"Kampung Sungai Merab Ulu, Sepang, Selangor, 63450, Malaysia"
71,21/10/2015,11:56:35,malay,male,thin,32.0,no,no_kids,12.0,3.0,9.0,2.954092424,101.6897865,"Persiaran Seri Perdana, Presint 10, Putrajaya, 62250, Malaysia"
72,21/10/2015,11:56:35,malay,female,moderate,29.0,no,no_kids,41.0,5.0,16.0,2.957506738,101.6430859,"Cyberjaya, Sepang, Selangor, 47120, Malaysia"
73,21/10/2015,12:01:57,chinese,male,thin,40.0,no,no_kids,49.0,0.0,21.0,2.93563453,101.6424992,"Cyber 1, Cyberjaya, Sepang, Selangor, 63200, Malaysia"
74,21/10/2015,12:01:57,chinese,female,thin,31.0,no,no_kids,25.0,1.0,10.0,2.919485995,101.6453034,"Persiaran Simfoni, Symphony Hills, Cyberjaya, Sepang, Selangor, 63000, Malaysia"
75,21/10/2015,12:32:17,malay,female,thin,31.0,no,no_kids,27.0,1.0,7.0,2.92845186,101.6737553,"Hospital Putrajaya, Jalan P7, Presint 7, Putrajaya, 62250, Malaysia"
76,21/10/2015,12:44:01,chinese,male,thin,54.0,no,no_kids,15.0,0.0,11.0,2.969405623,101.6598108,"Sierra 12, 16 Sierra, Sepang, Selangor, 47110, Malaysia"
77,21/10/2015,13:04:37,malay,female,thin,39.40782991962665,no,no_kids,60.0,2.0,21.0,2.936189794,101.7247492,"Presint 15, Putrajaya, 62050, Malaysia"
78,21/10/2015,13:04:37,malay,male,moderate,39.40782991962665,no,no_kids,54.0,4.0,21.0,2.960194395,101.7175065,"Palm Garden Golf Club, Persiaran Utara, IOI Resort City, Sepang, Selangor, 62500, Malaysia"
79,21/10/2015,14:18:47,chinese,female,fat,45.0,no,no_kids,50.0,5.0,7.0,2.923278148,101.6872035,"Persiaran Perdana, Presint 2, Putrajaya, 62675, Malaysia"
80,21/10/2015,14:30:07,malay,female,moderate,38.0,yes,toddler,12.0,1.0,7.0,2.916170107,101.650825,"Al-Naz Maju, Lingkaran Cyber Point Barat, Cyber 12, Cyberjaya, Sepang, Selangor, 63000, Malaysia"
81,21/10/2015,14:32:50,malay,female,moderate,48.0,yes,young,35.0,1.0,13.0,2.933630644,101.7161121,"Presint 15, Putrajaya, 62000, Malaysia"
82,21/10/2015,14:51:37,chinese,female,thin,39.40782991962665,no,no_kids,45.0,1.0,19.0,2.939977736,101.7336849,"Presint 15, Putrajaya, 62050, Malaysia"
83,21/10/2015,15:05:32,malay,female,moderate,42.0,yes,toddler,48.0,0.0,12.0,2.96126395,101.6322195,"Kampung Pulau Meranti, Sepang, Selangor, 47120, Malaysia"
84,21/10/2015,16:53:36,malay,female,moderate,53.0,no,no_kids,14.0,2.0,12.0,2.942903902,101.7007535,"Grande Pulse Hotel Putrajaya, Jalan Putra Perdana, Presint 1, Putrajaya, 62519, Malaysia"
85,21/10/2015,19:35:17,malay,female,fat,40.0,no,no_kids,15.0,0.0,17.0,2.970403509,101.6312264,"Jalan Pulau Meranti, Kampung Pulau Meranti, Sepang, Selangor, 47120, Malaysia"
86,21/10/2015,19:35:17,malay,female,moderate,53.0,no,no_kids,26.0,5.0,16.0,2.940293857,101.6527689,"Lebuhraya Maju, Cyber 4, Cyberjaya, Sepang, Selangor, 63200, Malaysia"
87,21/10/2015,19:35:17,indian,male,fat,49.0,no,no_kids,48.0,0.0,7.0,2.906898887,101.6981818,"Desa Pinggiran Putra, Sepang, Selangor, 62150, Malaysia"
88,21/10/2015,21:13:41,malay,male,thin,52.0,no,no_kids,55.0,1.0,13.0,2.957185786,101.7204164,"IOI Resort City, Sepang, Selangor, 62500, Malaysia"
89,21/10/2015,21:13:41,malay,male,thin,32.0,no,no_kids,43.0,4.0,18.0,2.90526394,101.6767583,"Jalan Tunku Abdul Rahman, Presint 4, Putrajaya, 62100, Malaysia"
90,21/10/2015,21:13:41,chinese,male,moderate,34.0,no,no_kids,50.0,3.0,13.0,2.906258654,101.6578782,"Cyberjaya Selatan, Lebuhraya Damansara‒Puchong ‒ Putrajaya dan Cyberjaya, Cyber 8, Cyberjaya, Sepang, Selangor, 62200, Malaysia"
91,21/10/2015,21:13:41,indian,male,thin,35.0,no,no_kids,46.0,5.0,14.0,2.916636583,101.6540031,"Jalan Teknokrat 6, Cyber 5, Cyberjaya, Sepang, Selangor, 63000, Malaysia"
92,22/10/2015,7:31:47,malay,female,moderate,49.0,no,no_kids,46.0,3.0,14.0,2.926865293,101.6613881,"Sports Arena Cyberjaya Parking, Jalan Usahawan, Cyber 6, Cyberjaya, Sepang, Selangor, 63200, Malaysia"
93,22/10/2015,9:19:35,malay,female,fat,33.0,no,no_kids,55.0,2.0,21.0,2.970452804,101.6702865,"Presint 11, Putrajaya, 62300, Malaysia"
94,22/10/2015,9:19:35,malay,female,moderate,55.0,no,no_kids,58.0,1.0,9.0,2.96568898,101.6499519,"Sierra 3, 16 Sierra, Sepang, Selangor, 47110, Malaysia"
95,22/10/2015,9:48:38,chinese,female,moderate,39.40782991962665,no,no_kids,36.0,0.0,14.0,2.956566257,101.6357485,"Sepang, Selangor, 47120, Malaysia"
96,22/10/2015,10:08:57,malay,male,moderate,55.0,no,no_kids,37.0,5.0,21.0,2.935513585,101.629123,"Lepironia Garden, Setia Eco Glades, Cyberjaya, Sepang, Selangor, 47130, Malaysia"
97,22/10/2015,10:50:38,malay,female,thin,49.0,no,no_kids,55.0,3.0,19.0,2.959821806,101.7412559,"Kampung Dato' Abu Bakar Baginda, Sepang, Selangor, 62500, Malaysia"
98,22/10/2015,10:50:38,malay,male,thin,46.0,no,no_kids,21.0,1.0,15.0,2.905601006,101.7392814,"Jalan Saujana 2/12, Taman Desa Saujana, Sepang, Selangor, 63450, Malaysia"
99,22/10/2015,13:14:43,foreigner,female,moderate,41.0,no,no_kids,56.0,2.0,16.0,2.957273201,101.6710524,"Jalan P11, Presint 11, Putrajaya, 62300, Malaysia"
100,22/10/2015,13:17:51,malay,female,fat,39.40782991962665,no,no_kids,36.0,3.0,17.0,2.966717465,101.6636236,"Lebuhraya Damansara‒Puchong ‒ Putrajaya dan Cyberjaya, Cyber 3, Cyberjaya, Sepang, Selangor, 62300, Malaysia"
101,22/10/2015,13:17:51,malay,male,fat,41.0,no,no_kids,29.0,5.0,15.0,2.93177387,101.6399451,"Universiti Multimedia, Persiaran Multimedia, Cyber 11, Cyberjaya, Sepang, Selangor, 63000, Malaysia"
102,22/10/2015,14:38:23,malay,male,moderate,55.0,no,no_kids,37.0,3.0,10.0,2.949095496,101.6319816,"Jalan Meranti 2, Cyber 2, Cyberjaya, Sepang, Selangor, 47130, Malaysia"
103,22/10/2015,15:10:04,malay,female,moderate,34.0,no,no_kids,20.0,2.0,15.0,2.937062467,101.7095382,"University Malaysia Of Computer Science & Engineering, Menara Z10, Jalan Alamanda 2, Presint 1, Putrajaya, 62000, Malaysia"
104,22/10/2015,15:42:25,malay,female,fat,40.0,no,no_kids,30.0,0.0,7.0,2.960587491,101.6462615,"Cyberjaya, Sepang, Selangor, 47120, Malaysia"
105,22/10/2015,18:42:40,indian,male,fat,44.0,no,no_kids,25.0,2.0,14.0,2.955890826,101.7137964,"Persiaran Timur, Presint 12, Putrajaya, 62500, Malaysia"
106,22/10/2015,19:48:07,chinese,male,thin,50.0,yes,baby,19.0,0.0,13.0,2.942284986,101.6978443,"Jalan Putra Perdana, Presint 1, Putrajaya, 62519, Malaysia"
107,22/10/2015,20:23:30,foreigner,male,moderate,54.0,no,no_kids,23.0,4.0,16.0,2.909529395,101.6997223,"Sepang, Selangor, 62150, Malaysia"
108,22/10/2015,20:49:14,chinese,male,thin,39.40782991962665,no,no_kids,46.0,4.0,9.0,2.929831259,101.7314182,"Puncak Pinggiran Putra, Sepang, Selangor, 63450, Malaysia"
109,22/10/2015,22:10:13,malay,male,moderate,32.0,no,no_kids,50.0,3.0,9.0,2.925045336,101.6968892,"Lebuh Bestari, Putrajaya, 62150, Malaysia"
110,22/10/2015,22:52:01,malay,female,thin,32.0,no,no_kids,59.0,4.0,7.0,2.932982259,101.7324483,"Presint 15, Putrajaya, 62050, Malaysia"
111,22/10/2015,23:18:33,indian,male,fat,47.0,no,no_kids,15.0,2.0,17.0,2.920905791,101.6378199,"Padi House Cafeteria and Deli Cafe, Persiaran Bestari, Symphony Hills, Cyberjaya, Sepang, Selangor, 63000, Malaysia"
112,23/10/2015,1:09:08,chinese,female,fat,30.0,yes,toddler,22.0,5.0,20.0,2.955510695,101.6774643,"Presint 11, Putrajaya, 61250, Malaysia"
113,23/10/2015,1:31:55,chinese,male,fat,39.40782991962665,no,no_kids,50.0,5.0,14.045362392295996,2.944350333,101.6316005,"Putrajaya Link, Cyber 2, Cyberjaya, Sepang, Selangor, 63200, Malaysia"
114,23/10/2015,1:52:36,indian,female,fat,39.0,no,no_kids,60.0,0.0,8.0,2.969741447,101.7326093,"Universiti Tenaga Nasional (Kampus Putrajaya), Lebuhraya Lembah Klang Selatan, IOI Resort City, Sepang, Selangor, 62502, Malaysia"
115,23/10/2015,2:48:52,malay,male,fat,40.0,no,no_kids,22.0,3.0,14.045362392295996,2.946782315,101.6304899,"Jalan Meranti 2, Cyber 2, Cyberjaya, Sepang, Selangor, 47130, Malaysia"
116,23/10/2015,4:35:37,indian,male,moderate,39.40782991962665,no,no_kids,52.0,1.0,18.0,2.92958325,101.7446153,"Kampung Sungai Merab Jaya, Sepang, Selangor, 63450, Malaysia"
117,23/10/2015,7:07:53,malay,female,fat,52.0,yes,baby,15.0,0.0,19.0,2.950801571,101.6475723,"Sepang, Selangor, 47120, Malaysia"
118,23/10/2015,7:31:00,malay,male,fat,33.0,no,no_kids,29.0,3.0,14.045362392295996,2.935362189,101.7431844,"Kampung Sungai Merab Jaya, Sepang, Selangor, 63450, Malaysia"
119,23/10/2015,10:27:02,chinese,male,thin,39.40782991962665,no,no_kids,44.0,2.0,15.0,2.940545969,101.6313899,"Setia Eco Glades, Cyberjaya, Sepang, Selangor, 63200, Malaysia"
120,23/10/2015,11:14:22,malay,male,fat,53.0,yes,baby,58.0,4.0,13.0,2.94649583,101.6606522,"Lebuhraya Damansara‒Puchong ‒ Putrajaya dan Cyberjaya, Cyber 3, Cyberjaya, Sepang, Selangor, 62300, Malaysia"
121,23/10/2015,11:17:03,malay,female,moderate,53.0,yes,toddler,23.0,3.0,7.0,2.91005925,101.6762791,"Jalan Tunku Abdul Rahman, Presint 4, Putrajaya, 62100, Malaysia"
122,23/10/2015,11:54:36,indian,male,moderate,40.0,no,no_kids,58.0,0.0,21.0,2.942211723,101.6304912,"Lebuhraya Utara–Selatan Hubungan Tengah (Hubungan Putrajaya), Cyber 2, Cyberjaya, Sepang, Selangor, 47130, Malaysia"
123,23/10/2015,11:59:37,malay,male,moderate,40.0,no,no_kids,53.0,1.0,8.0,2.942248354,101.6891296,"Jambatan Seri Perdana, Lebuh Perdana Barat, Presint 1, Putrajaya, 62514, Malaysia"
124,23/10/2015,12:00:06,malay,female,fat,52.0,no,no_kids,48.0,1.0,13.0,2.958675928,101.6787285,"Jalan P11, Presint 11, Putrajaya, 62300, Malaysia"
125,23/10/2015,12:00:06,indian,male,fat,44.0,no,no_kids,19.0,5.0,14.045362392295996,2.941856911,101.7165176,"Presint 15, Putrajaya, 62000, Malaysia"
126,23/10/2015,12:00:06,malay,male,fat,39.40782991962665,no,no_kids,40.0,1.0,12.0,2.965896954,101.6735648,"Middle Jogging Track P11D, Presint 11, Putrajaya, 62300, Malaysia"
127,23/10/2015,12:01:53,malay,male,thin,44.0,no,no_kids,34.0,2.0,18.0,2.945227113,101.7108932,"Jalan Perdana Timur A, Presint 1, Putrajaya, 62000, Malaysia"
128,23/10/2015,12:23:32,malay,female,thin,52.0,no,no_kids,23.0,4.0,16.0,2.906171995,101.7234891,"Jalan Haji Uda, Taman Nusa Idaman, Sepang, Selangor, 63450, Malaysia"
129,23/10/2015,12:57:44,malay,female,fat,39.0,no,no_kids,13.0,3.0,14.0,2.929545039,101.7080012,"Lebuh Wadi Ehsan, Presint 17, Putrajaya, 62150, Malaysia"
130,23/10/2015,15:17:25,malay,female,thin,31.0,no,no_kids,29.0,4.0,14.0,2.936136301,101.7118102,"PPAM Jintan, Jalan Alamanda 2, Presint 1, Putrajaya, 62000, Malaysia"
131,23/10/2015,16:06:01,malay,male,thin,31.0,no,no_kids,54.0,4.0,14.045362392295996,2.953809283,101.6512013,"Lebuhraya Maju, Cyberjaya, Sepang, Selangor, 62300, Malaysia"
132,23/10/2015,16:06:01,malay,female,fat,40.0,no,no_kids,36.0,2.0,14.0,2.949461681,101.729489,"Jalan Diplomatik 2/4, Presint Diplomatik, Putrajaya, 62050, Malaysia"
133,23/10/2015,16:11:32,malay,female,thin,28.0,yes,baby,16.0,5.0,21.0,2.919622323,101.7184368,"Limau Manis, Kampung Limau Manis, Sepang, Selangor, 63450, Malaysia"
134,23/10/2015,16:33:34,malay,female,moderate,41.0,no,no_kids,11.0,1.0,9.0,2.94747878,101.7418065,"Sepang, Selangor, 62050, Malaysia"
135,23/10/2015,17:31:48,malay,female,moderate,41.0,yes,toddler,28.0,3.0,14.0,2.921348541,101.646776,"Persiaran Ceria, Cyber 12, Cyberjaya, Sepang, Selangor, 63000, Malaysia"
136,23/10/2015,17:31:48,malay,female,fat,49.0,no,no_kids,41.0,0.0,20.0,2.924976939,101.6590791,"Enterprise Building 3, Persiaran Tasik, Cyber 7, Cyberjaya, Sepang, Selangor, 62100, Malaysia"
137,23/10/2015,19:47:39,chinese,female,thin,30.0,no,no_kids,25.0,5.0,15.0,2.956082645,101.7154615,"Persiaran Timur, Presint 12, Putrajaya, 62000, Malaysia"
138,23/10/2015,19:55:14,chinese,male,moderate,48.0,no,no_kids,19.0,4.0,13.0,2.949987021,101.6541451,"Jalan Teknokrat 1, Cyber 3, Cyberjaya, Sepang, Selangor, 63200, Malaysia"
139,23/10/2015,20:08:58,chinese,female,moderate,34.0,no,no_kids,15.0,0.0,11.0,2.963425135,101.741978,"Jalan Institusi, Seksyen 11, Bandar Baru Bangi, Sepang, Selangor, 62500, Malaysia"
140,23/10/2015,20:39:42,foreigner,male,thin,39.40782991962665,no,no_kids,36.0,4.0,12.0,2.940328973,101.7055251,"Kompleks D, Persiaran Sultan Salahuddin Abdul Aziz Shah, Presint 1, Putrajaya, 62519, Malaysia"
141,23/10/2015,21:18:54,foreigner,female,thin,39.0,no,young,11.0,1.0,20.0,2.938166689,101.6621167,"LimKokWing University College, Jalan Teknokrat 1/1, Cyber 4, Cyberjaya, Sepang, Selangor, 61250, Malaysia"
142,23/10/2015,21:51:00,malay,female,moderate,39.40782991962665,yes,toddler,54.0,3.0,18.0,2.923160209,101.6656603,"Cyberview Lodge Resort and Spa, Persiaran Tasik, Cyber 7, Cyberjaya, Sepang, Selangor, 62100, Malaysia"
143,23/10/2015,22:31:34,indian,female,fat,40.0,yes,young,53.0,1.0,18.0,2.916494544,101.7354934,"Jalan Haji Omar 2/6, Kampung Desa Putra, Sepang, Selangor, 63450, Malaysia"
144,23/10/2015,22:58:27,chinese,female,thin,42.0,no,no_kids,19.0,1.0,17.0,2.963186713,101.6832483,"Jalan P11, Presint 11, Putrajaya, 62300, Malaysia"
145,23/10/2015,23:38:01,malay,female,fat,39.40782991962665,no,no_kids,43.0,5.0,14.0,2.928833077,101.7399022,"Jalan Sungai Merab Dalam, Kampung Desa Putra, Kampung Sungai Merab Ulu, Sepang, Selangor, 63450, Malaysia"
146,24/10/2015,0:18:48,chinese,male,fat,36.0,no,no_kids,58.0,3.0,19.0,2.918699478,101.6941536,"Jalan P18 C, Presint 18, Putrajaya, 62150, Malaysia"
147,24/10/2015,0:38:01,malay,female,thin,28.0,yes,baby,17.0,3.0,21.0,2.906957309,101.6511576,"HASIL, Lingkaran Cyber Point Barat, Cyber 12, Cyberjaya, Sepang, Selangor, 63000, Malaysia"
148,24/10/2015,1:31:38,malay,male,fat,53.0,no,no_kids,26.0,2.0,8.0,2.945394523,101.7070453,"Kompleks F, Jalan Perdana Timur A, Presint 1, Putrajaya, 62000, Malaysia"
149,24/10/2015,6:44:22,malay,male,thin,42.0,no,no_kids,22.0,5.0,8.0,2.943783594,101.731658,"Presint 15, Putrajaya, 62050, Malaysia"
150,24/10/2015,6:56:49,chinese,female,moderate,39.0,no,no_kids,28.0,4.0,15.0,2.972629888,101.7191107,"Lebuhraya Lembah Klang Selatan, IOI Resort City, Sepang, Selangor, 62502, Malaysia"
151,24/10/2015,8:51:44,malay,male,fat,40.0,no,no_kids,51.0,4.0,14.0,2.935676597,101.7274257,"Presint 15, Putrajaya, 62050, Malaysia"
152,24/10/2015,9:07:33,indian,female,thin,41.0,no,no_kids,48.0,0.0,11.0,2.911565983,101.7095475,"Kampung Limau Manis, Sepang, Selangor, 62150, Malaysia"
153,24/10/2015,9:22:05,malay,female,moderate,50.0,no,no_kids,36.0,0.0,13.0,2.93940093,101.6495988,"MEX, Cyberjaya, Sepang, Selangor, 63200, Malaysia"
154,24/10/2015,9:23:10,malay,female,moderate,48.0,no,no_kids,57.0,3.0,10.0,2.971197986,101.6686288,"Lebuhraya Maju, Sepang, Selangor, 62300, Malaysia"
155,24/10/2015,9:23:10,malay,female,thin,42.0,no,no_kids,19.0,3.0,20.0,2.946191658,101.7327251,"Presint 15, Putrajaya, 62050, Malaysia"
156,24/10/2015,9:24:29,malay,male,moderate,51.0,no,no_kids,45.0,0.0,11.0,2.938586136,101.6421316,"Kelab Komuniti Taman Tasik Cyberjaya, Persiaran Semarak Api, Cyber 11, Cyberjaya, Sepang, Selangor, 63200, Malaysia"
157,24/10/2015,10:30:48,chinese,female,thin,54.0,no,no_kids,11.0,5.0,7.0,2.96041273,101.6703822,"Presint 11, Putrajaya, 62300, Malaysia"
158,24/10/2015,10:30:48,malay,male,thin,50.0,yes,toddler,21.0,5.0,13.0,2.971906764,101.7333458,"Universiti Tenaga Nasional (Kampus Putrajaya), Lebuhraya Lembah Klang Selatan, IOI Resort City, Sepang, Selangor, 62502, Malaysia"
159,24/10/2015,10:47:32,malay,female,fat,44.0,no,no_kids,39.0,5.0,19.0,2.962840565,101.6707429,"Presint 11, Putrajaya, 62300, Malaysia"
160,24/10/2015,10:59:09,malay,female,fat,39.40782991962665,no,no_kids,35.67082167387433,0.0,12.0,2.95610342,101.7455091,"Lorong DB16, Kampung Dato' Abu Bakar Baginda, Sepang, Selangor, 43650, Malaysia"
161,24/10/2015,11:12:18,malay,female,moderate,45.0,yes,young,35.67082167387433,0.0,19.0,2.939959365,101.6843272,"Kompleks Sekolah Bestari Presint 8, Jalan P8 A, Presint 8, Putrajaya, 62250, Malaysia"
162,24/10/2015,11:32:11,malay,male,fat,41.0,yes,young,59.0,1.0,15.0,2.904171206,101.7115568,"Persiaran Desa Pinggiran Putra 2, Desa Pinggiran Putra, Sepang, Selangor, 62150, Malaysia"
163,24/10/2015,11:34:26,indian,female,moderate,37.0,no,no_kids,35.67082167387433,5.0,18.0,2.963192269,101.6578329,"Sepang, Selangor, 62300, Malaysia"
164,24/10/2015,12:00:51,indian,female,moderate,35.0,no,no_kids,35.67082167387433,4.0,7.0,2.925180031,101.6878806,"Perbendaharaan Negara, Persiaran Perdana, Presint 2, Putrajaya, 62675, Malaysia"
165,24/10/2015,12:14:54,chinese,male,thin,53.0,no,baby,17.0,3.0,10.0,2.908187096,101.6391063,"Cyber 9, Cyberjaya, Sepang, Selangor, 63000, Malaysia"
166,24/10/2015,12:37:44,chinese,male,moderate,53.0,no,no_kids,29.0,0.0,10.0,2.932600311,101.6594659,"Putrajaya Link, Cyber 4, Cyberjaya, Sepang, Selangor, 63200, Malaysia"
167,24/10/2015,13:05:01,chinese,male,moderate,51.0,no,no_kids,38.0,4.0,14.0,2.931545986,101.6823876,"Presint 8, Putrajaya, 62250, Malaysia"
168,24/10/2015,13:30:48,malay,female,moderate,32.0,no,no_kids,48.0,1.0,13.0,2.971431589,101.7405171,"Petronas Research, Lebuhraya Utara–Selatan, Majlis Perbandaran Kajang, Hulu Langat, Selangor, 43650, Malaysia"
169,24/10/2015,13:37:15,malay,female,thin,52.0,no,no_kids,58.0,1.0,12.0,2.912918927,101.7331987,"Jalan Seri Saujana 6, Taman Seri Saujana, Sepang, Selangor, 63450, Malaysia"
170,24/10/2015,13:37:15,malay,female,thin,50.0,no,no_kids,11.0,3.0,13.0,2.908755511,101.6887063,"Jambatan Seri Setia, Lebuh Wadi Ehsan, Putrajaya, 62100, Malaysia"
171,24/10/2015,14:07:01,malay,male,moderate,31.0,no,no_kids,56.0,1.0,17.0,2.914610198,101.6718867,"Jalan 1/3, Perdana Lakeview East, Cyberjaya, Sepang, Selangor, 62100, Malaysia"
172,24/10/2015,14:28:38,indian,female,moderate,54.0,no,no_kids,11.0,5.0,17.0,2.955138899,101.6788419,"Presint 11, Putrajaya, 61250, Malaysia"
173,24/10/2015,14:39:02,foreigner,male,thin,47.0,no,no_kids,22.0,0.0,14.0,2.959588224,101.7137654,"Persiaran Timur, Presint 12, Putrajaya, 62502, Malaysia"
174,24/10/2015,14:51:31,chinese,female,moderate,39.0,no,no_kids,37.0,3.0,18.0,2.969093026,101.6918532,"Presint 11, Putrajaya, 62300, Malaysia"
175,24/10/2015,14:55:41,indian,female,thin,50.0,no,no_kids,19.0,3.0,17.0,2.959252251,101.666786,"Presint 11, Putrajaya, 62300, Malaysia"
176,24/10/2015,15:01:59,indian,male,moderate,34.0,no,no_kids,56.0,3.0,10.0,2.927328854,101.6759946,"Lebuh Sentosa, Putrajaya, 62250, Malaysia"
177,24/10/2015,15:20:20,malay,female,thin,47.0,no,no_kids,42.0,0.0,7.0,2.931887212,101.6407213,"Universiti Multimedia, Persiaran Multimedia, Cyber 11, Cyberjaya, Sepang, Selangor, 63000, Malaysia"
178,24/10/2015,15:30:07,malay,female,fat,40.0,no,no_kids,20.0,3.0,13.0,2.939454169,101.639956,"Setia Eco Glades, Cyberjaya, Sepang, Selangor, 63200, Malaysia"
179,24/10/2015,15:30:07,chinese,female,thin,51.0,no,no_kids,14.0,2.0,7.0,2.965380492,101.6358077,"Kampung Pulau Meranti, Sepang, Selangor, 47120, Malaysia"
180,24/10/2015,15:30:07,chinese,male,moderate,37.0,no,no_kids,16.0,1.0,20.0,2.934599617,101.6622515,"Persiaran APEC, Cyber 4, Cyberjaya, Sepang, Selangor, 61250, Malaysia"
181,24/10/2015,17:07:48,malay,female,moderate,40.0,no,no_kids,37.0,2.0,10.0,2.913977854,101.7214809,"Lengkok Mekar 2, Sepang, Selangor, 63450, Malaysia"
182,24/10/2015,17:07:48,malay,female,thin,54.0,yes,young,38.0,0.0,14.0,2.953151892,101.6457876,"Sepang, Selangor, 47120, Malaysia"
183,24/10/2015,17:32:53,indian,female,moderate,39.40782991962665,no,no_kids,58.0,5.0,15.0,2.947404674,101.7225155,"Jalan P14L, Presint 14, Putrajaya, 62050, Malaysia"
184,24/10/2015,18:56:36,indian,female,moderate,49.0,no,no_kids,18.0,3.0,10.0,2.957236712,101.6394192,"Sepang, Selangor, 47120, Malaysia"
185,24/10/2015,19:02:34,indian,female,thin,39.0,no,no_kids,24.0,3.0,20.0,2.95109411,101.7134341,"Persiaran Timur, Presint 12, Putrajaya, 62000, Malaysia"
186,24/10/2015,19:39:23,malay,male,thin,41.0,no,no_kids,53.0,2.0,7.0,2.963450278,101.6887548,"Presint 11, Putrajaya, 61250, Malaysia"
187,24/10/2015,19:39:23,chinese,female,moderate,40.0,no,no_kids,34.0,4.0,8.0,2.935396969,101.742992,"Jalan Sungai Merab Dalam, Kampung Desa Putra, Kampung Sungai Merab Ulu, Sepang, Selangor, 63450, Malaysia"
188,24/10/2015,20:03:39,malay,male,thin,41.0,no,no_kids,16.0,2.0,15.0,2.958858058,101.6947694,"Presint 13, Putrajaya, 62502, Malaysia"
189,24/10/2015,20:07:19,chinese,female,thin,51.0,no,no_kids,35.0,3.0,20.0,2.92627066,101.7287669,"Puncak Pinggiran Putra, Sepang, Selangor, 63450, Malaysia"
190,24/10/2015,20:59:01,malay,female,fat,29.0,no,no_kids,45.0,1.0,9.0,2.935001243,101.6394673,"Cyber 1, Cyberjaya, Sepang, Selangor, Malaysia"
191,24/10/2015,20:59:01,malay,female,fat,45.0,no,no_kids,42.0,2.0,8.0,2.934964024,101.7319388,"Presint 15, Putrajaya, 62050, Malaysia"
192,24/10/2015,20:59:01,malay,female,fat,54.0,no,no_kids,50.0,5.0,14.0,2.934500834,101.6301718,"Lepironia Garden, Setia Eco Glades, Cyberjaya, Sepang, Selangor, 63200, Malaysia"
193,24/10/2015,21:06:04,indian,male,moderate,45.0,no,no_kids,55.0,1.0,14.0,2.945916206,101.7466365,"Ibu Pejabat Agensi Antidadah Kebangsaan, Jalan Bukit 1, Majlis Perbandaran Kajang, Selangor, 43000, Malaysia"
194,24/10/2015,21:12:32,malay,female,fat,39.0,no,no_kids,29.0,3.0,14.0,2.960308476,101.7017119,"Presint 13, Putrajaya, 62502, Malaysia"
195,24/10/2015,21:12:32,malay,female,thin,53.0,no,no_kids,19.0,3.0,15.0,2.967103729,101.7250105,"Universiti Tenaga Nasional (Kampus Putrajaya), Lebuhraya Lembah Klang Selatan, IOI Resort City, Sepang, Selangor, 62502, Malaysia"
196,24/10/2015,21:45:54,malay,female,thin,37.0,no,no_kids,53.0,3.0,21.0,2.938023108,101.6986246,"Kompleks C, Lebuh Perdana Selatan, Presint 1, Putrajaya, 62514, Malaysia"
197,24/10/2015,21:45:54,malay,male,fat,50.0,no,no_kids,53.0,5.0,21.0,2.954296233,101.7289079,"Jalan P14, Presint 14, Putrajaya, 62500, Malaysia"
198,24/10/2015,23:32:46,chinese,female,thin,34.0,no,no_kids,24.0,5.0,17.0,2.907214587,101.7204091,"Sepang, Selangor, 63450, Malaysia"
199,24/10/2015,23:40:46,indian,male,thin,46.0,no,no_kids,52.0,3.0,14.0,2.934446367,101.7068809,"Danau Mutiara, Jalan P16/1, Presint 16, Putrajaya, 62150, Malaysia"
200,24/10/2015,23:47:35,malay,male,thin,33.0,no,no_kids,59.0,0.0,21.0,2.956628239,101.6924876,"Jalan P11A 6/1, Presint 11, Putrajaya, 61250, Malaysia"
201,25/10/2015,0:08:09,malay,male,fat,42.0,no,no_kids,39.0,3.0,7.0,2.914232837,101.6770645,"Jambatan Seri Saujana, Lebuh Saujana, Presint 4, Putrajaya, 62100, Malaysia"
202,25/10/2015,0:11:08,malay,male,fat,50.0,no,no_kids,15.0,4.0,20.0,2.908522335,101.7102631,"Jalan Pinggiran Putra 1/11, Desa Pinggiran Putra, Sepang, Selangor, 62150, Malaysia"
203,25/10/2015,1:29:47,chinese,female,fat,54.0,no,no_kids,29.0,5.0,8.0,2.969853108,101.7228356,"IOI Resort City, Sepang, Selangor, 62502, Malaysia"
204,25/10/2015,8:15:00,chinese,male,thin,38.0,no,no_kids,24.0,3.0,14.0,2.930409306,101.6978024,"Lebuh Perdana Selatan, Presint 16, Putrajaya, 62150, Malaysia"
205,25/10/2015,8:15:00,chinese,female,thin,30.0,no,no_kids,36.0,1.0,15.0,2.924422945,101.6926708,"Kementerian Luar Negeri (Wisma Putra), Lebuh Bestari, Putrajaya, 62150, Malaysia"
206,25/10/2015,8:17:23,malay,male,fat,54.0,no,no_kids,16.0,1.0,21.0,2.924179969,101.7160804,"Sepang, Selangor, Malaysia"
207,26/10/2015,8:40:01,malay,female,moderate,47.0,no,no_kids,13.0,4.0,16.0,2.921285236,101.7428619,"Jalan Sungai Merab, Kampung Desa Putra, Kampung Sungai Merab Ulu, Sepang, Selangor, 63450, Malaysia"
208,26/10/2015,8:40:01,malay,male,thin,29.0,no,no_kids,52.0,0.0,14.0,2.949445908,101.6366304,"Cyber 2, Sepang, Selangor, 47120, Malaysia"
209,26/10/2015,8:40:01,malay,female,fat,46.0,no,no_kids,43.0,3.0,7.0,2.903899253,101.7467809,"Sepang, Selangor, 63450, Malaysia"
210,26/10/2015,8:40:01,malay,male,moderate,41.0,yes,baby,13.0,2.0,10.0,2.918568826,101.6655585,"Nyonya Valley Restaurant, Lebuhraya Damansara‒Puchong ‒ Putrajaya dan Cyberjaya, Cyber 7, Cyberjaya, Sepang, Selangor, 62200, Malaysia"
211,26/10/2015,9:15:05,indian,male,moderate,41.0,no,no_kids,26.0,1.0,10.0,2.917723073,101.7385997,"Jalan Omar, Kampung Desa Putra, Sepang, Selangor, 63450, Malaysia"
212,29/10/2015,21:19:48,chinese,female,moderate,42.0,no,no_kids,35.0,3.0,11.0,2.948750936,101.6883207,"Presint 10, Putrajaya, 61250, Malaysia"
213,29/10/2015,21:28:23,chinese,female,fat,32.0,no,no_kids,44.0,2.0,14.0,2.94215071,101.6661886,"Lebuhraya Damansara‒Puchong ‒ Putrajaya dan Cyberjaya, Cyber 3, Cyberjaya, Sepang, Selangor, 62300, Malaysia"
214,29/10/2015,21:28:23,malay,male,fat,35.0,no,no_kids,56.0,5.0,14.0,2.946104338,101.6782598,"Presint 9, Putrajaya, 61250, Malaysia"
215,29/10/2015,21:30:29,foreigner,female,fat,45.0,no,no_kids,37.0,2.0,18.0,2.91708056,101.7063833,"Presint 17, Putrajaya, 62150, Malaysia"
216,29/10/2015,21:49:52,indian,male,moderate,39.40782991962665,yes,young,54.0,3.0,11.0,2.929293961,101.7216268,"Sepang, Selangor, 63450, Malaysia"
217,29/10/2015,21:59:25,malay,female,fat,47.0,no,no_kids,16.0,3.0,8.0,2.932200514,101.6887817,"Jalan P2 A, Presint 2, Putrajaya, 62675, Malaysia"
218,29/10/2015,21:59:25,malay,male,fat,34.0,no,no_kids,49.0,0.0,20.0,2.958225344,101.6816153,"Presint 11, Putrajaya, 61250, Malaysia"
219,29/10/2015,21:59:25,malay,female,moderate,44.0,no,no_kids,25.0,4.0,12.0,2.970728476,101.7225717,"IOI Resort City, Sepang, Selangor, 62502, Malaysia"
220,29/10/2015,22:38:51,indian,male,fat,38.0,no,no_kids,51.0,1.0,18.0,2.960950706,101.7416634,"Jalan Mawar Putih, Kampung Dato' Abu Bakar Baginda, Majlis Perbandaran Kajang, Hulu Langat, Selangor, 43650, Malaysia"
221,30/10/2015,18:53:06,malay,male,thin,49.0,no,no_kids,16.0,0.0,8.0,2.930343851,101.6973027,"Lebuh Perdana Selatan, Presint 16, Putrajaya, 62150, Malaysia"
222,01/11/2015,6:44:39,malay,female,moderate,47.0,no,no_kids,23.0,1.0,16.0,2.951659203,101.7083832,"Presint 12, Putrajaya, 62000, Malaysia"
223,01/11/2015,7:15:46,malay,female,thin,39.40782991962665,no,no_kids,15.0,0.0,11.0,2.969799293,101.6626852,"Lebuhraya Maju, 16 Sierra, Sepang, Selangor, 47110, Malaysia"
224,01/11/2015,7:49:27,indian,male,thin,52.0,no,no_kids,32.0,5.0,16.0,2.923524901,101.7374016,"Taman Casa Mekar, Kampung Sungai Merab Ulu, Sepang, Selangor, 63450, Malaysia"
225,01/11/2015,8:07:53,malay,male,fat,29.0,yes,young,30.0,2.0,11.0,2.959053443,101.6525998,"Cyberjaya, Sepang, Selangor, 47120, Malaysia"
226,02/11/2015,13:32:51,foreigner,male,thin,44.0,no,no_kids,11.0,4.0,8.0,2.943017762,101.7169631,"Lebuh Perdana Timur, Putrajaya, 62000, Malaysia"
227,02/11/2015,13:54:53,indian,male,moderate,50.0,no,no_kids,26.0,3.0,12.0,2.927838796,101.6800139,"Texas Chicken, Jalan P8 G, Presint 8, Putrajaya, 62250, Malaysia"
228,02/11/2015,14:29:06,malay,female,fat,34.0,no,no_kids,22.0,5.0,16.0,2.943391953,101.6838972,"Presint 10, Putrajaya, 62250, Malaysia"
229,02/11/2015,14:40:43,malay,female,moderate,53.0,no,no_kids,22.0,0.0,15.0,2.955817524,101.6291738,"Sepang, Selangor, 47120, Malaysia"
230,02/11/2015,14:50:13,malay,male,fat,39.40782991962665,no,no_kids,60.0,4.0,14.0,2.933546101,101.6685273,"Presint 7, Putrajaya, 62250, Malaysia"
231,02/11/2015,14:50:13,malay,male,moderate,39.40782991962665,no,no_kids,32.0,4.0,9.0,2.945753843,101.7205461,"Jalan P14, Presint 14, Putrajaya, 62500, Malaysia"
232,02/11/2015,15:15:59,indian,female,thin,36.0,no,no_kids,17.0,4.0,19.0,2.908471426,101.6472248,"HP Global Centre, Persiaran Ceria, Cyber 8, Cyberjaya, Sepang, Selangor, 63000, Malaysia"
233,02/11/2015,15:20:26,malay,male,thin,43.0,no,no_kids,21.0,0.0,13.0,2.949665041,101.7160896,"Jalan P14C 1, Presint 14, Putrajaya, 62050, Malaysia"
234,02/11/2015,17:19:17,malay,female,fat,44.0,no,no_kids,30.0,5.0,10.0,2.944287621,101.7450908,"Jalan Utama 3, Sepang, Selangor, 43650, Malaysia"
235,02/11/2015,17:23:07,malay,female,fat,50.0,no,no_kids,19.0,0.0,15.0,2.938080613,101.6446418,"Kelab Komuniti Taman Tasik Cyberjaya, Persiaran Semarak Api, Cyber 11, Cyberjaya, Sepang, Selangor, 63200, Malaysia"
236,02/11/2015,17:23:07,malay,female,fat,55.0,no,no_kids,28.0,3.0,18.0,2.951148551,101.6999127,"Presint 1, Putrajaya, 62519, Malaysia"
237,02/11/2015,17:43:38,malay,female,moderate,29.0,no,no_kids,41.0,3.0,16.0,2.944442879,101.6932413,"Putrajaya Seafood Restaurant, Lebuh Perdana Barat, Presint 1, Putrajaya, 62514, Malaysia"
238,02/11/2015,17:47:23,indian,female,thin,28.0,no,no_kids,19.0,0.0,11.0,2.968831167,101.6437951,"Cyberjaya, Sepang, Selangor, 47120, Malaysia"
239,02/11/2015,18:06:43,malay,male,fat,35.0,no,no_kids,22.0,1.0,8.0,2.908265235,101.646757,"HP Global Centre, Persiaran Ceria, Cyber 8, Cyberjaya, Sepang, Selangor, 63000, Malaysia"
240,02/11/2015,18:18:21,malay,male,moderate,46.0,no,no_kids,43.0,1.0,13.0,2.920281423,101.6988294,"Jalan P18 D1/1, Presint 18, Putrajaya, 62150, Malaysia"
241,02/11/2015,18:39:35,indian,male,moderate,50.0,no,no_kids,26.0,4.0,16.0,2.94598195,101.6560701,"Persiaran APEC, Cyber 3, Cyberjaya, Sepang, Selangor, 62300, Malaysia"
242,02/11/2015,18:39:35,malay,female,thin,33.0,no,no_kids,32.0,5.0,9.0,2.937364649,101.6856716,"Presint 8, Putrajaya, 62250, Malaysia"
243,02/11/2015,19:00:24,malay,female,moderate,34.0,no,no_kids,53.0,0.0,9.0,2.934838576,101.7238196,"Presint 15, Putrajaya, 62000, Malaysia"
244,02/11/2015,19:02:13,malay,male,fat,40.0,no,no_kids,48.0,3.0,11.0,2.936138329,101.7184584,"Presint 15, Putrajaya, 62000, Malaysia"
245,02/11/2015,19:00:14,malay,female,fat,33.0,no,no_kids,44.0,2.0,11.0,2.914790045,101.6915935,"SK Putrajaya Presint 18 (2), Jalan P18 G, Presint 18, Putrajaya, 62100, Malaysia"
246,02/11/2015,19:14:08,indian,female,moderate,52.0,no,no_kids,11.0,2.0,9.0,2.960788038,101.6495573,"Kawasan Perindustrian Meranti Utama, Sepang, Selangor, 47110, Malaysia"
247,02/11/2015,19:14:08,chinese,male,fat,54.0,no,no_kids,50.0,5.0,9.0,2.935664733,101.7007438,"Jabatan Perkhidmatan Awam, Laluan Laman Putra 2, Presint 1, Putrajaya, 62519, Malaysia"
248,02/11/2015,19:35:06,malay,female,moderate,38.0,no,no_kids,33.0,0.0,18.0,2.916069594,101.7182686,"Kampung Limau Manis, Sepang, Selangor, 62150, Malaysia"
249,02/11/2015,19:36:41,foreigner,male,thin,43.0,no,no_kids,39.0,2.0,10.0,2.908670847,101.7407729,"Jalan Saujana 2/12, Taman Desa Saujana, Sepang, Selangor, 63450, Malaysia"
250,02/11/2015,19:49:45,foreigner,male,thin,45.0,no,no_kids,51.0,0.0,14.0,2.935895507,101.6683542,"Cyberjaya, Sepang, Selangor, 61250, Malaysia"
251,02/11/2015,20:11:16,malay,male,moderate,52.0,no,no_kids,27.0,0.0,21.0,2.91131555,101.679802,"Jalan Perpaduan, Presint 4, Putrajaya, 62100, Malaysia"
252,02/11/2015,20:11:16,malay,female,fat,37.0,no,no_kids,49.0,4.0,21.0,2.949295895,101.6396812,"Putrajaya Link, Cyber 2, Cyberjaya, Sepang, Selangor, 63200, Malaysia"
253,02/11/2015,20:43:51,malay,male,fat,41.0,no,no_kids,39.0,4.0,10.0,2.924567622,101.7276728,"Puncak Pinggiran Putra, Sepang, Selangor, 63450, Malaysia"
254,02/11/2015,21:21:52,malay,male,fat,45.0,no,no_kids,56.0,5.0,8.0,2.948343024,101.6529578,"Lebuhraya Maju, Cyberjaya, Sepang, Selangor, 63200, Malaysia"
255,02/11/2015,21:31:46,malay,female,thin,53.0,no,no_kids,35.0,4.0,16.0,2.914400354,101.7357973,"Jalan Keruing 8/2, Kampung Desa Putra, Sepang, Selangor, 63450, Malaysia"
256,02/11/2015,21:36:02,malay,male,thin,39.0,no,no_kids,43.0,5.0,14.0,2.923221244,101.649769,"Lingkaran Cyber Point Timur, Cyber 12, Cyberjaya, Sepang, Selangor, 63200, Malaysia"
257,02/11/2015,22:08:41,indian,male,moderate,32.0,no,no_kids,18.0,1.0,14.0,2.973088648,101.6651585,"Lebuhraya Lembah Klang Selatan, Sepang, Selangor, 62300, Malaysia"
258,02/11/2015,22:10:28,malay,female,thin,39.40782991962665,no,no_kids,43.0,0.0,7.0,2.911870442,101.6832623,"SEDA Malaysia, Persiaran Perdana, Presint 4, Putrajaya, 62100, Malaysia"
259,02/11/2015,23:09:00,indian,female,thin,33.0,no,no_kids,54.0,5.0,7.0,2.933525997,101.7384456,"Kampung Sungai Merab Ulu, Sepang, Selangor, 63450, Malaysia"
260,02/11/2015,23:12:22,indian,female,fat,46.0,no,no_kids,39.0,5.0,17.0,2.912532462,101.6392835,"Symphony Hills, Cyberjaya, Sepang, Selangor, 63000, Malaysia"
261,02/11/2015,23:14:25,indian,female,fat,30.0,no,no_kids,14.0,2.0,21.0,2.909648859,101.7357739,"Jalan Saujana 2/4, Taman Desa Saujana, Sepang, Selangor, 63450, Malaysia"
262,03/11/2015,0:26:16,chinese,male,moderate,55.0,no,no_kids,29.0,5.0,12.0,2.934576867,101.6463404,"Majlis Perbandaran Sepang, Persiaran Semarak Api, Cyber 11, Cyberjaya, Sepang, Selangor, 63200, Malaysia"
263,03/11/2015,0:34:09,indian,female,thin,30.0,no,no_kids,31.0,4.0,8.0,2.944681298,101.6922647,"Putrajaya Seafood Restaurant, Lebuh Perdana Barat, Presint 1, Putrajaya, 62514, Malaysia"
264,03/11/2015,0:54:05,malay,male,fat,34.0,no,no_kids,27.0,1.0,13.0,2.917023107,101.700027,"Presint 18, Putrajaya, 62150, Malaysia"
265,03/11/2015,1:14:32,indian,female,fat,39.0,no,no_kids,31.0,1.0,9.0,2.92694313,101.6567547,"Persiaran APEC, Cyber 6, Cyberjaya, Sepang, Selangor, 63200, Malaysia"
266,03/11/2015,8:09:27,chinese,female,fat,41.0,no,no_kids,34.0,1.0,14.0,2.938845758,101.6630768,"LimKokWing University College, Jalan Teknokrat 1/1, Cyber 4, Cyberjaya, Sepang, Selangor, 61250, Malaysia"
267,03/11/2015,8:51:31,chinese,male,fat,39.40782991962665,no,no_kids,32.0,1.0,16.0,2.918683142,101.7328589,"Jalan Bukit Dugang, Kampung Desa Putra, Sepang, Selangor, 63450, Malaysia"
268,03/11/2015,9:20:56,indian,male,moderate,35.0,no,no_kids,11.0,1.0,13.0,2.914040327,101.6617645,"Lebuhraya Damansara‒Puchong ‒ Putrajaya dan Cyberjaya, Cyber 7, Cyberjaya, Sepang, Selangor, 62200, Malaysia"
269,03/11/2015,10:39:34,malay,female,thin,34.0,no,no_kids,54.0,3.0,15.0,2.930154141,101.6609396,"Putrajaya Link, Cyber 4, Cyberjaya, Sepang, Selangor, 63200, Malaysia"
270,03/11/2015,14:27:01,chinese,male,moderate,55.0,no,no_kids,24.0,5.0,16.0,2.917883712,101.719975,"Kampung Limau Manis, Sepang, Selangor, 62150, Malaysia"
271,03/11/2015,15:22:19,indian,female,moderate,47.0,no,no_kids,49.0,3.0,11.0,2.926158683,101.6418201,"Universiti Multimedia, Persiaran Multimedia, Cyber 11, Cyberjaya, Sepang, Selangor, 63000, Malaysia"
272,03/11/2015,17:15:38,chinese,male,thin,45.0,no,no_kids,45.0,0.0,18.0,2.940978723,101.6433598,"Kelab Komuniti Taman Tasik Cyberjaya, Persiaran Semarak Api, Cyber 11, Cyberjaya, Sepang, Selangor, 63200, Malaysia"
273,03/11/2015,17:51:32,malay,female,fat,31.0,no,no_kids,51.0,1.0,18.0,2.928152378,101.7331086,"Puncak Pinggiran Putra, Sepang, Selangor, 63450, Malaysia"
274,03/11/2015,18:47:12,chinese,female,thin,41.0,no,no_kids,18.0,3.0,16.0,2.928966658,101.703524,"Jalan P16D, Presint 16, Putrajaya, 62150, Malaysia"
275,03/11/2015,19:16:59,foreigner,male,thin,42.0,no,no_kids,16.0,2.0,15.0,2.939141274,101.6448118,"Kelab Komuniti Taman Tasik Cyberjaya, Persiaran Semarak Api, Cyber 11, Cyberjaya, Sepang, Selangor, 63200, Malaysia"
276,03/11/2015,19:37:38,foreigner,female,fat,36.0,no,no_kids,14.0,3.0,19.0,2.948545067,101.7300481,"Jalan Diplomatik 2/4, Presint Diplomatik, Putrajaya, 62050, Malaysia"
277,03/11/2015,19:37:38,foreigner,female,fat,54.0,no,no_kids,48.0,5.0,20.0,2.909665212,101.7179025,"Persiaran Timur, Kampung Limau Manis, Sepang, Selangor, 62000, Malaysia"
278,03/11/2015,19:40:43,chinese,female,thin,44.0,no,no_kids,29.0,0.0,7.0,2.951422754,101.731309,"Poslaju, Jalan Industri Putra 1, Presint 14, Putrajaya, 62050, Malaysia"
279,03/11/2015,19:40:43,malay,female,moderate,47.0,no,no_kids,42.0,3.0,7.0,2.910426184,101.6647436,"Sekolah Seri Puteri Cyberjaya, Persiaran Tasik, Cyber 7, Cyberjaya, Sepang, Selangor, 62100, Malaysia"
280,03/11/2015,19:40:43,malay,female,moderate,47.0,no,no_kids,43.0,3.0,12.0,2.951708147,101.6310818,"Cyber 2, Sepang, Selangor, 47130, Malaysia"
281,03/11/2015,20:20:31,malay,male,fat,29.0,no,no_kids,60.0,5.0,15.0,2.954490883,101.7302788,"Kampung Dato' Abu Bakar Baginda, Putrajaya, 62500, Malaysia"
282,03/11/2015,20:22:04,malay,female,fat,41.0,no,no_kids,29.0,4.0,7.0,2.934852095,101.6800077,"Jalan P8 E/1, Presint 8, Putrajaya, 62250, Malaysia"
283,03/11/2015,20:44:37,malay,female,thin,50.0,no,no_kids,37.0,4.0,20.0,2.92262312,101.6290685,"Taman Sains Selangor 2, Sepang, Selangor, 63000, Malaysia"
284,03/11/2015,21:13:30,malay,female,fat,54.0,no,no_kids,23.0,1.0,7.0,2.916176537,101.744742,"Taman Sentosa Mekar, Sepang, Selangor, 63450, Malaysia"
285,03/11/2015,21:15:51,malay,female,fat,48.0,no,no_kids,11.0,5.0,14.0,2.963808387,101.6600931,"Lebuhraya Damansara‒Puchong ‒ Putrajaya dan Cyberjaya, Cyber 3, Cyberjaya, Sepang, Selangor, 62300, Malaysia"
286,03/11/2015,21:15:51,chinese,female,thin,41.0,no,no_kids,60.0,5.0,18.0,2.970555551,101.6721027,"Presint 11, Putrajaya, 62300, Malaysia"
287,03/11/2015,21:26:53,malay,male,fat,29.0,no,no_kids,27.0,0.0,17.0,2.923960232,101.6466016,"Persiaran Ceria, Cyber 12, Cyberjaya, Sepang, Selangor, 63000, Malaysia"
288,03/11/2015,21:30:09,malay,male,thin,34.0,no,no_kids,15.0,1.0,15.0,2.966209275,101.7455878,"Jalan Persiaran Usahawan, Seksyen 9, Bandar Baru Bangi, Majlis Perbandaran Kajang, Hulu Langat, Selangor, 43650, Malaysia"
289,03/11/2015,21:32:52,malay,male,fat,29.0,yes,young,12.0,1.0,20.0,2.926046437,101.7119397,"Persiaran Timur, Kampung Limau Manis, Sepang, Selangor, 62000, Malaysia"
290,03/11/2015,21:56:30,indian,male,moderate,39.40782991962665,no,no_kids,50.0,0.0,18.0,2.926598449,101.6409275,"Universiti Multimedia, Persiaran Multimedia, Cyber 11, Cyberjaya, Sepang, Selangor, 63000, Malaysia"
291,03/11/2015,21:58:24,malay,female,fat,43.0,no,toddler,54.0,2.0,21.0,2.93061256,101.6939196,"Presint 2, Putrajaya, 62675, Malaysia"
292,03/11/2015,22:32:11,malay,male,thin,32.0,no,no_kids,37.0,4.0,7.0,2.911749896,101.7255672,"Sepang, Selangor, 63450, Malaysia"
293,03/11/2015,22:33:00,malay,male,moderate,29.0,no,no_kids,45.0,2.0,9.0,2.937933841,101.6562815,"Putrajaya Link, Cyber 4, Cyberjaya, Sepang, Selangor, 63200, Malaysia"
294,03/11/2015,22:33:00,malay,female,thin,48.0,yes,toddler,17.0,5.0,18.0,2.94460642,101.722599,"Chatime, Jalan Diplomatik P15, Presint Diplomatik, Putrajaya, 62050, Malaysia"
295,03/11/2015,22:42:30,chinese,male,moderate,54.0,yes,young,46.0,3.0,18.0,2.926061332,101.7117079,"Persiaran Timur, Kampung Limau Manis, Sepang, Selangor, 62000, Malaysia"
296,03/11/2015,22:42:30,malay,male,moderate,42.0,no,no_kids,31.0,5.0,19.0,2.933072334,101.7428656,"Kampung Sungai Merab Jaya, Sepang, Selangor, 63450, Malaysia"
297,03/11/2015,23:30:29,malay,female,fat,35.0,no,no_kids,21.0,1.0,14.0,2.957069393,101.6707545,"Jalan P11, Presint 11, Putrajaya, 62300, Malaysia"
298,03/11/2015,23:30:29,malay,female,moderate,40.0,no,no_kids,49.0,3.0,13.0,2.904386788,101.7064919,"Persiaran Desa Pinggiran Putra 3, Desa Pinggiran Putra, Sepang, Selangor, 62150, Malaysia"
299,03/11/2015,23:39:34,malay,male,moderate,37.0,no,no_kids,15.0,0.0,7.0,2.916985714,101.6429315,"Jalan Beethoven 2, Symphony Hills, Cyberjaya, Sepang, Selangor, 63000, Malaysia"
300,03/11/2015,23:54:41,chinese,male,thin,31.0,no,no_kids,54.0,0.0,18.0,2.968319216,101.7471253,"Jalan P/10, Seksyen 10, Bandar Baru Bangi, Majlis Perbandaran Kajang, Hulu Langat, Selangor, 43650, Malaysia"
301,03/11/2015,23:54:41,malay,female,thin,55.0,no,no_kids,20.0,3.0,10.0,2.922022975,101.6642776,"MCMC Parking, Jalan IMPACT, Cyber 6, Cyberjaya, Sepang, Selangor, 63000, Malaysia"
302,03/11/2015,23:54:41,chinese,male,thin,39.40782991962665,no,no_kids,22.0,2.0,21.0,2.914685672,101.682779,"Kementerian Pertanian dan Industri Makanan, Persiaran Perdana, Presint 4, Putrajaya, 62100, Malaysia"
303,04/11/2015,1:21:42,indian,male,thin,37.0,no,no_kids,35.67082167387433,3.0,9.0,2.963707503,101.7117114,"Palm Garden Golf Club, Persiaran Utara, IOI Resort City, Sepang, Selangor, 62500, Malaysia"
304,04/11/2015,1:35:20,malay,female,moderate,30.0,no,no_kids,39.0,2.0,15.0,2.962342707,101.6555812,"Lebuhraya Maju, 16 Sierra, Cyberjaya, Sepang, Selangor, 62300, Malaysia"
305,04/11/2015,1:56:39,indian,male,moderate,45.0,no,no_kids,35.67082167387433,3.0,18.0,2.954237707,101.7374635,"Lorong Haji Samsi, Kampung Dato' Abu Bakar Baginda, Sepang, Selangor, 62500, Malaysia"
306,04/11/2015,2:39:24,foreigner,female,fat,28.0,no,no_kids,22.0,1.0,20.0,2.922829261,101.7104236,"Spectrum International School, Persiaran Timur, Kampung Limau Manis, Sepang, Selangor, 62000, Malaysia"
307,04/11/2015,2:39:24,foreigner,female,moderate,44.0,no,no_kids,49.0,0.0,8.0,2.931169685,101.662908,"Cyberjaya, Sepang, Selangor, 61250, Malaysia"
308,04/11/2015,3:59:41,indian,male,moderate,33.0,no,no_kids,42.0,4.0,16.0,2.970966455,101.6698387,"Presint 11, Putrajaya, 62300, Malaysia"
309,04/11/2015,5:40:28,malay,male,moderate,32.0,no,no_kids,35.0,4.0,11.0,2.910689023,101.67458,"Yayasan Kepimpinan Perdana, Jambatan Seri Saujana, Presint 4, Putrajaya, 62100, Malaysia"
310,04/11/2015,7:25:24,malay,male,thin,37.0,no,no_kids,54.0,1.0,13.0,2.934458597,101.7177281,"Presint 15, Putrajaya, 62000, Malaysia"
311,04/11/2015,7:51:40,malay,male,moderate,39.0,no,no_kids,11.0,5.0,7.0,2.96958788,101.7254229,"Universiti Tenaga Nasional (Kampus Putrajaya), Lebuhraya Lembah Klang Selatan, IOI Resort City, Sepang, Selangor, 62502, Malaysia"
312,04/11/2015,8:47:54,indian,male,moderate,35.0,no,no_kids,55.0,2.0,17.0,2.968260802,101.6848408,"Presint 11, Putrajaya, 62300, Malaysia"
313,04/11/2015,9:12:22,indian,female,fat,36.0,no,no_kids,51.0,0.0,11.0,2.953458546,101.6651416,"Persiaran Harmoni, Cyber 3, Cyberjaya, Sepang, Selangor, 62300, Malaysia"
314,04/11/2015,9:51:50,malay,female,thin,39.40782991962665,yes,toddler,57.0,1.0,20.0,2.908012718,101.671837,"Persiaran Tasik, Cyber 7, Cyberjaya, Sepang, Selangor, 62100, Malaysia"
315,04/11/2015,10:00:57,malay,female,thin,48.0,no,no_kids,30.0,0.0,16.0,2.951961613,101.6610564,"Lebuhraya Damansara‒Puchong ‒ Putrajaya dan Cyberjaya, Cyber 3, Cyberjaya, Sepang, Selangor, 62300, Malaysia"
316,04/11/2015,10:00:57,chinese,female,thin,51.0,no,no_kids,24.0,5.0,19.0,2.963397093,101.722304,"IOI Resort City, Sepang, Selangor, 62502, Malaysia"
317,04/11/2015,10:01:50,malay,male,thin,28.0,no,toddler,12.0,3.0,9.0,2.91671785,101.6677269,"Perdana Lakeview West, Cyberjaya, Sepang, Selangor, 62100, Malaysia"
318,04/11/2015,10:29:45,malay,male,thin,44.0,no,no_kids,17.0,0.0,11.0,2.960871822,101.6574153,"Sepang, Selangor, 62300, Malaysia"
319,04/11/2015,11:41:09,indian,female,thin,34.0,no,no_kids,20.0,3.0,8.0,2.926339562,101.6691782,"Cyberview Lodge Resort and Spa, Persiaran Tasik, Cyber 7, Cyberjaya, Sepang, Selangor, 62100, Malaysia"
320,04/11/2015,11:58:34,indian,female,moderate,49.0,no,no_kids,19.0,5.0,9.0,2.959174896,101.6328632,"Kampung Pulau Meranti, Sepang, Selangor, 47120, Malaysia"
321,04/11/2015,12:06:55,indian,male,moderate,48.0,no,no_kids,25.0,5.0,14.0,2.908306481,101.6971095,"Lebuh Wadi Ehsan, Presint 17, Putrajaya, 62150, Malaysia"
322,04/11/2015,12:07:35,indian,male,moderate,53.0,no,no_kids,12.0,3.0,12.0,2.930921698,101.7035687,"Jalan P16D, Presint 16, Putrajaya, 62150, Malaysia"
323,05/11/2015,15:26:15,malay,male,moderate,46.0,no,no_kids,48.0,1.0,13.0,2.921783233,101.7364022,"Jalan Casa Mekar 5, Taman Casa Mekar 4, Kampung Sungai Merab Ulu, Sepang, Selangor, 63450, Malaysia"
324,05/11/2015,15:38:39,indian,male,fat,47.0,no,no_kids,52.0,5.0,13.0,2.956370061,101.636508,"Sepang, Selangor, 47120, Malaysia"
325,05/11/2015,15:47;02,malay,male,moderate,55.0,no,no_kids,60.0,4.0,13.0,2.957976267,101.7435219,"Jalan Desa Baginda 4/5, Villa Baginda (Seksyen 4 Kampung Dato' Abu Bakar Baginda), Kampung Dato' Abu Bakar Baginda, Sepang, Selangor, 43650, Malaysia"
326,05/11/2015,15:52;08,malay,female,thin,37.0,no,no_kids,16.0,3.0,16.0,2.96906478,101.7157433,"IOI City Mall, IOI City Mall Underground Car Park, IOI Resort City, Sepang, Selangor, 62502, Malaysia"
327,15/11/2015,6:29:49,chinese,male,thin,37.0,no,no_kids,55.0,3.0,15.0,2.911790254,101.6968277,"Putrajaya, 62100, Malaysia"
328,15/11/2015,7:09:32,indian,male,moderate,31.0,no,no_kids,44.0,1.0,12.0,2.923026271,101.7435967,"Kampung Sungai Merab Ulu, Sepang, Selangor, 63450, Malaysia"
329,15/11/2015,7:27:03,foreigner,female,moderate,42.0,no,no_kids,56.0,1.0,18.0,2.953330486,101.7009439,"Persiaran Persekutuan, Presint 12, Putrajaya, 62519, Malaysia"
330,15/11/2015,7:29:00,foreigner,female,thin,46.0,no,no_kids,53.0,1.0,20.0,2.951763863,101.6804407,"Presint 11, Putrajaya, 61250, Malaysia"
331,15/11/2015,8:00:24,malay,male,fat,50.0,yes,young,43.0,4.0,11.0,2.929216753,101.7395132,"Kampung Sungai Merab Ulu, Sepang, Selangor, 63450, Malaysia"
332,15/11/2015,8:08:58,malay,male,fat,51.0,yes,young,17.0,3.0,10.0,2.926362293,101.633386,"Persiaran Sepang, Cyber 11, Cyberjaya, Sepang, Selangor, 63000, Malaysia"
333,15/11/2015,8:23:09,indian,male,thin,30.0,no,no_kids,58.0,2.0,19.0,2.931182467,101.7222527,"Presint 15, Putrajaya, 62000, Malaysia"
334,15/11/2015,8:23:09,malay,female,moderate,47.0,no,no_kids,57.0,4.0,12.0,2.948503013,101.7426424,"Desa Anita, Sepang, Selangor, 62050, Malaysia"
335,15/11/2015,8:39:05,foreigner,male,moderate,33.0,no,no_kids,38.0,3.0,10.0,2.910573765,101.7366352,"Persiaran Desa Saujana, Taman Desa Saujana, Sepang, Selangor, 63450, Malaysia"
336,15/11/2015,9:04:26,malay,female,moderate,29.0,yes,baby,16.0,5.0,8.0,2.928944835,101.6847153,"Jambatan Seri Wawasan, Lebuh Wawasan, Presint 2, Putrajaya, 62675, Malaysia"
337,15/11/2015,9:22:56,indian,female,thin,54.0,no,no_kids,19.0,2.0,8.0,2.933115908,101.6422876,"Universiti Multimedia, Persiaran Multimedia, Cyber 11, Cyberjaya, Sepang, Selangor, 63000, Malaysia"
338,15/11/2015,9:23:33,malay,female,moderate,35.0,no,no_kids,42.0,2.0,16.0,2.920477708,101.7165487,"Limau Manis, Kampung Limau Manis, Sepang, Selangor, 63450, Malaysia"
339,15/11/2015,9:38:17,malay,female,moderate,45.0,yes,toddler,13.0,3.0,17.0,2.904754674,101.6443565,"Cyber 9, Cyberjaya, Sepang, Selangor, 63000, Malaysia"
340,15/11/2015,9:58:59,chinese,male,thin,53.0,no,no_kids,55.0,2.0,11.0,2.904908738,101.7302087,"Jalan Jenderam - Bangi, Taman Nusa Idaman, Sepang, Selangor, 63450, Malaysia"
341,15/11/2015,9:58:59,malay,female,moderate,48.0,no,no_kids,24.0,2.0,14.0,2.946324655,101.6486332,"Putrajaya Link, Cyber 2, Cyberjaya, Sepang, Selangor, 63200, Malaysia"
342,15/11/2015,10:26:01,indian,female,thin,36.0,no,no_kids,34.0,3.0,11.0,2.95691776,101.7431918,"Jalan Desa Baginda, Kampung Dato' Abu Bakar Baginda, Sepang, Selangor, 43650, Malaysia"
343,15/11/2015,10:49:03,chinese,male,moderate,45.0,no,no_kids,29.0,3.0,14.0,2.96851394,101.737822,"POS Malaysia Central of Development, Persiaran Institusi, Seksyen 11, Bandar Baru Bangi, Sepang, Selangor, 62500, Malaysia"
344,15/11/2015,10:53:52,malay,male,fat,41.0,no,no_kids,33.0,0.0,14.0,2.903691685,101.6983628,"Desa Pinggiran Putra, Sepang, Selangor, 62150, Malaysia"
345,15/11/2015,10:58:57,malay,female,thin,54.0,yes,toddler,45.0,2.0,11.0,2.92109576,101.6954714,"Kompleks SK Putrajaya Presint 18 (1), Jalan P18 C, Presint 18, Putrajaya, 62150, Malaysia"
346,15/11/2015,10:58:57,indian,female,thin,35.0,no,no_kids,51.0,3.0,14.0,2.925390268,101.6467035,"Persiaran Ceria, Cyber 12, Cyberjaya, Sepang, Selangor, 63000, Malaysia"
347,15/11/2015,11:25:15,indian,female,moderate,46.0,yes,young,30.0,3.0,18.0,2.93423585,101.6872183,"Presint 8, Putrajaya, 62250, Malaysia"
348,15/11/2015,11:28:47,indian,female,thin,53.0,yes,baby,60.0,4.0,10.0,2.972375305,101.6334989,"Abadi Heights, Kampung Pulau Meranti, Sepang, Selangor, 47120, Malaysia"
349,15/11/2015,11:32:19,malay,female,fat,38.0,no,no_kids,47.0,1.0,12.0,2.924209926,101.7295567,"Puncak Pinggiran Putra, Sepang, Selangor, 63450, Malaysia"
350,15/11/2015,11:59:28,malay,female,moderate,39.40782991962665,no,no_kids,46.0,2.0,12.0,2.949288304,101.7265652,"Jalan P14, Presint 14, Putrajaya, 62500, Malaysia"
351,15/11/2015,12:00:15,malay,female,fat,32.0,yes,toddler,44.0,5.0,16.0,2.949329951,101.7185974,"Presint 14, Putrajaya, Malaysia"
352,15/11/2015,12:19:53,chinese,male,moderate,37.0,no,no_kids,16.0,0.0,7.0,2.937623186,101.6527803,"Lebuhraya Maju, Cyber 4, Cyberjaya, Sepang, Selangor, 63200, Malaysia"
353,15/11/2015,12:19:53,malay,male,moderate,53.0,no,no_kids,25.0,4.0,15.0,2.959801738,101.695848,"Presint 13, Putrajaya, Malaysia"
354,15/11/2015,12:19:53,chinese,male,thin,53.0,no,no_kids,17.0,2.0,10.0,2.912903192,101.7239796,"Sepang, Selangor, 63450, Malaysia"
355,15/11/2015,12:52:04,chinese,male,thin,39.40782991962665,yes,toddler,42.0,2.0,13.0,2.970194424,101.6695457,"Presint 11, Putrajaya, 62300, Malaysia"
356,15/11/2015,13:11:03,malay,male,moderate,50.0,yes,young,38.0,2.0,8.0,2.923675335,101.6381727,"Cyberia SmartHomes Block A3, Jalan Cyberia 1, Cyberia Smarthomes, Cyberjaya, Sepang, Selangor, 63000, Malaysia"
357,15/11/2015,13:37:39,indian,male,thin,53.0,no,no_kids,16.0,3.0,9.0,2.949623745,101.7422616,"Desa Anita, Sepang, Selangor, 62050, Malaysia"
358,15/11/2015,13:38:37,malay,female,fat,49.0,no,no_kids,51.0,3.0,7.0,2.912657507,101.6860392,"Jalan Tun Hussein, Presint 4, Putrajaya, 62100, Malaysia"
359,15/11/2015,13:56:02,indian,male,thin,41.0,yes,young,34.0,2.0,20.0,2.910016739,101.6325166,"Sepang, Selangor, 63000, Malaysia"
360,15/11/2015,13:56:27,indian,female,moderate,30.0,no,no_kids,38.0,5.0,15.0,2.949624432,101.7314308,"Presint 15, Putrajaya, 62050, Malaysia"
361,15/11/2015,14:20:40,malay,female,thin,54.0,yes,baby,44.0,3.0,21.0,2.926757025,101.7323894,"Puncak Pinggiran Putra, Sepang, Selangor, 63450, Malaysia"
362,15/11/2015,14:37:49,malay,male,thin,50.0,yes,young,34.0,5.0,17.0,2.911332763,101.656706,"Persiaran Rimba Permai, Cyber 5, Cyberjaya, Sepang, Selangor, 63000, Malaysia"
363,15/11/2015,14:49:07,indian,female,thin,35.0,no,no_kids,12.0,2.0,12.0,2.966208972,101.68881,"Presint 11, Putrajaya, 62300, Malaysia"
364,15/11/2015,14:49:07,indian,female,thin,46.0,no,no_kids,59.0,5.0,8.0,2.945685879,101.6329804,"Putrajaya Link, Cyber 2, Cyberjaya, Sepang, Selangor, 63200, Malaysia"
365,15/11/2015,14:54:24,indian,female,thin,51.0,no,no_kids,23.0,3.0,19.0,2.912125725,101.6350893,"Persiaran Sepang, Cyber 9, Cyberjaya, Sepang, Selangor, 63000, Malaysia"
366,15/11/2015,14:57:02,chinese,female,moderate,30.0,no,no_kids,19.0,0.0,13.0,2.966446368,101.6444642,"Kawasan Perindustrian Meranti Utama, Sepang, Selangor, 47110, Malaysia"
367,23/11/2015,16:05:10,malay,female,moderate,40.0,yes,young,41.0,1.0,8.0,2.962576415,101.6701237,"Presint 11, Putrajaya, 62300, Malaysia"
368,23/11/2015,16:09:19,malay,female,fat,39.40782991962665,yes,young,38.0,1.0,7.0,2.959143803,101.671786,"Bustan Eropah, Jalan P11, Presint 11, Putrajaya, 62300, Malaysia"
369,23/11/2015,16:35:09,malay,female,moderate,54.0,yes,toddler,24.0,0.0,14.0,2.92186876,101.6395831,"Persiaran Multimedia, Cyber 11, Cyberjaya, Sepang, Selangor, 63000, Malaysia"
370,23/11/2015,17:17:00,malay,female,fat,54.0,yes,young,26.0,0.0,13.0,2.922779633,101.6844159,"Jalan Tunku Abdul Rahman, Presint 2, Putrajaya, 62100, Malaysia"
371,23/11/2015,17:34:57,indian,male,fat,48.0,no,no_kids,16.0,4.0,9.0,2.960326677,101.6821655,"Jalan P11A 1/12, Presint 11, Putrajaya, 62300, Malaysia"
372,23/11/2015,17:36:07,indian,female,moderate,46.0,no,no_kids,55.0,3.0,17.0,2.971093204,101.6927405,"Presint 11, Putrajaya, 62300, Malaysia"
373,23/11/2015,17:48:01,chinese,male,fat,45.0,no,no_kids,12.0,3.0,18.0,2.904890235,101.6777575,"Jalan Tunku Abdul Rahman, Presint 4, Putrajaya, 62100, Malaysia"
374,23/11/2015,17:48:01,malay,female,moderate,45.0,no,no_kids,57.0,2.0,10.0,2.951330973,101.6562707,"Persiaran APEC, Cyber 3, Cyberjaya, Sepang, Selangor, 62300, Malaysia"
375,23/11/2015,19:14:05,foreigner,female,thin,49.0,no,no_kids,53.0,2.0,14.0,2.952011604,101.6882389,"Presint 10, Putrajaya, 61250, Malaysia"
376,23/11/2015,19:14:05,malay,female,thin,36.0,no,no_kids,28.0,3.0,19.0,2.904945642,101.7203556,"Sepang, Selangor, 63450, Malaysia"
377,23/11/2015,19:21:16,chinese,male,fat,32.0,no,no_kids,51.0,4.0,7.0,2.942341165,101.6382579,"Setia Eco Glades, Cyberjaya, Sepang, Selangor, 63200, Malaysia"
378,23/11/2015,20:06:27,indian,male,moderate,30.0,no,no_kids,54.0,2.0,20.0,2.936384606,101.6625599,"Persiaran APEC, Cyber 4, Cyberjaya, Sepang, Selangor, 63200, Malaysia"
379,23/11/2015,20:09:49,indian,male,fat,51.0,no,no_kids,43.0,1.0,15.0,2.964675398,101.6622792,"Lebuhraya Damansara‒Puchong ‒ Putrajaya dan Cyberjaya, Cyber 3, Cyberjaya, Sepang, Selangor, 62300, Malaysia"
380,23/11/2015,20:09:49,malay,male,thin,33.0,no,no_kids,57.0,2.0,8.0,2.969012422,101.6932744,"Presint 13, Putrajaya, 62502, Malaysia"
381,23/11/2015,20:09:49,malay,female,moderate,28.0,no,no_kids,23.0,5.0,18.0,2.925780804,101.7250062,"Puncak Pinggiran Putra, Sepang, Selangor, 63450, Malaysia"
382,23/11/2015,20:11:02,chinese,male,thin,50.0,no,no_kids,35.67082167387433,5.0,8.0,2.951925601,101.6775908,"Presint 11, Putrajaya, 61250, Malaysia"
383,23/11/2015,20:43:44,indian,male,fat,53.0,no,no_kids,37.0,1.0,14.0,2.947184531,101.7208577,"Presint 14, Putrajaya, Malaysia"
384,23/11/2015,20:47:06,foreigner,male,fat,52.0,no,no_kids,43.0,3.0,15.0,2.96270826,101.7253465,"College of Information Technology (BW), Persiaran Universiti, IOI Resort City, Sepang, Selangor, 62500, Malaysia"
385,23/11/2015,20:47:06,malay,female,thin,33.0,no,no_kids,50.0,0.0,9.0,2.914761784,101.7267677,"Limau Manis, Kampung Limau Manis, Sepang, Selangor, 63450, Malaysia"
386,23/11/2015,20:47:06,malay,female,thin,45.0,no,no_kids,33.0,4.0,8.0,2.907246249,101.6522218,"Kompleks Balai Polis Cyberjaya, Lingkaran Cyber Point Timur, Cyber 12, Cyberjaya, Sepang, Selangor, 63000, Malaysia"
387,23/11/2015,20:51:47,chinese,male,thin,39.40782991962665,yes,young,15.0,2.0,19.0,2.946716484,101.6420788,"Putrajaya Link, Cyber 2, Cyberjaya, Sepang, Selangor, 63200, Malaysia"
388,23/11/2015,22:16:27,indian,male,moderate,47.0,no,no_kids,30.0,5.0,11.0,2.945347007,101.665013,"Cassia, Cyberjaya, Sepang, Selangor, 61250, Malaysia"
389,23/11/2015,22:52:37,chinese,male,thin,31.0,no,no_kids,21.0,5.0,21.0,2.933184765,101.6658657,"Lebuhraya Damansara‒Puchong ‒ Putrajaya dan Cyberjaya, Cyber 3, Cyberjaya, Sepang, Selangor, 62300, Malaysia"
390,23/11/2015,22:56:54,indian,male,fat,44.0,no,no_kids,35.67082167387433,4.0,18.0,2.908053738,101.6878902,"Putrajaya, 62100, Malaysia"
391,23/11/2015,22:56:54,foreigner,female,moderate,36.0,no,no_kids,55.0,3.0,19.0,2.9705451,101.7010647,"Beverly Row Bungalows, IOI Resort City, Sepang, Selangor, 62502, Malaysia"
392,23/11/2015,23:05:54,indian,male,fat,50.0,no,no_kids,43.0,1.0,14.045362392295996,2.924131354,101.741928,"Kampung Sungai Merab Ulu, Sepang, Selangor, 63450, Malaysia"
393,23/11/2015,23:22:38,indian,male,thin,53.0,no,no_kids,34.0,0.0,12.0,2.930370894,101.7112381,"Persiaran Timur, Kampung Limau Manis, Sepang, Selangor, 62000, Malaysia"
394,23/11/2015,23:22:38,indian,female,moderate,33.0,no,no_kids,48.0,1.0,9.0,2.947498903,101.7415436,"Sepang, Selangor, 62050, Malaysia"
395,23/11/2015,23:29:33,chinese,male,fat,45.0,no,no_kids,35.0,3.0,17.0,2.967117984,101.6460316,"Kawasan Perindustrian Meranti Utama, Sepang, Selangor, 47110, Malaysia"
396,24/11/2015,7:38:23,chinese,male,thin,39.40782991962665,yes,young,60.0,2.0,14.045362392295996,2.909138758,101.7245431,"Jalan Haji Uda, Taman Nusa Idaman, Sepang, Selangor, 63450, Malaysia"
397,24/11/2015,9:07:40,foreigner,female,fat,36.0,no,no_kids,47.0,4.0,21.0,2.966442345,101.6869664,"Presint 11, Putrajaya, 62300, Malaysia"
398,24/11/2015,10:49:42,indian,male,moderate,49.0,no,no_kids,13.0,0.0,10.0,2.951461224,101.6367503,"Cyber 2, Sepang, Selangor, 47120, Malaysia"
399,24/11/2015,10:49:42,chinese,male,fat,55.0,no,no_kids,32.0,2.0,15.0,2.918519782,101.6461944,"Jalan CSR 1, Cristal Serin Residence, Cyberjaya, Sepang, Selangor, 63000, Malaysia"
400,24/11/2015,11:20:14,indian,male,fat,44.0,no,no_kids,13.0,4.0,14.045362392295996,2.945194034,101.6519096,"Lebuhraya Maju, Cyberjaya, Sepang, Selangor, 63200, Malaysia"
401,24/11/2015,11:26:29,indian,female,fat,45.0,no,no_kids,55.0,2.0,20.0,2.90733139,101.6643297,"Cyber Heights Villa, Cyberjaya, Sepang, Selangor, 62200, Malaysia"
402,24/11/2015,12:25:41,chinese,female,fat,37.0,no,no_kids,26.0,1.0,10.0,2.950513539,101.6970397,"Taman Rekreasi, Persiaran Persekutuan, Presint 12, Putrajaya, 62519, Malaysia"
403,24/11/2015,12:49:01,indian,male,moderate,55.0,no,no_kids,14.0,0.0,10.0,2.926278207,101.7273716,"Puncak Pinggiran Putra, Sepang, Selangor, 63450, Malaysia"
404,24/11/2015,14:40:25,indian,male,thin,54.0,no,no_kids,26.0,4.0,14.0,2.92246925,101.6593863,"Malaysia Digital Economy Corporation (MDEC), 2360, Persiaran APEC, Cyber 6, Cyberjaya, Sepang, Selangor, 63000, Malaysia"
405,24/11/2015,16:03:37,indian,male,moderate,30.0,no,no_kids,59.0,3.0,13.0,2.942311347,101.6852152,"Presint 10, Putrajaya, 62250, Malaysia"
406,24/11/2015,16:45:13,foreigner,male,moderate,54.0,no,no_kids,46.0,0.0,11.0,2.934339295,101.646955,"Majlis Perbandaran Sepang, Persiaran Semarak Api, Cyber 11, Cyberjaya, Sepang, Selangor, 63200, Malaysia"
407,24/11/2015,20:13:57,indian,male,thin,40.0,no,no_kids,60.0,0.0,12.0,2.938443261,101.6592049,"Jalan Teknokrat 1, Cyberjaya, Sepang, Selangor, 63200, Malaysia"
408,24/11/2015,20:13:57,indian,male,fat,34.0,no,no_kids,58.0,0.0,11.0,2.930576718,101.7155162,"Jalan P15 H4/5, Presint 15, Putrajaya, 62000, Malaysia"
409,24/11/2015,20:44:29,chinese,male,fat,35.0,no,no_kids,54.0,3.0,12.0,2.968674987,101.7202974,"IOI Resort City, Sepang, Selangor, 62502, Malaysia"
410,24/11/2015,21:30:58,indian,male,moderate,52.0,no,no_kids,51.0,3.0,13.0,2.931517769,101.6988397,"Jambatan Seri Bakti, Jalan P16C, Presint 16, Putrajaya, 62150, Malaysia"
411,24/11/2015,22:08:41,indian,male,moderate,39.0,yes,baby,59.0,5.0,10.0,2.955359759,101.6776215,"Presint 11, Putrajaya, 61250, Malaysia"
412,24/11/2015,22:35:22,indian,female,moderate,43.0,no,no_kids,14.0,4.0,15.0,2.928343229,101.6445174,"Universiti Multimedia, Persiaran Multimedia, Cyber 11, Cyberjaya, Sepang, Selangor, 63000, Malaysia"
413,24/11/2015,22:35:22,indian,female,moderate,44.0,no,no_kids,60.0,3.0,13.0,2.954643723,101.7279684,"Jalan P14, Presint 14, Putrajaya, 62500, Malaysia"
414,25/11/2015,14:11:15,indian,female,thin,40.0,no,no_kids,41.0,4.0,17.0,2.925289135,101.7214419,"Sepang, Selangor, 63450, Malaysia"
415,25/11/2015,14:11:15,chinese,male,fat,52.0,no,no_kids,41.0,2.0,14.0,2.945827217,101.7215102,"Subaru, Jalan Perak P15, Presint Diplomatik, Putrajaya, 62050, Malaysia"
416,25/11/2015,15:27:34,indian,female,fat,39.0,no,no_kids,24.0,2.0,16.0,2.931916704,101.7171782,"Jalan P15 H4/5, Presint 15, Putrajaya, 62000, Malaysia"
417,25/11/2015,16:35:21,indian,female,thin,53.0,no,no_kids,45.0,5.0,21.0,2.931718879,101.6390013,"Universiti Multimedia, Persiaran Multimedia, Cyber 11, Cyberjaya, Sepang, Selangor, 63000, Malaysia"
418,25/11/2015,16:35:21,indian,male,moderate,31.0,no,no_kids,11.0,3.0,7.0,2.941656061,101.6823808,"Lebuh Perdana Barat, Putrajaya, 62250, Malaysia"
419,25/11/2015,16:35:21,indian,male,moderate,32.0,no,no_kids,44.0,2.0,14.0,2.920833272,101.7343293,"Kampung Desa Putra, Kampung Sungai Merab Ulu, Sepang, Selangor, 63450, Malaysia"
420,25/11/2015,17:08:33,foreigner,male,thin,53.0,no,no_kids,39.0,2.0,18.0,2.929924363,101.6331119,"Cyber 11, Cyberjaya, Sepang, Selangor, 63000, Malaysia"
421,25/11/2015,17:08:33,chinese,female,thin,41.0,no,no_kids,37.0,5.0,17.0,2.929874173,101.6788424,"Surau Putra Al-Amin, Apartment Fasa 4C, Putrajaya, 62250, Malaysia"
422,25/11/2015,18:07:55,foreigner,female,moderate,41.0,no,no_kids,33.0,0.0,9.0,2.963413309,101.723302,"Persiaran Universiti, IOI Resort City, Sepang, Selangor, 62500, Malaysia"
423,25/11/2015,21:25:02,chinese,male,thin,36.0,no,no_kids,41.0,2.0,8.0,2.917132211,101.7280302,"Desa Mekar, Sepang, Selangor, 63450, Malaysia"
424,25/11/2015,21:25:02,chinese,male,thin,39.40782991962665,no,no_kids,58.0,5.0,16.0,2.920486855,101.6690438,"Perdana Lakeview East, Cyberjaya, Sepang, Selangor, 62100, Malaysia"
425,25/11/2015,21:58:23,indian,female,moderate,50.0,no,no_kids,31.0,1.0,16.0,2.90851852,101.6350378,"Cyber 10, Cyberjaya, Sepang, Selangor, 63000, Malaysia"
426,25/11/2015,21:58:23,indian,female,fat,32.0,no,no_kids,18.0,4.0,9.0,2.95076868,101.7380348,"Jalan Arma, Sepang, Selangor, 62050, Malaysia"
427,25/11/2015,21:59:20,chinese,female,moderate,53.0,no,no_kids,48.0,4.0,11.0,2.937629838,101.7286312,"Presint 15, Putrajaya, 62050, Malaysia"
428,25/11/2015,22:30:03,indian,male,fat,40.0,no,no_kids,58.0,2.0,17.0,2.958664937,101.7073414,"Presint 12, Putrajaya, 62502, Malaysia"
429,25/11/2015,22:30:03,chinese,male,thin,49.0,no,no_kids,35.0,1.0,11.0,2.971568371,101.7236585,"Universiti Tenaga Nasional (Kampus Putrajaya), Lebuhraya Lembah Klang Selatan, IOI Resort City, Sepang, Selangor, 62502, Malaysia"
430,25/11/2015,22:33:38,foreigner,female,thin,47.0,no,no_kids,57.0,4.0,17.0,2.922369597,101.7220953,"Limau Manis, Kampung Limau Manis, Sepang, Selangor, 63450, Malaysia"
431,25/11/2015,22:33:38,chinese,female,moderate,37.0,no,young,17.0,0.0,8.0,2.951594147,101.6758771,"Jalan P11, Presint 11, Putrajaya, 62300, Malaysia"
432,25/11/2015,22:41:24,indian,female,fat,49.0,yes,young,17.0,2.0,14.0,2.908517052,101.6539055,"Lebuhraya Maju, Cyber 8, Cyberjaya, Sepang, Selangor, 63000, Malaysia"
433,25/11/2015,23:00:39,chinese,male,thin,44.0,no,no_kids,32.0,5.0,13.0,2.958908813,101.6579549,"Lebuhraya Damansara‒Puchong ‒ Putrajaya dan Cyberjaya, Cyber 3, Cyberjaya, Sepang, Selangor, 62300, Malaysia"
434,26/11/2015,1:15:45,foreigner,female,moderate,43.0,no,no_kids,21.0,5.0,15.0,2.97294134,101.7108193,"Institut Penyelidikan Produk Halal, Lebuhraya Lembah Klang Selatan, IOI Resort City, Sepang, Selangor, 62502, Malaysia"
435,26/11/2015,1:15:45,foreigner,female,thin,47.0,no,no_kids,28.0,4.0,14.0,2.936525088,101.6961584,"B3, Laluan Laman Putra 1, Presint 1, Putrajaya, 62514, Malaysia"
436,26/11/2015,1:41:18,indian,female,thin,45.0,no,no_kids,38.0,1.0,12.0,2.945873357,101.7434463,"Jalan Utama 6, Sepang, Selangor, 43650, Malaysia"
437,26/11/2015,3:53:40,chinese,male,thin,51.0,no,no_kids,52.0,2.0,9.0,2.914458506,101.6607922,"Lebuhraya Damansara‒Puchong ‒ Putrajaya dan Cyberjaya, Cyber 7, Cyberjaya, Sepang, Selangor, 62200, Malaysia"
438,26/11/2015,7:19:32,foreigner,male,moderate,39.40782991962665,no,no_kids,11.0,1.0,16.0,2.952778287,101.6569312,"Persiaran APEC, Cyber 3, Cyberjaya, Sepang, Selangor, 62300, Malaysia"
439,26/11/2015,9:05:04,indian,male,fat,37.0,no,no_kids,31.0,2.0,15.0,2.964088946,101.6695896,"Presint 11, Putrajaya, 62300, Malaysia"
440,26/11/2015,9:05:04,foreigner,male,moderate,33.0,no,no_kids,53.0,3.0,19.0,2.915794345,101.6341199,"Persiaran Sepang, Cyber 9, Cyberjaya, Sepang, Selangor, 63000, Malaysia"
441,26/11/2015,10:37:00,malay,male,moderate,46.0,no,no_kids,47.0,4.0,16.0,2.944804748,101.7263989,"Jalan Diplomatik 2/2, Presint Diplomatik, Putrajaya, 62050, Malaysia"
442,26/11/2015,10:37:00,chinese,male,thin,28.0,no,no_kids,27.0,1.0,12.0,2.922296064,101.7373464,"Taman Casa Mekar, Kampung Sungai Merab Ulu, Sepang, Selangor, 63450, Malaysia"
443,26/11/2015,12:28:12,indian,male,moderate,40.0,yes,young,52.0,2.0,17.0,2.956145702,101.6357432,"Sepang, Selangor, 47120, Malaysia"
444,26/11/2015,16:46:45,indian,female,fat,35.0,no,no_kids,35.0,4.0,8.0,2.94319865,101.6958029,"Persiaran Sultan Salahuddin Abdul Aziz Shah, Presint 1, Putrajaya, 62514, Malaysia"
445,26/11/2015,18:07:14,malay,female,moderate,36.0,no,no_kids,35.0,4.0,17.0,2.917300481,101.6681669,"Persiaran Tasik, Cyber 7, Cyberjaya, Sepang, Selangor, 62100, Malaysia"
446,26/11/2015,19:08:56,indian,male,fat,41.0,no,no_kids,57.0,3.0,14.0,2.935200064,101.6341741,"Setia Eco Glades, Cyberjaya, Sepang, Selangor, 63200, Malaysia"
447,26/11/2015,19:09:25,indian,female,moderate,34.0,no,no_kids,32.0,0.0,14.0,2.91362162,101.6479302,"Persiaran Ceria, Cyber 12, Cyberjaya, Sepang, Selangor, 63000, Malaysia"
448,26/11/2015,19:30:30,chinese,male,fat,29.0,no,no_kids,28.0,2.0,8.0,2.929671331,101.7171522,"Jalan P15 H4/5, Presint 15, Putrajaya, 62000, Malaysia"
449,26/11/2015,22:37:33,chinese,male,thin,43.0,no,no_kids,47.0,3.0,16.0,2.961291569,101.6477931,"Kawasan Perindustrian Meranti Utama, Sepang, Selangor, 47110, Malaysia"
450,26/11/2015,22:46:40,malay,female,fat,32.0,no,no_kids,23.0,1.0,18.0,2.955738041,101.708057,"Persiaran Utara, Presint 12, Putrajaya, 62502, Malaysia"
451,26/11/2015,23:04:09,foreigner,male,moderate,44.0,no,no_kids,38.0,3.0,7.0,2.96544521,101.743428,"Kompleks Bioteknologi RISDA, Lebuhraya Utara–Selatan, Majlis Perbandaran Kajang, Hulu Langat, Selangor, 43650, Malaysia"
452,26/11/2015,23:13:56,chinese,female,thin,47.0,no,no_kids,21.0,3.0,18.0,2.911850887,101.638042,"Persiaran Sepang, Cyber 9, Cyberjaya, Sepang, Selangor, 63000, Malaysia"
453,26/11/2015,23:21:09,indian,male,moderate,45.0,no,no_kids,59.0,3.0,12.0,2.959083134,101.6477126,"Kawasan Perindustrian Meranti Utama, Sepang, Selangor, 47110, Malaysia"
454,26/11/2015,23:32:17,malay,female,fat,45.0,no,no_kids,58.0,3.0,13.0,2.916755059,101.7331335,"Kampung Desa Putra, Sepang, Selangor, 63450, Malaysia"
455,26/11/2015,23:32:17,malay,female,thin,54.0,no,no_kids,24.0,3.0,14.0,2.968822018,101.6662596,"Lebuhraya Damansara‒Puchong ‒ Putrajaya dan Cyberjaya, Cyber 3, Cyberjaya, Sepang, Selangor, 62300, Malaysia"
456,27/11/2015,8:26:31,chinese,female,moderate,39.40782991962665,no,no_kids,57.0,5.0,14.0,2.962051491,101.730383,"Taman Air Hitam Permai, Sepang, Selangor, 62500, Malaysia"
457,27/11/2015,8:45:29,malay,female,thin,34.0,no,no_kids,60.0,4.0,19.0,2.945489898,101.6956424,"Persiaran Sultan Salahuddin Abdul Aziz Shah, Presint 1, Putrajaya, 62514, Malaysia"
458,27/11/2015,8:55:52,chinese,male,thin,44.0,no,no_kids,47.0,1.0,21.0,2.943422855,101.6642207,"Lebuhraya Damansara‒Puchong ‒ Putrajaya dan Cyberjaya, Cyber 3, Cyberjaya, Sepang, Selangor, 62300, Malaysia"
459,27/11/2015,8:55:52,chinese,female,moderate,39.40782991962665,no,no_kids,13.0,4.0,16.0,2.946432526,101.6573729,"Persiaran APEC, Cyber 3, Cyberjaya, Sepang, Selangor, 62300, Malaysia"
460,27/11/2015,9:15:51,malay,female,thin,33.0,no,no_kids,28.0,5.0,15.0,2.915570021,101.6774707,"Putrajaya, 62100, Malaysia"
461,27/11/2015,9:15:51,indian,male,thin,36.0,no,no_kids,32.0,4.0,15.0,2.95251175,101.7022091,"Persiaran Persekutuan, Presint 1, Putrajaya, 62519, Malaysia"
462,27/11/2015,9:15:51,indian,male,moderate,53.0,no,no_kids,49.0,1.0,13.0,2.970634815,101.705179,"Two IOI Square, Lebuhraya Lembah Klang Selatan, IOI Resort City, Sepang, Selangor, 62502, Malaysia"
463,27/11/2015,10:22:32,malay,female,moderate,47.0,no,no_kids,47.0,3.0,14.0,2.913029714,101.6475996,"Persiaran Ceria, Cyber 12, Cyberjaya, Sepang, Selangor, 63000, Malaysia"
464,27/11/2015,11:35:02,malay,female,thin,34.0,no,no_kids,50.0,4.0,7.0,2.909655047,101.6511542,"HASIL, Lingkaran Cyber Point Barat, Cyber 12, Cyberjaya, Sepang, Selangor, 63000, Malaysia"
465,27/11/2015,11:35:02,foreigner,female,moderate,54.0,no,no_kids,46.0,1.0,21.0,2.944969531,101.7279421,"Jalan Diplomatik 2/4, Presint Diplomatik, Putrajaya, 62050, Malaysia"
466,27/11/2015,12:25:06,malay,male,moderate,52.0,no,no_kids,35.67082167387433,1.0,15.0,2.965667656,101.6759392,"Presint 11, Putrajaya, 62300, Malaysia"
467,27/11/2015,12:37:20,indian,male,moderate,52.0,no,no_kids,16.0,1.0,18.0,2.942215914,101.7244905,"Jalan Diplomatik 2/2, Presint Diplomatik, Putrajaya, Malaysia"
468,27/11/2015,12:48:06,malay,male,thin,38.0,yes,toddler,35.67082167387433,5.0,8.0,2.924973407,101.6991525,"Jambatan Seri Bestari, Lebuh Bestari, Putrajaya, 62150, Malaysia"
469,27/11/2015,13:25:50,chinese,female,fat,53.0,no,no_kids,57.0,4.0,11.0,2.915321729,101.6850164,"Jalan Kemerdekaan, Putrajaya, 62100, Malaysia"
470,27/11/2015,13:28:59,indian,female,thin,30.0,no,no_kids,35.67082167387433,3.0,19.0,2.915251066,101.6833416,"Kementerian Pertanian dan Industri Makanan, Persiaran Perdana, Presint 4, Putrajaya, 62100, Malaysia"
471,27/11/2015,14:33:44,indian,male,moderate,49.0,no,no_kids,60.0,4.0,18.0,2.930901253,101.6798813,"Lebuh Wawasan, Presint 8, Putrajaya, 62250, Malaysia"
472,27/11/2015,14:48:42,indian,female,moderate,41.0,no,no_kids,58.0,0.0,19.0,2.920192033,101.6446123,"Persiaran Simfoni, Symphony Hills, Cyberjaya, Sepang, Selangor, 63000, Malaysia"
473,27/11/2015,14:48:42,indian,male,moderate,55.0,no,no_kids,45.0,4.0,16.0,2.922427018,101.6568982,"DHL IT Services (EW), Persiaran Multimedia, Cyber 6, Cyberjaya, Sepang, Selangor, 63000, Malaysia"
474,27/11/2015,14:48:42,malay,female,fat,32.0,no,no_kids,22.0,0.0,9.0,2.954506308,101.713547,"Persiaran Timur, Presint 12, Putrajaya, 62000, Malaysia"
475,27/11/2015,15:25:31,chinese,male,moderate,35.0,no,no_kids,28.0,1.0,11.0,2.944027507,101.639307,"Setia Eco Glades, Cyberjaya, Sepang, Selangor, 63200, Malaysia"
476,27/11/2015,15:25:31,foreigner,male,moderate,37.0,no,no_kids,38.0,0.0,7.0,2.942753016,101.6378715,"Setia Eco Glades, Cyberjaya, Sepang, Selangor, 63200, Malaysia"
477,27/11/2015,15:25:31,chinese,male,thin,49.0,no,no_kids,52.0,0.0,12.0,2.90441652,101.6703089,"Putrajaya Recreational Airfield, Jalan P6, Presint 6, Putrajaya, 62200, Malaysia"
478,27/11/2015,16:58:42,chinese,male,thin,53.0,no,no_kids,29.0,0.0,10.0,2.919970494,101.6990313,"Jalan P18 D1/2, Presint 18, Putrajaya, 62150, Malaysia"
479,27/11/2015,16:58:42,malay,male,thin,53.0,no,no_kids,15.0,3.0,20.0,2.968100009,101.7138884,"Palm Garden Golf Club, Persiaran Utara, IOI Resort City, Sepang, Selangor, 62500, Malaysia"
480,27/11/2015,17:03:52,chinese,male,moderate,43.0,no,no_kids,23.0,3.0,21.0,2.956819041,101.7413042,"Jalan Desa Baginda, Kampung Dato' Abu Bakar Baginda, Sepang, Selangor, 43650, Malaysia"
481,27/11/2015,17:25:34,malay,male,moderate,32.0,no,no_kids,45.0,4.0,14.0,2.947497383,101.6970239,"Presint 1, Persiaran Sultan Salahuddin Abdul Aziz Shah, Presint 1, Putrajaya, 62514, Malaysia"
482,27/11/2015,17:30:51,chinese,male,moderate,28.0,no,no_kids,49.0,3.0,18.0,2.945243513,101.7312075,"Jalan Diplomatik 2/4, Presint Diplomatik, Putrajaya, 62050, Malaysia"
483,27/11/2015,17:30:51,indian,female,moderate,42.0,no,no_kids,20.0,4.0,10.0,2.93029128,101.7228455,"Sepang, Selangor, 63450, Malaysia"
484,27/11/2015,17:30:51,indian,female,moderate,49.0,no,no_kids,12.0,5.0,8.0,2.948768008,101.6646102,"Garden Residence, Cyberjaya, Sepang, Selangor, 61250, Malaysia"
485,27/11/2015,17:59:15,malay,female,thin,29.0,no,no_kids,46.0,1.0,7.0,2.90410284,101.6533787,"Cyber 8, Cyberjaya, Sepang, Selangor, 62200, Malaysia"
486,27/11/2015,18:05:15,indian,male,moderate,47.0,no,no_kids,19.0,1.0,11.0,2.952106648,101.6972564,"Presint 12, Putrajaya, 62519, Malaysia"
487,27/11/2015,18:05:15,malay,female,moderate,28.0,no,no_kids,26.0,0.0,9.0,2.922352132,101.6800044,"Hospital Azalea Putrajaya, Jalan P8 G, Presint 8, Putrajaya, 62250, Malaysia"
488,27/11/2015,18:40:46,chinese,male,thin,49.0,no,no_kids,13.0,4.0,20.0,2.949389954,101.6435494,"Putrajaya Link, Cyber 2, Cyberjaya, Sepang, Selangor, 63200, Malaysia"
489,27/11/2015,18:40:46,chinese,female,moderate,36.0,no,no_kids,51.0,2.0,21.0,2.933381522,101.6779067,"Lebuh Sentosa, Putrajaya, 62250, Malaysia"
490,27/11/2015,18:52:40,malay,male,moderate,39.0,no,no_kids,43.0,1.0,9.0,2.941098041,101.6904005,"Jambatan Seri Perdana, Lebuh Perdana Barat, Presint 1, Putrajaya, 62514, Malaysia"
491,27/11/2015,19:20:57,indian,female,thin,38.0,no,no_kids,48.0,3.0,14.0,2.92886632,101.7189768,"Sepang, Selangor, 62000, Malaysia"
492,27/11/2015,19:20:57,chinese,male,moderate,49.0,no,no_kids,33.0,3.0,9.0,2.907847781,101.6326862,"Cyber 10, Cyberjaya, Sepang, Selangor, 63000, Malaysia"
493,27/11/2015,20:08:45,foreigner,female,moderate,35.0,no,no_kids,19.0,4.0,20.0,2.932540757,101.7348729,"Kampung Sungai Merab Ulu, Sepang, Selangor, 63450, Malaysia"
494,27/11/2015,20:08:45,foreigner,female,fat,32.0,no,no_kids,44.0,0.0,14.045362392295996,2.922560196,101.6489157,"Lingkaran Cyber Point Barat, Cyber 12, Cyberjaya, Sepang, Selangor, 63200, Malaysia"
495,27/11/2015,20:29:06,indian,female,thin,47.0,no,no_kids,28.0,5.0,13.0,2.968069646,101.6484308,"Sierra 3, 16 Sierra, Sepang, Selangor, 47110, Malaysia"
496,27/11/2015,20:30:58,indian,female,fat,51.0,no,no_kids,29.0,0.0,12.0,2.929363904,101.7149757,"Jalan P15 H4/5, Presint 15, Putrajaya, 62000, Malaysia"
497,27/11/2015,20:42:26,chinese,female,thin,46.0,no,no_kids,57.0,5.0,16.0,2.921395925,101.6557435,"McDonald's, Jalan Teknokrat 5, Cyber 6, Cyberjaya, Sepang, Selangor, 63000, Malaysia"
498,27/11/2015,20:44:46,foreigner,female,thin,41.0,yes,young,18.0,0.0,14.045362392295996,2.930960535,101.7218996,"Sepang, Selangor, 63450, Malaysia"
499,27/11/2015,21:03:10,chinese,female,moderate,39.40782991962665,yes,young,48.0,4.0,16.0,2.966864827,101.6321823,"Jalan Pulau Meranti, Kampung Pulau Meranti, Sepang, Selangor, 47120, Malaysia"
500,27/11/2015,21:10:54,foreigner,male,thin,36.0,yes,young,11.0,5.0,18.0,2.914694009,101.7422189,"Jalan Kruing 24/2, Taman Mutiara Keruing, Sepang, Selangor, 63450, Malaysia"
501,27/11/2015,21:15:59,malay,female,fat,51.0,yes,toddler,12.0,3.0,20.0,2.944608638,101.6939007,"Putrajaya Seafood Restaurant, Lebuh Perdana Barat, Presint 1, Putrajaya, 62514, Malaysia"
502,27/11/2015,21:15:59,malay,female,fat,29.0,yes,young,24.0,3.0,14.045362392295996,2.960049334,101.6331899,"Kampung Pulau Meranti, Sepang, Selangor, 47120, Malaysia"
503,27/11/2015,21:15:59,chinese,male,moderate,44.0,no,no_kids,51.0,0.0,13.0,2.904113181,101.7432741,"Sepang, Selangor, 63450, Malaysia"
504,27/11/2015,21:15:59,chinese,male,fat,31.0,no,no_kids,32.0,2.0,11.0,2.961100409,101.7171551,"Palm Garden Golf Club, Persiaran Utara, IOI Resort City, Sepang, Selangor, 62500, Malaysia"
505,27/11/2015,21:27:10,indian,female,fat,52.0,yes,young,43.0,4.0,16.0,2.914036004,101.685024,"Kementerian Belia & Sukan, Jalan P4 X, Presint 4, Putrajaya, 62100, Malaysia"
506,27/11/2015,21:27:10,indian,female,moderate,32.0,no,toddler,31.0,4.0,18.0,2.968705113,101.7392521,"Akademi Latihan Pertahanan Awam Malaysia, Lot 14617, Persiaran Institusi, Seksyen 11, Bandar Baru Bangi, Majlis Perbandaran Kajang, Selangor, 43000, Malaysia"
507,27/11/2015,21:27:10,indian,female,moderate,32.0,no,no_kids,48.0,2.0,14.045362392295996,2.90379219,101.7177614,"Sepang, Selangor, 63450, Malaysia"
508,27/11/2015,21:27:10,malay,female,fat,49.0,yes,young,49.0,5.0,21.0,2.903581699,101.7452686,"Sepang, Selangor, 63450, Malaysia"
509,27/11/2015,21:46:58,malay,female,fat,28.0,yes,toddler,14.0,5.0,14.0,2.932310486,101.743989,"Kampung Sungai Merab Jaya, Sepang, Selangor, 63450, Malaysia"
510,27/11/2015,21:46:58,malay,female,moderate,48.0,yes,young,12.0,5.0,14.045362392295996,2.928867728,101.6632593,"Putrajaya Link, Cyber 4, Cyberjaya, Sepang, Selangor, 63200, Malaysia"
511,27/11/2015,22:01:50,chinese,male,fat,35.0,no,no_kids,60.0,1.0,19.0,2.925268679,101.7151731,"Sepang, Selangor, Malaysia"
512,27/11/2015,22:32:42,chinese,male,moderate,38.0,no,no_kids,20.0,0.0,18.0,2.917111664,101.7310001,"Desa Mekar, Sepang, Selangor, 63450, Malaysia"
513,27/11/2015,22:32:42,chinese,male,fat,49.0,no,no_kids,45.0,3.0,11.0,2.944453456,101.7435609,"Jalan Bukit 1, Sepang, Selangor, 43650, Malaysia"
514,27/11/2015,22:32:42,indian,female,moderate,34.0,no,young,27.0,3.0,8.0,2.972187808,101.6504432,"Sierra 6, 16 Sierra, Sepang, Selangor, 47110, Malaysia"
515,27/11/2015,22:32:42,indian,female,moderate,44.0,yes,toddler,20.0,4.0,7.0,2.969998307,101.6339914,"Abadi Heights, Kampung Pulau Meranti, Sepang, Selangor, 47120, Malaysia"
516,27/11/2015,22:44:34,chinese,male,moderate,52.0,no,no_kids,29.0,2.0,14.0,2.905094343,101.7404702,"Sepang, Selangor, 63450, Malaysia"
517,27/11/2015,22:49:09,chinese,male,thin,50.0,no,no_kids,34.0,0.0,19.0,2.970460976,101.6459418,"Kawasan Perindustrian Meranti Utama, Sepang, Selangor, 47110, Malaysia"
518,27/11/2015,22:49:09,chinese,female,moderate,38.0,no,no_kids,49.0,1.0,12.0,2.934090509,101.6870992,"Presint 8, Putrajaya, 62250, Malaysia"
519,27/11/2015,22:49:09,malay,male,thin,39.40782991962665,no,no_kids,32.0,2.0,14.0,2.963318428,101.7029792,"IOI Resort City, Sepang, Selangor, 62502, Malaysia"
520,27/11/2015,22:49:09,indian,male,moderate,52.0,no,no_kids,26.0,2.0,21.0,2.95732304,101.6860318,"Presint 11, Putrajaya, 61250, Malaysia"
521,27/11/2015,22:49:09,malay,male,thin,50.0,no,no_kids,41.0,2.0,13.0,2.94849919,101.7157344,"Jalan P14C 1, Presint 14, Putrajaya, 62050, Malaysia"
522,27/11/2015,22:58:50,foreigner,female,fat,51.0,no,no_kids,57.0,5.0,10.0,2.954757069,101.6286753,"Sepang, Selangor, 47120, Malaysia"
523,27/11/2015,22:58:50,indian,female,moderate,52.0,no,no_kids,24.0,2.0,11.0,2.910133541,101.6716219,"Persiaran Tasik, Cyber 7, Cyberjaya, Sepang, Selangor, 62100, Malaysia"
524,27/11/2015,23:17:24,foreigner,male,moderate,32.0,no,no_kids,55.0,0.0,20.0,2.907425896,101.6739155,"Jalan Tunku Abdul Rahman, Presint 4, Putrajaya, 62100, Malaysia"
525,27/11/2015,23:17:24,chinese,male,thin,29.0,no,no_kids,37.0,2.0,10.0,2.930393947,101.7376661,"Jalan Raja Nongchik, Kampung Sungai Merab Ulu, Sepang, Selangor, 63450, Malaysia"
526,27/11/2015,23:23:43,indian,male,moderate,29.0,no,no_kids,31.0,2.0,11.0,2.942809672,101.7122863,"Lebuh Perdana Timur, Presint 1, Putrajaya, 62519, Malaysia"
527,27/11/2015,23:23:43,foreigner,female,moderate,47.0,yes,young,52.0,3.0,21.0,2.96520119,101.6809331,"Jalan P11, Presint 11, Putrajaya, 62300, Malaysia"
528,27/11/2015,23:48:28,indian,male,fat,40.0,yes,toddler,48.0,4.0,21.0,2.903282637,101.6623277,"Cyber Heights Villa, Cyberjaya, Sepang, Selangor, 62200, Malaysia"
529,27/11/2015,23:50:39,chinese,female,moderate,39.40782991962665,yes,young,45.0,3.0,8.0,2.960092352,101.7354836,"Kampung Dato' Abu Bakar Baginda, Sepang, Selangor, 62500, Malaysia"
530,27/11/2015,23:50:39,indian,female,fat,44.0,yes,young,30.0,5.0,21.0,2.927732002,101.6633547,"CoPlace 1, Jalan Usahawan, Cyber 6, Cyberjaya, Sepang, Selangor, 63200, Malaysia"
531,27/11/2015,23:50:39,chinese,male,thin,39.40782991962665,no,no_kids,50.0,0.0,13.0,2.967810624,101.6701283,"Presint 11, Putrajaya, 62300, Malaysia"
532,27/11/2015,23:50:39,foreigner,female,moderate,28.0,no,no_kids,14.0,3.0,21.0,2.948767186,101.6617312,"Lebuhraya Damansara‒Puchong ‒ Putrajaya dan Cyberjaya, Cyber 3, Cyberjaya, Sepang, Selangor, 62300, Malaysia"
533,27/11/2015,23:56:22,foreigner,female,moderate,34.0,no,no_kids,24.0,5.0,21.0,2.9099944,101.6879469,"Jambatan Seri Setia, Lebuh Wadi Ehsan, Putrajaya, 62100, Malaysia"
534,27/11/2015,23:56:22,indian,female,thin,39.40782991962665,no,no_kids,24.0,4.0,13.0,2.967721557,101.7018784,"IOI Resort City, Sepang, Selangor, 62502, Malaysia"
535,27/11/2015,23:56:22,chinese,male,thin,43.0,no,no_kids,25.0,4.0,10.0,2.917751933,101.7094477,"Kampung Limau Manis, Sepang, Selangor, 62150, Malaysia"
536,28/11/2015,0:04:53,chinese,female,moderate,29.0,no,no_kids,32.0,4.0,11.0,2.956889006,101.6665313,"Jalan P11, Presint 11, Putrajaya, 62300, Malaysia"
537,28/11/2015,0:12:04,indian,female,moderate,30.0,no,no_kids,44.0,1.0,10.0,2.942259727,101.7093912,"Kompleks E, Laluan Laman Putra 4, Presint 1, Putrajaya, 62000, Malaysia"
538,28/11/2015,0:12:04,indian,female,moderate,46.0,no,no_kids,37.0,1.0,19.0,2.914361418,101.7428715,"Taman Sentosa Mekar, Sepang, Selangor, 63450, Malaysia"
539,28/11/2015,0:12:04,malay,female,thin,39.0,no,no_kids,58.0,4.0,19.0,2.93470856,101.7447183,"Kampung Sungai Merab Jaya, Sepang, Selangor, 63450, Malaysia"
540,28/11/2015,0:12:04,chinese,male,fat,55.0,no,no_kids,31.0,3.0,9.0,2.916405284,101.6858747,"Istana Kehakiman, Jalan Permodenan, Presint 3, Putrajaya, 62100, Malaysia"
541,28/11/2015,0:21:35,indian,female,fat,43.0,no,no_kids,12.0,5.0,21.0,2.914746155,101.6296772,"Taman Pinggiran Cyber, Sepang, Selangor, 63000, Malaysia"
542,28/11/2015,0:21:35,indian,female,thin,29.0,no,no_kids,36.0,4.0,19.0,2.919783756,101.6763122,"Jalan P7, Putrajaya, 62100, Malaysia"
543,28/11/2015,0:26:07,chinese,male,thin,42.0,no,no_kids,47.0,1.0,12.0,2.933301166,101.7336638,"Presint 15, Putrajaya, 62050, Malaysia"
544,28/11/2015,0:47:29,chinese,male,thin,55.0,yes,toddler,51.0,5.0,21.0,2.94760833,101.6800209,"Persiaran Utara, Presint 13, Putrajaya, 61250, Malaysia"
545,28/11/2015,0:47:29,indian,male,thin,40.0,no,no_kids,51.0,3.0,16.0,2.972251655,101.7013543,"Presint 13, Putrajaya, 62502, Malaysia"
546,28/11/2015,0:47:29,malay,female,fat,36.0,no,no_kids,48.0,1.0,7.0,2.925714304,101.7105016,"Persiaran Timur, Kampung Limau Manis, Sepang, Selangor, 62000, Malaysia"
547,28/11/2015,0:53:14,indian,male,thin,37.0,yes,young,58.0,1.0,8.0,2.937817507,101.7330304,"Presint 15, Putrajaya, 62050, Malaysia"
548,28/11/2015,0:53:14,indian,male,moderate,39.40782991962665,no,no_kids,19.0,4.0,21.0,2.965852565,101.6720597,"Jalan P11, Presint 11, Putrajaya, 62300, Malaysia"
549,28/11/2015,0:53:14,chinese,female,thin,36.0,yes,baby,60.0,5.0,15.0,2.942478632,101.6600064,"Persiaran APEC, Cyber 3, Cyberjaya, Sepang, Selangor, 61250, Malaysia"
550,28/11/2015,1:07:40,malay,male,thin,48.0,no,no_kids,13.0,2.0,16.0,2.946975985,101.7462232,"Ibu Pejabat Agensi Antidadah Kebangsaan, Jalan Bukit 1, Majlis Perbandaran Kajang, Selangor, 43000, Malaysia"
551,28/11/2015,1:07:40,chinese,male,moderate,35.0,no,no_kids,39.0,0.0,10.0,2.96138144,101.6719481,"Presint 11, Putrajaya, 62300, Malaysia"
552,28/11/2015,1:46:27,malay,male,thin,41.0,no,no_kids,14.0,1.0,13.0,2.909816846,101.7431778,"Jalan Saujana 3/1, Taman Desa Saujana, Sepang, Selangor, 63450, Malaysia"
553,28/11/2015,1:46:27,indian,female,fat,53.0,no,no_kids,49.0,2.0,8.0,2.930395202,101.6632823,"Putrajaya Link, Cyber 4, Cyberjaya, Sepang, Selangor, 63200, Malaysia"
554,28/11/2015,1:46:27,chinese,female,moderate,44.0,no,no_kids,32.0,5.0,15.0,2.925271717,101.6866045,"Jalan P2 E, Presint 2, Putrajaya, 62675, Malaysia"
555,28/11/2015,1:54:34,malay,female,thin,46.0,no,no_kids,16.0,3.0,7.0,2.970066108,101.7455439,"Nichicon (M) Sdn Bhd, Jalan P/10, Seksyen 10, Bandar Baru Bangi, Majlis Perbandaran Kajang, Hulu Langat, Selangor, 43650, Malaysia"
556,28/11/2015,1:54:34,malay,male,fat,29.0,no,no_kids,41.0,3.0,16.0,2.923858206,101.6701752,"Perdana Lakeview East, Cyberjaya, Sepang, Selangor, 62100, Malaysia"
557,28/11/2015,3:15:41,foreigner,male,fat,42.0,no,no_kids,40.0,5.0,9.0,2.938944098,101.6294406,"Setia Eco Glades, Cyberjaya, Sepang, Selangor, 63200, Malaysia"
558,28/11/2015,4:34:53,chinese,female,moderate,39.0,no,no_kids,53.0,0.0,7.0,2.915374472,101.739544,"Jalan Kruing 24/2, Taman Mutiara Keruing, Sepang, Selangor, 63450, Malaysia"
559,28/11/2015,4:36:53,chinese,female,moderate,37.0,no,no_kids,29.0,4.0,10.0,2.905204264,101.6404512,"Persiaran Laman View, Cyber 10, Cyberjaya, Sepang, Selangor, 63000, Malaysia"
560,28/11/2015,4:36:53,indian,female,moderate,49.0,no,no_kids,31.0,0.0,14.0,2.932567874,101.7152646,"Jalan P15 H4/3, Presint 15, Putrajaya, 62000, Malaysia"
561,28/11/2015,4:36:53,indian,female,moderate,43.0,no,no_kids,54.0,2.0,19.0,2.921952289,101.6647757,"Lebuhraya Damansara‒Puchong ‒ Putrajaya dan Cyberjaya, Cyber 7, Cyberjaya, Sepang, Selangor, 62100, Malaysia"
562,28/11/2015,4:39:27,chinese,male,thin,42.0,no,no_kids,38.0,0.0,10.0,2.924511937,101.732014,"Puncak Pinggiran Putra, Sepang, Selangor, 63450, Malaysia"
563,28/11/2015,4:39:27,indian,male,thin,54.0,no,no_kids,30.0,0.0,7.0,2.918959965,101.695205,"Jalan P18 C2, Presint 18, Putrajaya, 62150, Malaysia"
564,28/11/2015,5:18:18,indian,male,moderate,49.0,no,no_kids,14.0,2.0,7.0,2.973086349,101.7149104,"Lebuhraya Lembah Klang Selatan, IOI Resort City, Sepang, Selangor, 62502, Malaysia"
565,28/11/2015,5:40:34,malay,female,thin,51.0,no,no_kids,36.0,1.0,19.0,2.9266717,101.7193002,"Sepang, Selangor, 62000, Malaysia"
566,28/11/2015,8:13:33,chinese,male,fat,53.0,no,no_kids,57.0,5.0,18.0,2.969867763,101.6727939,"Presint 11, Putrajaya, 62300, Malaysia"
567,28/11/2015,8:23:27,indian,male,fat,38.0,yes,young,13.0,4.0,15.0,2.952667786,101.6374642,"Cyber 2, Sepang, Selangor, 47120, Malaysia"
568,28/11/2015,8:31:26,indian,male,fat,28.0,no,no_kids,49.0,1.0,21.0,2.965767621,101.6398911,"Kampung Pulau Meranti, Sepang, Selangor, 47120, Malaysia"
569,28/11/2015,8:31:26,indian,male,fat,30.0,no,no_kids,29.0,2.0,9.0,2.929229927,101.6928441,"Kementerian Luar Negeri (Wisma Putra), Lebuh Bestari, Putrajaya, 62150, Malaysia"
570,28/11/2015,8:38:07,chinese,male,moderate,55.0,no,no_kids,13.0,5.0,13.0,2.921581535,101.7055129,"Jalan P17, Presint 17, Putrajaya, 62150, Malaysia"
571,28/11/2015,8:59:43,indian,female,fat,37.0,yes,young,28.0,1.0,11.0,2.941925339,101.7135719,"Presint 1, Putrajaya, 62000, Malaysia"
572,28/11/2015,9:01:39,foreigner,male,fat,42.0,no,no_kids,12.0,5.0,19.0,2.927915945,101.6932603,"Kementerian Luar Negeri (Wisma Putra), Lebuh Bestari, Putrajaya, 62150, Malaysia"
573,28/11/2015,9:01:39,foreigner,male,moderate,33.0,no,no_kids,39.0,2.0,7.0,2.959954328,101.7246681,"IOI Resort City, Sepang, Selangor, 62500, Malaysia"
574,28/11/2015,9:07:24,chinese,male,fat,36.0,yes,young,57.0,5.0,15.0,2.95310346,101.6927764,"Presint 10, Putrajaya, 61250, Malaysia"
575,28/11/2015,9:30:00,malay,female,fat,38.0,yes,toddler,43.0,4.0,16.0,2.950237161,101.6387785,"Cyber 2, Sepang, Selangor, 47120, Malaysia"
576,28/11/2015,9:30:00,malay,female,moderate,39.40782991962665,no,no_kids,48.0,0.0,13.0,2.936112039,101.7305357,"Presint 15, Putrajaya, 62050, Malaysia"
577,28/11/2015,10:11:49,chinese,male,moderate,38.0,no,no_kids,53.0,4.0,10.0,2.945627995,101.7402113,"Jalan Haji Muhammad Amin, Sepang, Selangor, 62050, Malaysia"
578,28/11/2015,10:29:01,indian,female,moderate,36.0,no,no_kids,29.0,5.0,13.0,2.921483673,101.6398965,"Persiaran Multimedia, Cyber 11, Cyberjaya, Sepang, Selangor, 63000, Malaysia"
579,28/11/2015,10:40:32,chinese,female,thin,36.0,no,no_kids,23.0,0.0,9.0,2.946974354,101.6392586,"Putrajaya Link, Cyber 2, Cyberjaya, Sepang, Selangor, 63200, Malaysia"
580,28/11/2015,10:47:35,chinese,female,thin,53.0,no,no_kids,19.0,5.0,10.0,2.957852455,101.6589347,"Lebuhraya Damansara‒Puchong ‒ Putrajaya dan Cyberjaya, Cyber 3, Cyberjaya, Sepang, Selangor, 62300, Malaysia"
581,28/11/2015,11:02:24,malay,female,fat,39.40782991962665,no,no_kids,43.0,3.0,8.0,2.940828808,101.7247489,"Library - Nexus International School Malaysia, Jalan Diplomatik 3/6, Presint Diplomatik, Putrajaya, 62050, Malaysia"
582,28/11/2015,11:02:24,malay,female,fat,46.0,no,no_kids,43.0,1.0,13.0,2.958265135,101.6873226,"Jalan P11A, Presint 11, Putrajaya, 61250, Malaysia"
583,28/11/2015,11:02:30,indian,female,moderate,37.0,yes,young,22.0,5.0,21.0,2.971401724,101.6875194,"Sepang, Selangor, 62300, Malaysia"
584,28/11/2015,11:02:30,indian,female,moderate,43.0,yes,baby,13.0,3.0,13.0,2.922645674,101.6643563,"MCMC Parking, Jalan IMPACT, Cyber 6, Cyberjaya, Sepang, Selangor, 63000, Malaysia"
585,28/11/2015,11:02:30,chinese,female,fat,48.0,yes,toddler,55.0,4.0,7.0,2.955160058,101.6803372,"Jalan P11, Presint 11, Putrajaya, 62300, Malaysia"
586,28/11/2015,11:02:30,indian,female,moderate,37.0,yes,young,53.0,5.0,12.0,2.932437877,101.6309001,"Lakefront Residence, Cyberjaya, Sepang, Selangor, 63000, Malaysia"
587,28/11/2015,11:02:30,indian,female,moderate,52.0,yes,young,38.0,1.0,12.0,2.92449831,101.7305641,"Puncak Pinggiran Putra, Sepang, Selangor, 63450, Malaysia"
588,28/11/2015,11:02:30,indian,female,fat,39.0,no,no_kids,37.0,0.0,10.0,2.959347135,101.7170518,"Persiaran Utara, IOI Resort City, Sepang, Selangor, 62500, Malaysia"
589,28/11/2015,11:02:49,chinese,female,moderate,38.0,no,no_kids,56.0,2.0,19.0,2.904763127,101.6316718,"Cyber 10, Cyberjaya, Sepang, Selangor, 63000, Malaysia"
590,28/11/2015,11:02:49,chinese,female,fat,42.0,no,no_kids,13.0,1.0,8.0,2.924931051,101.6847688,"Jalan P2 M, Presint 2, Putrajaya, 62100, Malaysia"
591,28/11/2015,11:02:49,indian,female,moderate,41.0,no,no_kids,39.0,1.0,11.0,2.966777948,101.6741101,"Presint 11, Putrajaya, 62300, Malaysia"
592,28/11/2015,11:02:49,indian,female,moderate,47.0,no,no_kids,46.0,3.0,15.0,2.923326498,101.6962434,"Jalan P18 C1/5, Presint 18, Putrajaya, 62150, Malaysia"
593,28/11/2015,11:02:49,indian,female,moderate,29.0,no,no_kids,29.0,3.0,7.0,2.967124392,101.7161176,"Palm Garden Golf Club, Persiaran Utara, IOI Resort City, Sepang, Selangor, 62500, Malaysia"
594,28/11/2015,11:03:01,indian,female,fat,46.0,yes,young,18.0,1.0,14.0,2.963065577,101.6500891,"Lorry parking, Lebuhraya Maju, 16 Sierra, Sepang, Selangor, 47110, Malaysia"
595,28/11/2015,11:03:01,indian,female,fat,36.0,yes,young,31.0,5.0,11.0,2.91193509,101.6930298,"Putrajaya, 62100, Malaysia"
596,28/11/2015,11:03:01,chinese,female,moderate,34.0,no,no_kids,38.0,2.0,15.0,2.951923534,101.7417901,"Desa Anita, Sepang, Selangor, 62050, Malaysia"
597,28/11/2015,11:03:01,chinese,female,moderate,51.0,no,no_kids,47.0,2.0,10.0,2.929132654,101.6695923,"Jalan P7 D, Presint 7, Putrajaya, 62250, Malaysia"
598,28/11/2015,11:03:01,indian,female,moderate,51.0,yes,young,25.0,5.0,9.0,2.93922722,101.7097454,"Alamanda, Jalan P 16, Presint 16, Putrajaya, 62150, Malaysia"
599,28/11/2015,11:03:57,indian,female,fat,44.0,no,no_kids,25.0,4.0,14.0,2.942736363,101.7142655,"Lebuh Perdana Timur, Putrajaya, 62000, Malaysia"
600,28/11/2015,11:03:57,chinese,female,moderate,33.0,no,no_kids,17.0,2.0,18.0,2.929746815,101.7307794,"Puncak Pinggiran Putra, Sepang, Selangor, 63450, Malaysia"
601,28/11/2015,11:03:57,chinese,female,fat,46.0,no,no_kids,25.0,0.0,7.0,2.915943763,101.665955,"Perdana Lakeview West, Cyberjaya, Sepang, Selangor, 62100, Malaysia"
602,28/11/2015,11:03:57,indian,female,fat,45.0,no,young,40.0,0.0,11.0,2.957260875,101.6683007,"Presint 11, Putrajaya, 62300, Malaysia"
603,28/11/2015,11:33:31,indian,female,moderate,45.0,no,no_kids,48.0,0.0,21.0,2.949879983,101.6626198,"Persiaran Harmoni, Cyber 3, Cyberjaya, Sepang, Selangor, 62300, Malaysia"
604,28/11/2015,12:15:39,indian,female,thin,50.0,yes,young,45.0,5.0,13.0,2.916232551,101.6641547,"Lebuhraya Damansara‒Puchong ‒ Putrajaya dan Cyberjaya, Cyber 7, Cyberjaya, Sepang, Selangor, 62100, Malaysia"
605,28/11/2015,12:22:57,malay,female,moderate,37.0,no,no_kids,34.0,1.0,15.0,2.965186824,101.6831585,"Jalan P11, Presint 11, Putrajaya, 62300, Malaysia"
606,28/11/2015,12:50:13,indian,female,moderate,40.0,yes,young,44.0,4.0,14.0,2.918912231,101.6666117,"Cyberview Garden Villas, Cyberjaya, Sepang, Selangor, 62100, Malaysia"
607,28/11/2015,12:50:13,foreigner,female,thin,44.0,yes,baby,48.0,2.0,21.0,2.90333921,101.718155,"Sepang, Selangor, 63450, Malaysia"
608,28/11/2015,13:01:41,malay,female,fat,52.0,no,no_kids,57.0,5.0,10.0,2.918930577,101.6994197,"Presint 18, Putrajaya, 62150, Malaysia"
609,28/11/2015,13:01:41,indian,female,fat,51.0,no,no_kids,45.0,5.0,16.0,2.9049017,101.7274926,"Taman Nusa Idaman, Sepang, Selangor, 63450, Malaysia"
610,28/11/2015,13:01:41,chinese,male,moderate,49.0,no,no_kids,18.0,3.0,17.0,2.916256362,101.6290349,"Jalan PC 3/6, Taman Pinggiran Cyber, Sepang, Selangor, 63000, Malaysia"
611,28/11/2015,13:56:34,indian,female,moderate,40.0,yes,young,28.0,0.0,16.0,2.924212207,101.7376962,"Taman Casa Mekar, Kampung Sungai Merab Ulu, Sepang, Selangor, 63450, Malaysia"
612,28/11/2015,14:50:23,malay,female,fat,46.0,no,no_kids,35.0,4.0,14.0,2.921514148,101.688213,"Jalan P2 T, Presint 2, Putrajaya, 62100, Malaysia"
613,28/11/2015,14:50:23,chinese,male,fat,39.40782991962665,no,no_kids,60.0,5.0,16.0,2.931629399,101.6633854,"Cyberjaya, Sepang, Selangor, 61250, Malaysia"
614,28/11/2015,14:53:57,chinese,female,moderate,52.0,no,no_kids,19.0,1.0,19.0,2.968009855,101.722093,"IOI Resort City, Sepang, Selangor, 62502, Malaysia"
615,28/11/2015,14:53:57,indian,female,fat,55.0,no,no_kids,26.0,2.0,11.0,2.956438008,101.6908981,"Jalan P11A 6/1, Presint 11, Putrajaya, 61250, Malaysia"
616,28/11/2015,14:56:42,indian,female,fat,39.40782991962665,yes,young,38.0,3.0,14.0,2.96084098,101.6828673,"Jalan P11A 1/12, Presint 11, Putrajaya, 62300, Malaysia"
617,28/11/2015,14:56:42,indian,female,fat,41.0,no,no_kids,20.0,1.0,10.0,2.935683436,101.6870614,"Presint 8, Putrajaya, 62250, Malaysia"
618,28/11/2015,14:56:42,indian,female,moderate,44.0,yes,young,36.0,3.0,9.0,2.919716262,101.7380717,"Kampung Desa Putra, Kampung Sungai Merab Ulu, Sepang, Selangor, 63450, Malaysia"
619,28/11/2015,14:56:42,indian,female,fat,39.40782991962665,no,no_kids,55.0,4.0,13.0,2.921243909,101.6519831,"Alqasr Restaurant, Persiaran Multimedia, Cyber 12, Cyberjaya, Sepang, Selangor, 63000, Malaysia"
620,28/11/2015,14:58:17,malay,female,moderate,49.0,no,no_kids,57.0,5.0,12.0,2.920194801,101.7254579,"Limau Manis, Kampung Limau Manis, Sepang, Selangor, 63450, Malaysia"
621,28/11/2015,14:58:17,chinese,female,moderate,55.0,no,no_kids,12.0,3.0,19.0,2.956901911,101.6791505,"Jalan P11, Presint 11, Putrajaya, 62300, Malaysia"
622,28/11/2015,14:58:17,indian,female,moderate,29.0,yes,young,48.0,4.0,13.0,2.90410938,101.744252,"Sepang, Selangor, 63450, Malaysia"
623,28/11/2015,14:58:17,indian,female,moderate,32.0,yes,young,29.0,2.0,11.0,2.912415375,101.7295008,"Surau, Desa Putra, Kampung Desa Putra, Sepang, Selangor, 63450, Malaysia"
624,28/11/2015,14:58:17,indian,female,moderate,55.0,yes,young,11.0,4.0,19.0,2.957823618,101.7397833,"Jalan Teratai, Kampung Dato' Abu Bakar Baginda, Sepang, Selangor, 62500, Malaysia"
625,28/11/2015,15:01:51,indian,female,moderate,53.0,yes,no_kids,46.0,2.0,8.0,2.957241351,101.6677904,"Presint 11, Putrajaya, 62300, Malaysia"
626,28/11/2015,15:01:51,indian,female,fat,35.0,yes,young,55.0,0.0,10.0,2.9193668,101.6732867,"Perdana Lakeview East, Cyberjaya, Sepang, Selangor, 62100, Malaysia"
627,28/11/2015,16:16:37,foreigner,female,moderate,39.40782991962665,yes,young,19.0,0.0,18.0,2.917350483,101.7138555,"RKT Limau Manis, Kampung Limau Manis, Sepang, Selangor, 62150, Malaysia"
628,28/11/2015,16:16:37,chinese,male,moderate,54.0,no,no_kids,32.0,2.0,20.0,2.960956877,101.705177,"Presint 13, Putrajaya, 62502, Malaysia"
629,28/11/2015,18:01:45,foreigner,male,fat,54.0,no,no_kids,42.0,3.0,21.0,2.916161793,101.6329052,"Cyberjaya, Sepang, Selangor, 63000, Malaysia"
630,28/11/2015,18:01:45,malay,male,fat,45.0,no,no_kids,13.0,5.0,18.0,2.943742008,101.6833709,"Presint 10, Putrajaya, 62250, Malaysia"
631,28/11/2015,18:39:28,chinese,male,fat,40.0,no,no_kids,12.0,1.0,8.0,2.917113839,101.6721468,"Perdana Lakeview East, Cyberjaya, Sepang, Selangor, 62100, Malaysia"
632,28/11/2015,18:39:28,foreigner,male,fat,37.0,no,no_kids,36.0,2.0,12.0,2.941018669,101.7035725,"Persiaran Sultan Salahuddin Abdul Aziz Shah, Presint 1, Putrajaya, 62519, Malaysia"
633,28/11/2015,18:39:28,foreigner,male,fat,28.0,no,no_kids,40.0,2.0,14.0,2.93648461,101.7437368,"Kampung Sungai Merab Jaya, Sepang, Selangor, 63450, Malaysia"
634,28/11/2015,19:20:25,indian,female,fat,39.0,yes,toddler,57.0,5.0,16.0,2.906378735,101.7065735,"Jalan Pinggiran Putra 3/4, Desa Pinggiran Putra, Sepang, Selangor, 62150, Malaysia"
635,28/11/2015,19:20:54,indian,male,fat,38.0,yes,young,56.0,0.0,14.0,2.966765123,101.6565403,"16 Sierra, Sepang, Selangor, 47110, Malaysia"
636,28/11/2015,19:20:54,chinese,male,moderate,37.0,no,no_kids,57.0,1.0,21.0,2.918093308,101.7189174,"Limau Manis, Kampung Limau Manis, Sepang, Selangor, 63450, Malaysia"
637,28/11/2015,19:37:03,foreigner,male,fat,55.0,no,no_kids,51.0,3.0,10.0,2.937165184,101.7462031,"Kampung Sungai Merab Jaya, Sepang, Selangor, 63450, Malaysia"
638,28/11/2015,19:41:26,indian,female,fat,47.0,no,no_kids,21.0,1.0,20.0,2.9443521,101.7380468,"Sepang, Selangor, 62050, Malaysia"
639,28/11/2015,20:13:04,malay,female,fat,32.0,no,young,46.0,2.0,15.0,2.903999468,101.6468071,"Cyber 8, Cyberjaya, Sepang, Selangor, 63000, Malaysia"
640,28/11/2015,21:02:03,chinese,female,moderate,53.0,no,no_kids,33.0,0.0,11.0,2.951017612,101.6778879,"Presint 11, Putrajaya, 61250, Malaysia"
641,28/11/2015,21:02:03,indian,female,moderate,40.0,no,no_kids,40.0,4.0,11.0,2.96161758,101.6793631,"Jalan P11, Presint 11, Putrajaya, 62300, Malaysia"
642,28/11/2015,21:07:53,chinese,male,fat,48.0,no,no_kids,38.0,0.0,18.0,2.953016497,101.6956509,"Persiaran Utara, Presint 12, Putrajaya, 62519, Malaysia"
643,28/11/2015,21:07:03,chinese,female,moderate,29.0,no,no_kids,60.0,1.0,7.0,2.911532141,101.7136628,"Jalan Pinggiran Putra 1/1, Desa Pinggiran Putra, Kampung Limau Manis, Sepang, Selangor, 62150, Malaysia"
644,28/11/2015,21:44:36,indian,male,fat,39.0,no,no_kids,39.0,2.0,16.0,2.952553114,101.6422005,"Sepang, Selangor, 47120, Malaysia"
645,28/11/2015,22:12:27,indian,male,fat,46.0,no,no_kids,41.0,4.0,20.0,2.942448724,101.6682981,"Lebuhraya Damansara‒Puchong ‒ Putrajaya dan Cyberjaya, Cyber 3, Cyberjaya, Sepang, Selangor, 62300, Malaysia"
646,28/11/2015,22:12:27,indian,male,moderate,53.0,no,no_kids,18.0,1.0,11.0,2.935239996,101.6786346,"Lebuh Sentosa, Putrajaya, 62250, Malaysia"
647,28/11/2015,22:12:27,foreigner,female,moderate,40.0,no,no_kids,13.0,0.0,9.0,2.91047392,101.6472204,"Persiaran Rimba Permai, Cyber 9, Cyberjaya, Sepang, Selangor, 63000, Malaysia"
648,28/11/2015,22:17:54,malay,male,fat,42.0,no,no_kids,43.0,3.0,18.0,2.909217289,101.6513053,"HASIL, Lingkaran Cyber Point Barat, Cyber 12, Cyberjaya, Sepang, Selangor, 63000, Malaysia"
649,28/11/2015,23:04:39,indian,male,moderate,55.0,no,no_kids,18.0,5.0,18.0,2.962770274,101.631379,"Kampung Pulau Meranti, Sepang, Selangor, 47120, Malaysia"
650,28/11/2015,23:04:39,indian,male,moderate,38.0,no,no_kids,31.0,2.0,11.0,2.933335195,101.72351,"Presint 15, Putrajaya, 62000, Malaysia"
651,28/11/2015,23:04:39,indian,male,fat,41.0,no,no_kids,46.0,5.0,8.0,2.910158031,101.6554901,"Cyber 8, Cyberjaya, Sepang, Selangor, 63000, Malaysia"
652,28/11/2015,23:04:39,malay,female,fat,55.0,no,no_kids,46.0,1.0,13.0,2.954026725,101.7053091,"Presint 12, Putrajaya, 62000, Malaysia"
653,28/11/2015,23:14:19,indian,male,fat,35.0,no,no_kids,42.0,1.0,20.0,2.94252653,101.6488364,"MEX, Cyberjaya, Sepang, Selangor, 63200, Malaysia"
654,28/11/2015,23:18:29,indian,female,thin,44.0,no,no_kids,27.0,3.0,11.0,2.958719478,101.6452496,"Cyberjaya, Sepang, Selangor, 47120, Malaysia"
655,28/11/2015,23:54:31,foreigner,female,moderate,52.0,yes,young,27.0,1.0,21.0,2.912573936,101.7228097,"Desa Putra, Kampung Desa Putra, Sepang, Selangor, 63450, Malaysia"
656,29/11/2015,0:07:01,indian,male,fat,34.0,yes,young,35.67082167387433,3.0,19.0,2.928971004,101.6655649,"Putrajaya Link, Cyber 4, Cyberjaya, Sepang, Selangor, 63200, Malaysia"
657,29/11/2015,0:08:32,chinese,female,moderate,40.0,yes,young,51.0,2.0,21.0,2.922637325,101.667031,"Cyberview Lodge Resort and Spa, Persiaran Tasik, Cyber 7, Cyberjaya, Sepang, Selangor, 62100, Malaysia"
658,29/11/2015,0:08:32,malay,female,moderate,28.0,yes,young,35.67082167387433,2.0,10.0,2.926968056,101.7111016,"Persiaran Timur, Kampung Limau Manis, Sepang, Selangor, 62000, Malaysia"
659,29/11/2015,0:08:32,foreigner,female,moderate,51.0,yes,no_kids,37.0,5.0,18.0,2.919950719,101.6670731,"Cyberview Garden Villas, Cyberjaya, Sepang, Selangor, 62100, Malaysia"
660,29/11/2015,0:09:18,chinese,female,moderate,51.0,yes,young,26.0,4.0,20.0,2.957438106,101.7368256,"Kampung Dato' Abu Bakar Baginda, Sepang, Selangor, 62500, Malaysia"
661,29/11/2015,0:09:18,foreigner,female,moderate,37.0,no,young,35.67082167387433,3.0,21.0,2.946010678,101.6409426,"Putrajaya Link, Cyber 2, Cyberjaya, Sepang, Selangor, 63200, Malaysia"
662,29/11/2015,0:09:18,chinese,male,thin,43.0,no,toddler,35.67082167387433,3.0,8.0,2.94102695,101.7029627,"Persiaran Sultan Salahuddin Abdul Aziz Shah, Presint 1, Putrajaya, 62519, Malaysia"
663,29/11/2015,1:25:34,chinese,male,fat,53.0,no,no_kids,32.0,1.0,16.0,2.925112052,101.7267215,"Puncak Pinggiran Putra, Sepang, Selangor, 63450, Malaysia"
664,29/11/2015,1:25:34,chinese,male,fat,43.0,no,no_kids,57.0,0.0,16.0,2.957848499,101.6967363,"Presint 13, Putrajaya, 62502, Malaysia"
665,29/11/2015,1:25:34,foreigner,male,thin,44.0,no,no_kids,27.0,0.0,13.0,2.913288621,101.7112219,"Kampung Limau Manis, Sepang, Selangor, 62150, Malaysia"
666,29/11/2015,1:25:34,chinese,female,moderate,39.40782991962665,no,no_kids,12.0,3.0,7.0,2.965771246,101.6581466,"Lebuhraya Maju, 16 Sierra, Cyberjaya, Sepang, Selangor, 62300, Malaysia"
667,29/11/2015,2:12:22,chinese,female,moderate,38.0,no,no_kids,34.0,2.0,8.0,2.970201418,101.7199936,"IOI Resort City, Sepang, Selangor, 62502, Malaysia"
668,29/11/2015,2:12:22,foreigner,male,fat,46.0,no,no_kids,15.0,3.0,16.0,2.924151618,101.7016625,"Selasih Playground Blok A, Lebuh Wadi Ehsan, Presint 17, Putrajaya, 62150, Malaysia"
669,29/11/2015,2:12:22,chinese,male,fat,50.0,no,no_kids,35.67082167387433,1.0,7.0,2.924678055,101.6402722,"Universiti Multimedia, Persiaran Multimedia, Cyber 11, Cyberjaya, Sepang, Selangor, 63000, Malaysia"
670,29/11/2015,2:12:22,chinese,female,moderate,47.0,no,no_kids,40.0,2.0,16.0,2.960791108,101.7074753,"Presint 13, Putrajaya, 62502, Malaysia"
671,29/11/2015,2:38:45,malay,female,moderate,41.0,no,no_kids,53.0,1.0,12.0,2.946092143,101.6453396,"Putrajaya Link, Cyber 2, Cyberjaya, Sepang, Selangor, 63200, Malaysia"
672,29/11/2015,2:38:45,foreigner,male,moderate,29.0,no,no_kids,35.67082167387433,3.0,19.0,2.929541327,101.7324927,"Puncak Pinggiran Putra, Sepang, Selangor, 63450, Malaysia"
673,29/11/2015,2:38:45,chinese,male,fat,39.40782991962665,no,no_kids,35.0,0.0,11.0,2.91456785,101.6341533,"Persiaran Sepang, Cyber 9, Cyberjaya, Sepang, Selangor, 63000, Malaysia"
674,29/11/2015,2:38:45,chinese,male,moderate,39.40782991962665,yes,toddler,17.0,3.0,10.0,2.916515631,101.658156,"Persiaran APEC, Cyber 6, Cyberjaya, Sepang, Selangor, 62200, Malaysia"
675,29/11/2015,2:44:59,malay,male,fat,53.0,no,no_kids,39.0,5.0,14.045362392295996,2.957957874,101.705379,"Presint 12, Putrajaya, 62502, Malaysia"
676,29/11/2015,2:44:59,chinese,female,fat,39.40782991962665,no,no_kids,33.0,3.0,21.0,2.904358446,101.6305207,"Cyber 10, Cyberjaya, Sepang, Selangor, 63000, Malaysia"
677,29/11/2015,2:44:59,foreigner,male,thin,39.0,no,no_kids,12.0,5.0,20.0,2.942797402,101.703617,"Persiaran Sultan Salahuddin Abdul Aziz Shah, Presint 1, Putrajaya, 62519, Malaysia"
678,29/11/2015,2:44:59,chinese,female,moderate,49.0,no,no_kids,35.67082167387433,4.0,19.0,2.911918124,101.7009079,"Sepang, Selangor, 62150, Malaysia"
679,29/11/2015,2:44:59,chinese,female,moderate,36.0,no,no_kids,21.0,1.0,14.045362392295996,2.919956993,101.6684252,"Perdana Lakeview East, Cyberjaya, Sepang, Selangor, 62100, Malaysia"
680,29/11/2015,3:24:52,foreigner,male,fat,54.0,no,no_kids,39.0,5.0,19.0,2.931741434,101.642257,"Universiti Multimedia, Persiaran Multimedia, Cyber 11, Cyberjaya, Sepang, Selangor, 63000, Malaysia"
681,29/11/2015,3:24:52,chinese,male,fat,47.0,no,no_kids,39.0,1.0,19.0,2.970509719,101.7440182,"Lebuhraya Utara–Selatan, Majlis Perbandaran Kajang, Hulu Langat, Selangor, 43650, Malaysia"
682,29/11/2015,3:24:52,chinese,female,moderate,34.0,no,no_kids,58.0,3.0,21.0,2.93427138,101.6590206,"Putrajaya Link, Cyber 4, Cyberjaya, Sepang, Selangor, 63200, Malaysia"
683,29/11/2015,3:24:52,chinese,female,moderate,39.40782991962665,no,no_kids,38.0,3.0,21.0,2.970195022,101.7255416,"Universiti Tenaga Nasional (Kampus Putrajaya), Lebuhraya Lembah Klang Selatan, IOI Resort City, Sepang, Selangor, 62502, Malaysia"
684,29/11/2015,3:36:20,foreigner,male,fat,50.0,no,no_kids,17.0,5.0,19.0,2.953802122,101.6832687,"Jalan P11, Presint 11, Putrajaya, 62300, Malaysia"
685,29/11/2015,3:36:20,chinese,male,fat,38.0,no,no_kids,43.0,1.0,15.0,2.931863638,101.7209484,"Jalan P15 H4/5, Presint 15, Putrajaya, 62000, Malaysia"
686,29/11/2015,3:36:20,chinese,female,moderate,42.0,yes,toddler,45.0,1.0,16.0,2.939490173,101.7068553,"Kompleks E, Laluan Laman Putra 4, Presint 1, Putrajaya, 62000, Malaysia"
687,29/11/2015,3:36:20,chinese,female,moderate,42.0,no,baby,32.0,4.0,19.0,2.942748198,101.7129786,"Lebuh Perdana Timur, Presint 1, Putrajaya, 62519, Malaysia"
688,29/11/2015,3:47:21,chinese,female,moderate,47.0,yes,baby,36.0,2.0,7.0,2.909727641,101.6732785,"Yayasan Kepimpinan Perdana, Jambatan Seri Saujana, Presint 4, Putrajaya, 62100, Malaysia"
689,29/11/2015,3:47:21,chinese,female,moderate,54.0,no,toddler,23.0,2.0,20.0,2.914832576,101.6571906,"RBC Dexia Investor Services, Persiaran APEC, Cyber 6, Cyberjaya, Sepang, Selangor, 62200, Malaysia"
690,29/11/2015,3:47:21,chinese,female,moderate,39.0,yes,toddler,23.0,1.0,19.0,2.917192203,101.6881944,"Jalan Tun Hussein, Putrajaya, 62100, Malaysia"
691,29/11/2015,3:47:21,chinese,female,moderate,44.0,yes,baby,35.0,1.0,7.0,2.904473873,101.7428557,"Sepang, Selangor, 63450, Malaysia"
692,29/11/2015,4:01:54,malay,female,moderate,52.0,yes,baby,36.0,1.0,11.0,2.939444719,101.6347073,"Setia Eco Glades, Cyberjaya, Sepang, Selangor, 63200, Malaysia"
693,29/11/2015,4:01:54,chinese,female,moderate,39.40782991962665,yes,baby,44.0,5.0,12.0,2.950852176,101.6603759,"Lebuhraya Damansara‒Puchong ‒ Putrajaya dan Cyberjaya, Cyber 3, Cyberjaya, Sepang, Selangor, 62300, Malaysia"
694,29/11/2015,4:01:54,chinese,female,moderate,35.0,yes,baby,21.0,4.0,16.0,2.910613335,101.7269948,"Jalan Jamaludin, Sepang, Selangor, 63450, Malaysia"
695,29/11/2015,4:01:54,malay,female,moderate,45.0,no,baby,28.0,5.0,15.0,2.916988194,101.6408995,"Symphony Hills, Cyberjaya, Sepang, Selangor, Malaysia"
696,29/11/2015,4:02:14,chinese,female,moderate,47.0,yes,baby,21.0,5.0,19.0,2.907125759,101.7149214,"Persiaran Timur, Kampung Limau Manis, Sepang, Selangor, 62000, Malaysia"
697,29/11/2015,4:02:14,chinese,female,moderate,39.0,yes,toddler,35.0,2.0,21.0,2.948978846,101.629442,"Jalan Meranti 2, Cyber 2, Cyberjaya, Sepang, Selangor, 47130, Malaysia"
698,29/11/2015,4:02:14,chinese,female,moderate,46.0,yes,baby,17.0,2.0,15.0,2.918637021,101.7120882,"Kampung Limau Manis, Sepang, Selangor, 62150, Malaysia"
699,29/11/2015,4:02:14,malay,female,fat,45.0,no,no_kids,41.0,4.0,15.0,2.913787003,101.6969076,"Jalan P18 H1/1, Presint 18, Putrajaya, 62150, Malaysia"
700,29/11/2015,4:02:14,chinese,male,fat,53.0,no,no_kids,54.0,1.0,7.0,2.918054787,101.6817762,"Kompleks Islam Putrajaya, Jalan Tunku Abdul Rahman, Presint 3, Putrajaya, 62100, Malaysia"
701,29/11/2015,4:02:14,chinese,female,moderate,29.0,no,no_kids,41.0,4.0,16.0,2.963817969,101.6643759,"Presint 11, Putrajaya, 62300, Malaysia"
702,29/11/2015,4:02:14,indian,female,fat,43.0,no,no_kids,33.0,0.0,11.0,2.951126262,101.6804765,"Presint 11, Putrajaya, 61250, Malaysia"
703,29/11/2015,4:02:14,indian,female,fat,47.0,yes,young,59.0,0.0,14.0,2.909871047,101.6712628,"Persiaran Tasik, Cyber 7, Cyberjaya, Sepang, Selangor, 62100, Malaysia"
704,29/11/2015,4:03:48,indian,female,fat,49.0,no,no_kids,17.0,4.0,9.0,2.961989377,101.743933,"RHB, Lebuhraya Utara–Selatan, Majlis Perbandaran Kajang, Hulu Langat, Selangor, 43650, Malaysia"
705,29/11/2015,4:03:48,indian,female,moderate,39.0,yes,young,45.0,5.0,13.0,2.962255283,101.6477195,"Kawasan Perindustrian Meranti Utama, Sepang, Selangor, 47110, Malaysia"
706,29/11/2015,4:03:48,indian,female,fat,29.0,no,no_kids,19.0,2.0,9.0,2.927312308,101.7270998,"Puncak Pinggiran Putra, Sepang, Selangor, 63450, Malaysia"
707,29/11/2015,4:03:48,chinese,female,moderate,34.0,no,no_kids,13.0,3.0,9.0,2.941888072,101.720573,"Presint 15, Putrajaya, 62050, Malaysia"
708,29/11/2015,4:03:48,chinese,female,moderate,48.0,no,no_kids,33.0,0.0,11.0,2.957548044,101.6369045,"Sepang, Selangor, 47120, Malaysia"
709,29/11/2015,4:03:48,indian,female,fat,36.0,yes,young,31.0,2.0,17.0,2.927095285,101.6853109,"Jalan Tunku Abdul Rahman, Presint 2, Putrajaya, 62250, Malaysia"
710,29/11/2015,4:03:48,indian,female,moderate,39.0,yes,young,59.0,5.0,21.0,2.969259866,101.7350549,"Akademi CIMB, Jalan Ayer Hitam, Sepang, Selangor, 62500, Malaysia"
711,29/11/2015,4:03:48,indian,female,moderate,42.0,yes,young,18.0,3.0,19.0,2.932734692,101.639821,"Universiti Multimedia, Persiaran Multimedia, Cyber 11, Cyberjaya, Sepang, Selangor, 63000, Malaysia"
712,29/11/2015,4:03:48,indian,female,moderate,40.0,yes,young,43.0,2.0,16.0,2.931441416,101.6920606,"Presint 2, Putrajaya, 62675, Malaysia"
713,29/11/2015,4:03:48,indian,female,fat,37.0,yes,young,22.0,0.0,15.0,2.966404153,101.6634601,"Lebuhraya Damansara‒Puchong ‒ Putrajaya dan Cyberjaya, Cyber 3, Cyberjaya, Sepang, Selangor, 62300, Malaysia"
714,29/11/2015,4:03:48,malay,female,moderate,31.0,yes,young,29.0,0.0,18.0,2.924749135,101.7028921,"SK Putrajaya Presint 17(1), Lebuh Wadi Ehsan, Presint 17, Putrajaya, 62150, Malaysia"
715,29/11/2015,4:03:48,chinese,male,moderate,28.0,no,no_kids,13.0,4.0,7.0,2.938481407,101.6517113,"Lebuhraya Maju, Cyber 4, Cyberjaya, Sepang, Selangor, 63200, Malaysia"
716,29/11/2015,4:04:37,foreigner,male,moderate,46.0,no,no_kids,55.0,5.0,11.0,2.913268453,101.6865539,"Jalan Tun Hussein, Presint 4, Putrajaya, 62100, Malaysia"
717,29/11/2015,4:04:37,foreigner,male,fat,30.0,no,no_kids,32.0,3.0,16.0,2.957660495,101.720887,"IOI Resort City, Sepang, Selangor, 62500, Malaysia"
718,29/11/2015,4:04:37,chinese,male,moderate,53.0,no,no_kids,22.0,4.0,12.0,2.971398735,101.6738833,"Presint 11, Putrajaya, 62300, Malaysia"
719,29/11/2015,4:04:37,foreigner,female,fat,55.0,no,no_kids,34.0,2.0,21.0,2.93056339,101.628685,"Cyberjaya, Sepang, Selangor, 63200, Malaysia"
720,29/11/2015,4:04:37,foreigner,male,fat,51.0,no,no_kids,48.0,1.0,15.0,2.961194604,101.7051995,"Presint 13, Putrajaya, 62502, Malaysia"
721,29/11/2015,4:04:37,malay,male,moderate,46.0,yes,toddler,58.0,5.0,18.0,2.95699819,101.6843143,"Petronas, Jalan P11A, Presint 11, Putrajaya, 61250, Malaysia"
722,29/11/2015,4:04:37,indian,male,fat,45.0,yes,young,23.0,4.0,12.0,2.967509037,101.6319238,"Jalan Pulau Meranti, Kampung Pulau Meranti, Sepang, Selangor, 47120, Malaysia"
723,29/11/2015,4:04:37,malay,female,moderate,45.0,no,no_kids,41.0,0.0,20.0,2.911208825,101.6730881,"Yayasan Kepimpinan Perdana, Jambatan Seri Saujana, Presint 4, Putrajaya, 62100, Malaysia"
724,29/11/2015,4:04:37,foreigner,male,fat,32.0,no,no_kids,43.0,0.0,8.0,2.909098192,101.6388981,"Cyber 9, Cyberjaya, Sepang, Selangor, 63000, Malaysia"
725,29/11/2015,4:04:37,indian,female,fat,37.0,no,no_kids,46.0,2.0,7.0,2.94279574,101.6541146,"Jalan Teknokrat 1, Cyberjaya, Sepang, Selangor, 63200, Malaysia"
726,29/11/2015,4:05:42,malay,female,fat,54.0,yes,young,52.0,3.0,15.0,2.946968882,101.7387538,"Jalan Sungai Merab - Bangi, Kampung Dato' Abu Bakar Baginda, Sepang, Selangor, 62500, Malaysia"
727,29/11/2015,4:05:42,chinese,female,moderate,39.40782991962665,no,no_kids,51.0,0.0,14.0,2.96077247,101.6579484,"Sepang, Selangor, 62300, Malaysia"
728,29/11/2015,4:05:42,malay,female,moderate,28.0,no,no_kids,17.0,0.0,14.0,2.909416936,101.7412211,"Jalan Saujana 3/1, Taman Desa Saujana, Sepang, Selangor, 63450, Malaysia"
729,29/11/2015,4:05:59,chinese,female,fat,38.0,no,no_kids,16.0,0.0,20.0,2.972706179,101.6729075,"Lebuhraya Maju, Sepang, Selangor, 62300, Malaysia"
730,29/11/2015,4:05:59,chinese,female,fat,52.0,no,no_kids,36.0,5.0,9.0,2.93536782,101.6457147,"Majlis Perbandaran Sepang, Persiaran Semarak Api, Cyber 11, Cyberjaya, Sepang, Selangor, 63200, Malaysia"
731,29/11/2015,4:05:59,indian,male,fat,35.0,no,no_kids,23.0,4.0,13.0,2.952819537,101.6785248,"Presint 11, Putrajaya, 61250, Malaysia"
732,29/11/2015,4:05:59,indian,male,fat,47.0,no,no_kids,23.0,4.0,18.0,2.959312907,101.6969724,"Persiaran Persekutuan, Presint 13, Putrajaya, 62502, Malaysia"
733,29/11/2015,4:05:59,indian,male,moderate,35.0,no,no_kids,13.0,5.0,13.0,2.90613794,101.6682155,"Putrajaya Recreational Airfield, Jalan P6, Presint 6, Putrajaya, 62200, Malaysia"
734,29/11/2015,4:06:04,foreigner,female,moderate,37.0,no,no_kids,37.0,4.0,11.0,2.959703276,101.7101222,"Presint 13, Putrajaya, 62502, Malaysia"
735,29/11/2015,4:06:04,chinese,male,fat,54.0,no,no_kids,47.0,2.0,12.0,2.947388329,101.70827,"Kompleks F, Jalan Perdana Timur A, Presint 1, Putrajaya, 62000, Malaysia"
736,29/11/2015,4:06:04,indian,male,moderate,54.0,no,no_kids,16.0,4.0,10.0,2.945465165,101.7045463,"Presint 1, Putrajaya, 62519, Malaysia"
737,29/11/2015,4:06:04,indian,male,moderate,43.0,no,no_kids,51.0,2.0,16.0,2.946541226,101.6917668,"Putrajaya Seafood Restaurant, Lebuh Perdana Barat, Presint 1, Putrajaya, 62514, Malaysia"
738,29/11/2015,4:06:04,indian,male,fat,50.0,no,no_kids,21.0,5.0,20.0,2.956146601,101.6723139,"Jalan P11 H, Presint 11, Putrajaya, 62300, Malaysia"
739,29/11/2015,4:06:04,indian,male,fat,42.0,no,no_kids,37.0,1.0,16.0,2.936386306,101.676106,"SMK Putrajaya Presint 9(2), Jalan Cenderawasih P9A, Presint 9, Putrajaya, 62250, Malaysia"
740,29/11/2015,4:06:04,indian,male,fat,53.0,no,no_kids,47.0,3.0,9.0,2.917778783,101.6666652,"Perdana Lakeview West, Cyberjaya, Sepang, Selangor, 62100, Malaysia"
741,29/11/2015,4:06:19,indian,female,thin,32.0,no,no_kids,26.0,4.0,19.0,2.906993466,101.6670969,"Putrajaya Recreational Airfield, Jalan P6, Presint 6, Putrajaya, 62200, Malaysia"
742,29/11/2015,4:06:19,foreigner,male,fat,51.0,yes,young,16.0,4.0,11.0,2.930465029,101.6395502,"Universiti Multimedia, Persiaran Multimedia, Cyber 11, Cyberjaya, Sepang, Selangor, 63000, Malaysia"
743,29/11/2015,4:06:19,malay,male,fat,39.40782991962665,yes,young,36.0,2.0,21.0,2.918565298,101.6580803,"CyberSquare, Persiaran APEC, Cyber 6, Cyberjaya, Sepang, Selangor, 63000, Malaysia"
744,29/11/2015,4:06:19,chinese,female,moderate,53.0,yes,young,17.0,3.0,19.0,2.919055973,101.6700272,"Perdana Lakeview East, Cyberjaya, Sepang, Selangor, 62100, Malaysia"
745,29/11/2015,4:06:19,chinese,female,moderate,40.0,yes,young,54.0,4.0,9.0,2.913278865,101.7152707,"Jalan Hassan, Kampung Limau Manis, Sepang, Selangor, 62150, Malaysia"
746,29/11/2015,4:06:19,foreigner,female,moderate,46.0,yes,young,46.0,4.0,8.0,2.927112652,101.6429892,"Universiti Multimedia, Persiaran Multimedia, Cyber 11, Cyberjaya, Sepang, Selangor, 63000, Malaysia"
747,29/11/2015,4:06:19,chinese,female,moderate,44.0,yes,young,59.0,2.0,9.0,2.944665188,101.6497865,"Putrajaya, Putrajaya Link, Cyber 2, Cyberjaya, Sepang, Selangor, 63200, Malaysia"
748,29/11/2015,4:06:19,malay,female,moderate,53.0,yes,young,30.0,5.0,9.0,2.907206188,101.6478457,"HP Global Centre, Persiaran Ceria, Cyber 8, Cyberjaya, Sepang, Selangor, 63000, Malaysia"
749,29/11/2015,4:06:19,chinese,male,thin,29.0,yes,toddler,60.0,1.0,10.0,2.932522255,101.7107624,"Persiaran Timur, Putrajaya, 62000, Malaysia"
750,29/11/2015,4:06:19,chinese,male,fat,46.0,no,no_kids,51.0,3.0,9.0,2.948015668,101.6290868,"Jalan Meranti 2, Cyber 2, Cyberjaya, Sepang, Selangor, 47130, Malaysia"
751,29/11/2015,4:06:19,chinese,female,fat,41.0,no,no_kids,27.0,1.0,21.0,2.95863272,101.6683026,"Presint 11, Putrajaya, 62300, Malaysia"
752,29/11/2015,4:06:22,foreigner,male,moderate,34.0,no,no_kids,31.0,4.0,12.0,2.950688632,101.6323462,"Cyber 2, Sepang, Selangor, 47130, Malaysia"
753,29/11/2015,4:06:22,chinese,female,moderate,35.0,no,no_kids,25.0,3.0,20.0,2.930689216,101.6307961,"Lakefront Residence, Cyberjaya, Sepang, Selangor, 63000, Malaysia"
754,29/11/2015,4:06:22,chinese,female,moderate,55.0,no,no_kids,27.0,3.0,18.0,2.960245312,101.650655,"Kawasan Perindustrian Meranti Utama, Sepang, Selangor, 47110, Malaysia"
755,29/11/2015,4:06:22,foreigner,male,fat,39.40782991962665,no,no_kids,26.0,4.0,17.0,2.950327167,101.6613464,"Lebuhraya Damansara‒Puchong ‒ Putrajaya dan Cyberjaya, Cyber 3, Cyberjaya, Sepang, Selangor, 62300, Malaysia"
756,29/11/2015,4:06:22,chinese,male,fat,46.0,no,no_kids,38.0,0.0,12.0,2.912612632,101.73886,"Jalan Saujana 1/11, Taman Desa Saujana, Sepang, Selangor, 63450, Malaysia"
757,29/11/2015,4:06:22,chinese,female,moderate,52.0,no,no_kids,51.0,0.0,20.0,2.944764849,101.7341534,"Presint 15, Putrajaya, 62050, Malaysia"
758,29/11/2015,4:06:22,chinese,female,moderate,35.0,no,no_kids,30.0,0.0,13.0,2.924590725,101.7269392,"Puncak Pinggiran Putra, Sepang, Selangor, 63450, Malaysia"
759,29/11/2015,4:06:22,foreigner,male,fat,39.40782991962665,no,no_kids,43.0,0.0,13.0,2.969012091,101.6753625,"Presint 11, Putrajaya, 62300, Malaysia"
760,29/11/2015,4:06:22,malay,male,fat,38.0,no,no_kids,37.0,2.0,21.0,2.966385537,101.6682311,"Presint 11, Putrajaya, 62300, Malaysia"
761,29/11/2015,4:07:46,chinese,male,moderate,46.0,yes,toddler,19.0,0.0,14.0,2.925849791,101.746625,"Kampung Sungai Merab Jaya, Sepang, Selangor, 63450, Malaysia"
762,29/11/2015,4:07:46,chinese,male,fat,33.0,no,no_kids,15.0,2.0,10.0,2.969762477,101.6555975,"Persiaran Sierra Utama, 16 Sierra, Sepang, Selangor, 47110, Malaysia"
763,29/11/2015,4:07:46,chinese,male,moderate,48.0,no,no_kids,36.0,1.0,8.0,2.961704135,101.6691059,"Presint 11, Putrajaya, 62300, Malaysia"
764,29/11/2015,4:07:46,foreigner,male,thin,42.0,no,no_kids,40.0,4.0,16.0,2.971639327,101.7293104,"Universiti Tenaga Nasional (Kampus Putrajaya), Lebuhraya Lembah Klang Selatan, IOI Resort City, Sepang, Selangor, 62502, Malaysia"
765,29/11/2015,4:07:46,chinese,female,thin,40.0,no,no_kids,51.0,0.0,17.0,2.966440672,101.6965425,"Persiaran Persekutuan, Presint 13, Putrajaya, 62502, Malaysia"
766,29/11/2015,4:07:46,chinese,female,moderate,54.0,no,no_kids,41.0,5.0,18.0,2.923720037,101.6519078,"Beryll Inn Cyberjaya, Persiaran Flora, Cyber 12, Cyberjaya, Sepang, Selangor, 63000, Malaysia"
767,29/11/2015,4:07:46,foreigner,male,thin,37.0,no,no_kids,27.0,1.0,18.0,2.940067802,101.7081527,"Kompleks E, Laluan Laman Putra 4, Presint 1, Putrajaya, 62000, Malaysia"
768,29/11/2015,4:07:46,chinese,male,thin,40.0,no,no_kids,30.0,2.0,11.0,2.955030372,101.6486871,"Sepang, Selangor, 47120, Malaysia"
769,29/11/2015,4:07:46,malay,female,moderate,53.0,no,no_kids,35.0,5.0,11.0,2.940628493,101.6802189,"Perumahan Penjawat Awam Fasa 12, Putrajaya, 62250, Malaysia"
770,29/11/2015,4:07:46,chinese,female,thin,41.0,no,no_kids,18.0,5.0,7.0,2.917709797,101.6940848,"Jalan P18 C, Presint 18, Putrajaya, 62150, Malaysia"
771,29/11/2015,4:07:46,foreigner,female,moderate,42.0,no,no_kids,35.67082167387433,5.0,17.0,2.922444392,101.6919599,"Lebuh Bestari, Putrajaya, 62150, Malaysia"
772,29/11/2015,4:08:31,chinese,male,thin,39.40782991962665,no,no_kids,35.67082167387433,3.0,18.0,2.917142196,101.7352583,"Jalan Haji Omar 2/6, Kampung Desa Putra, Sepang, Selangor, 63450, Malaysia"
773,29/11/2015,4:08:31,malay,female,moderate,30.0,yes,toddler,29.0,2.0,7.0,2.926794257,101.7008928,"Medan Selera Taman Warisan, Lebuh Perdana Selatan, Presint 16, Putrajaya, 62150, Malaysia"
774,29/11/2015,4:08:31,malay,female,thin,29.0,yes,baby,46.0,4.0,15.0,2.911674091,101.7032283,"Sepang, Selangor, 62150, Malaysia"
775,29/11/2015,4:08:31,malay,female,thin,44.0,yes,baby,20.0,5.0,9.0,2.922173465,101.7419733,"Jalan Sungai Merab, Kampung Desa Putra, Kampung Sungai Merab Ulu, Sepang, Selangor, 63450, Malaysia"
776,29/11/2015,4:08:31,chinese,female,moderate,55.0,yes,toddler,16.0,4.0,17.0,2.930714818,101.7005453,"Jalan P 16, Presint 16, Putrajaya, 62150, Malaysia"
777,29/11/2015,4:08:31,malay,female,thin,40.0,yes,toddler,28.0,4.0,19.0,2.918240626,101.7306938,"Kampung Desa Putra, Sepang, Selangor, 63450, Malaysia"
778,29/11/2015,4:08:31,malay,female,thin,50.0,yes,baby,44.0,0.0,18.0,2.95940508,101.6576167,"Sepang, Selangor, 62300, Malaysia"
779,29/11/2015,4:08:31,malay,female,thin,42.0,yes,baby,35.67082167387433,2.0,19.0,2.966869384,101.633234,"Kampung Pulau Meranti, Sepang, Selangor, 47120, Malaysia"
780,29/11/2015,4:08:31,malay,female,thin,39.40782991962665,yes,baby,27.0,2.0,17.0,2.955784701,101.6828008,"Presint 11, Putrajaya, 61250, Malaysia"
781,29/11/2015,4:11:41,malay,female,moderate,30.0,yes,baby,16.0,2.0,14.045362392295996,2.961582245,101.6837047,"Jalan P11A 1/12, Presint 11, Putrajaya, 62300, Malaysia"
782,29/11/2015,4:11:41,malay,female,thin,45.0,yes,baby,30.0,5.0,9.0,2.907732584,101.6553515,"Cyber 8, Cyberjaya, Sepang, Selangor, 62200, Malaysia"
783,29/11/2015,4:11:41,malay,female,thin,45.0,no,baby,59.0,2.0,12.0,2.972697708,101.6681234,"Lebuhraya Maju, Sepang, Selangor, 62300, Malaysia"
784,29/11/2015,4:11:41,malay,female,moderate,32.0,yes,toddler,35.67082167387433,4.0,14.045362392295996,2.914358066,101.7240908,"Sepang, Selangor, 63450, Malaysia"
785,29/11/2015,4:11:41,malay,female,thin,33.0,yes,baby,33.0,1.0,12.0,2.906297838,101.6363493,"Cyber 10, Cyberjaya, Sepang, Selangor, 63000, Malaysia"
786,29/11/2015,4:14:16,malay,male,moderate,50.0,no,no_kids,51.0,2.0,20.0,2.923955574,101.6340938,"Mutiara Ville Tower J, Persiaran Sepang, Cyber 9, Cyberjaya, Sepang, Selangor, 63000, Malaysia"
787,29/11/2015,8:16:36,malay,male,fat,38.0,no,toddler,53.0,5.0,7.0,2.972791285,101.71048,"Lebuhraya Lembah Klang Selatan, IOI Resort City, Sepang, Selangor, 62502, Malaysia"
788,29/11/2015,8:56:00,chinese,male,thin,28.0,no,no_kids,16.0,2.0,11.0,2.939488268,101.7240119,"Nexus International School, Jalan Diplomatik 3, Presint Diplomatik, Putrajaya, 62050, Malaysia"
789,29/11/2015,9:46:09,malay,male,thin,46.0,no,no_kids,37.0,5.0,13.0,2.949483544,101.6490291,"Sepang, Selangor, 47120, Malaysia"
790,09/12/2015,9:46:09,malay,male,moderate,34.0,no,no_kids,52.0,2.0,12.0,2.918507849,101.7314317,"Kampung Desa Putra, Sepang, Selangor, 63450, Malaysia"
791,09/12/2015,15:13:16,malay,female,thin,33.0,no,no_kids,44.0,1.0,13.0,2.926714414,101.6815871,"Presint 8, Putrajaya, 62250, Malaysia"
792,09/12/2015,15:21:37,malay,male,thin,37.0,no,no_kids,27.0,1.0,21.0,2.930503683,101.6346431,"Lake Point Residence, Cyberjaya, Sepang, Selangor, 63000, Malaysia"
793,09/12/2015,16:20:06,malay,female,thin,42.0,no,no_kids,56.0,1.0,16.0,2.952427346,101.6925555,"Presint 10, Putrajaya, 61250, Malaysia"
794,09/12/2015,16:50:56,malay,female,thin,45.0,no,baby,42.0,4.0,11.0,2.950438533,101.6614846,"Lebuhraya Damansara‒Puchong ‒ Putrajaya dan Cyberjaya, Cyber 3, Cyberjaya, Sepang, Selangor, 62300, Malaysia"
795,09/12/2015,17:21:26,malay,female,thin,39.40782991962665,yes,baby,22.0,3.0,20.0,2.931607301,101.6513293,"Persiaran Semarak Api, Cyber 4, Cyberjaya, Sepang, Selangor, 63200, Malaysia"
796,09/12/2015,17:22:37,malay,female,moderate,44.0,no,young,21.0,2.0,14.0,2.932500419,101.7060139,"Jalan P16E, Presint 16, Putrajaya, 62150, Malaysia"
797,09/12/2015,17:24:32,malay,female,moderate,39.0,yes,no_kids,18.0,1.0,21.0,2.969222397,101.7071964,"Putrajaya Marriott Hotel, Lebuhraya Lembah Klang Selatan, IOI Resort City, Sepang, Selangor, 62502, Malaysia"
798,09/12/2015,17:37:56,malay,female,moderate,50.0,yes,young,36.0,2.0,15.0,2.939878096,101.6778762,"Water Tank, Lebuh Perdana Barat, Presint 9, Putrajaya, 61250, Malaysia"
799,09/12/2015,18:43:46,malay,female,moderate,39.40782991962665,yes,toddler,56.0,1.0,12.0,2.910528148,101.6850798,"Jalan Tun Hussein, Presint 4, Putrajaya, 62100, Malaysia"
800,09/12/2015,19:02:06,indian,male,moderate,42.0,no,no_kids,17.0,2.0,15.0,3.103407114,101.7507182,"Pasar Cheras Utama, Jalan 9/95B, Taman Cheras, Cheras, Kuala Lumpur, 56100, Malaysia"
801,09/12/2015,20:05:46,malay,female,thin,40.0,no,no_kids,13.0,5.0,17.0,3.167681747,101.7829876,"Trail C, Bukit Antarabangsa, Ulu Kelang, Majlis Perbandaran Ampang Jaya, Gombak, Selangor, 68000, Malaysia"
802,09/12/2015,20:05:46,malay,female,moderate,45.0,no,no_kids,41.0,3.0,21.0,3.119247795,101.7343064,"Kompleks Seri Bintang, Jalan 2/91A, Pudu Ulu, Cheras, Kuala Lumpur, 51500, Malaysia"
803,09/12/2015,20:33:01,malay,male,fat,34.0,no,no_kids,25.0,3.0,14.0,3.106518802,101.7769152,"Trail D, Majlis Perbandaran Kajang, Hulu Langat, Selangor, 56100, Malaysia"
804,09/12/2015,20:37:01,malay,female,moderate,53.0,no,no_kids,31.0,3.0,18.0,3.178167731,101.7677934,"Jalan Bukit Utama 2/3, Taman Bukit Utama, Bukit Antarabangsa, Ulu Kelang, Majlis Perbandaran Ampang Jaya, Gombak, Selangor, 54200, Malaysia"
805,09/12/2015,20:42:57,indian,female,moderate,39.40782991962665,no,no_kids,51.0,1.0,14.0,3.092475461,101.7484623,"Bukit Segar, Cheras, Kuala Lumpur, 56100, Malaysia"
806,09/12/2015,20:43:20,malay,male,moderate,29.0,no,no_kids,59.0,3.0,10.0,3.112336946,101.709751,"Jalan 5/89B, Kawasan Perindustrian Trisegi, Kuala Lumpur, 55200, Malaysia"
807,14/01/2016,22:13:17,foreigner,female,moderate,57.0,no,toddler,37.0,4.0,15.0,3.173422155,101.7178909,"Pusat Latihan Polis, Jalan Sultan Yahya Petra, Kampung Datuk Keramat, Kuala Lumpur, 10024, Malaysia"
808,17/01/2016,10:31:44,malay,male,moderate,52.0,yes,no_kids,15.0,4.0,10.0,3.142041206,101.7457498,"Jalan B, Taman Angsana Hilir, Perwira Jaya, Ampang, Majlis Perbandaran Ampang Jaya, Hulu Langat, Selangor, 50600, Malaysia"
809,03/02/2016,22:10:21,malay,female,fat,37.0,yes,toddler ,54.0,3.0,13.0,3.109908337,101.7427528,"Jalan Perdana 6/9, Pandan Perdana, Ampang, Majlis Perbandaran Ampang Jaya, Hulu Langat, Selangor, 55300, Malaysia"
810,06/02/2016,1:20:49,foreigner,female,fat,33.0,no,toddler ,57.0,3.0,10.0,3.091975901,101.699156,"Vitis Sales Gallery, Jalan 2/108C, Taman Sungai Besi, Salak Selatan, Kuala Lumpur, 57100, Malaysia"
811,06/02/2016,21:22:19,malay,female,moderate,23.0,no,toddler,48.0,3.0,12.0,3.184453356,101.7359613,"Setiawangsa, Kuala Lumpur, 54100, Malaysia"
812,10/12/2015,17:45:19,chinese,female,moderate,28.0,no,toddler,15.0,4.0,7.0,3.187481677,101.7431112,"Jalan Puncak, Setiawangsa, Kuala Lumpur, 54200, Malaysia"
813,22/02/2016,17:59:24,malay,female,thin,45.0,yes,baby,53.0,4.0,10.0,3.134251505,101.7253607,"Padang Sekolah, Jalan Nakhoda Yusof, Maluri, Cheras, Kuala Lumpur, 50988, Malaysia"
814,22/12/2015,8:47:32,malay,female,fat,33.0,no,toddler,22.0,3.0,9.0,3.095202159,101.7265815,"peow house, Jalan Midah Tengah, Taman Midah, Cheras, Kuala Lumpur, 51020, Malaysia"
815,06/01/2016,18:01:47,malay,female,moderate,59.0,no,young,35.0,1.0,19.0,3.154072584,101.7667151,"Jalan Melor 6, Ampang, Majlis Perbandaran Ampang Jaya, Hulu Langat, Selangor, 68000, Malaysia"
816,26/02/2016,3:05:54,malay,female,thin,60.0,no,young,51.0,3.0,16.0,3.146512948,101.7663138,"Restoran Nasi Kandar Al-Shariff, Jalan Wawasan 2/12, Taman Kosas, Ampang, Majlis Perbandaran Ampang Jaya, Hulu Langat, Selangor, 68000, Malaysia"
817,09/02/2016,15:53:44,malay,male,moderate,53.0,no,toddler,50.0,2.0,17.0,3.103702538,101.7508114,"Pasar Cheras Utama, Jalan 9/95B, Taman Cheras, Cheras, Kuala Lumpur, 56100, Malaysia"
818,27/02/2016,14:26:48,indian,male,moderate,43.0,no,no_kids,30.0,3.0,10.0,3.184708302,101.7184559,"Semarak, Kuala Lumpur, 54100, Malaysia"
819,27/02/2016,10:14:04,indian,male,thin,39.0,no,toddler,29.0,3.0,13.0,3.111516148,101.7654437,"Jalan Teratai 1/2, Taman Bukit Teratai, Ampang, Majlis Perbandaran Ampang Jaya, Hulu Langat, Selangor, 56100, Malaysia"
820,13/12/2015,17:18:12,malay,male,moderate,49.0,yes,young,59.0,3.0,19.0,3.176824387,101.7211209,"Jalan Sultan Yahya Petra, Semarak, Kuala Lumpur, 54100, Malaysia"
821,28/01/2016,18:17:20,malay,female,thin,43.0,yes,no_kids,33.0,4.0,13.0,3.123127585,101.75511,"Jalan Maju 1/8, Taman Muda, Pandan Indah, Ampang, Majlis Perbandaran Ampang Jaya, Hulu Langat, Selangor, 55300, Malaysia"
822,04/02/2016,12:34:48,foreigner,male,thin,20.0,no,toddler,55.0,2.0,17.0,3.130599735,101.7544228,"Aery Jo Academy, M2-C-15, Jalan Pandan Indah 4/6, Lembah Maju, Pandan Indah, Ampang, Kuala Lumpur, Hulu Langat, Selangor, 55100, Malaysia"
823,09/01/2016,18:20:30,chinese,female,fat,32.0,no,toddler ,43.0,4.0,10.0,3.141551533,101.7676775,"676, Jalan 3, Kampung Baru Ampang, Ampang, Majlis Perbandaran Ampang Jaya, Hulu Langat, Selangor, 68000, Malaysia"
824,26/02/2016,15:35:03,malay,male,fat,39.40782991962665,yes,toddler ,60.0,5.0,8.0,3.180605266,101.7756651,"Puncak Bukit Antarabangsa, Bukit Antarabangsa, Ulu Kelang, Majlis Perbandaran Ampang Jaya, Gombak, Selangor, 54200, Malaysia"
825,16/01/2016,17:20:53,malay,female,fat,25.0,yes,no_kids,11.0,3.0,8.0,3.154413975,101.7534106,"Jalan 6, Taman Ampang Utama, Ampang, Majlis Perbandaran Ampang Jaya, Hulu Langat, Selangor, 68000, Malaysia"
826,27/02/2016,23:33:52,chinese,female,thin,23.0,no,toddler ,28.0,1.0,19.0,3.136323286,101.7015956,"Ibu Pejabat Jabatan Bomba dan Penyelamat Malaysia Wilayah Persekutuan Kuala Lumpur, Jalan Choo Cheng Khay, Merdeka View, Pudu, Kuala Lumpur, 50150, Malaysia"
827,20/02/2016,1:36:35,chinese,male,thin,25.0,yes,baby,24.0,0.0,17.0,3.119507888,101.7047918,"Az-Zubair Mosque KL Air Base, Jalan Lapangan Terbang Lama, Kuala Lumpur, 55200, Malaysia"
828,07/01/2016,23:18:53,foreigner,female,fat,21.0,no,young,54.0,5.0,8.0,3.134997688,101.7743947,"Taman Dagang Jaya, Kampung Indah Permai, Ampang, Majlis Perbandaran Ampang Jaya, Hulu Langat, Selangor, 68000, Malaysia"
829,26/12/2015,4:56:46,chinese,male,fat,38.0,yes,no_kids,45.0,5.0,8.0,3.1527686,101.7589864,"Ampang, Majlis Perbandaran Ampang Jaya, Hulu Langat, Selangor, 68000, Malaysia"
830,16/02/2016,8:42:21,malay,male,fat,49.0,no,toddler,29.0,1.0,16.0,3.107083838,101.7223527,"Institut Pendidikan Guru Kampus Ilmu Khas, Jalan Yaacob Latif, Bandar Tun Razak, Cheras, Kuala Lumpur, 55300, Malaysia"
831,11/02/2016,13:58:11,malay,male,moderate,22.0,yes,young,21.0,2.0,16.0,3.104303842,101.7737927,"Apek Hill, Waterfall trail, Majlis Perbandaran Kajang, Hulu Langat, Selangor, 56100, Malaysia"
832,10/12/2015,22:48:53,indian,female,moderate,54.0,no,baby,42.0,3.0,10.0,3.117399384,101.7489589,"Jalan Kencana 20, Taman Mawar, Pandan Perdana, Ampang, Majlis Perbandaran Ampang Jaya, Hulu Langat, Selangor, 55300, Malaysia"
833,21/12/2015,15:23:50,indian,female,moderate,53.0,yes,no_kids,44.0,2.0,19.0,3.101844838,101.7101322,"Jalan Sri Permaisuri 2, Bandar Sri Permaisuri, Cheras, Kuala Lumpur, 51020, Malaysia"
834,19/02/2016,7:03:12,malay,male,moderate,57.0,no,young,37.0,5.0,10.0,3.12491718,101.7284114,"Maluri Station Park and Ride, Jalan Jejaka, Maluri, Cheras, Kuala Lumpur, 51500, Malaysia"
835,08/02/2016,21:06:05,indian,female,fat,39.40782991962665,yes,baby,26.0,2.0,18.0,3.122823995,101.7523786,"Sekolah Menengah Kebangsaan Pandan Indah, Jalan Pandan Ilmu, Taman Muda, Pandan Indah, Ampang, Majlis Perbandaran Ampang Jaya, Hulu Langat, Selangor, 55300, Malaysia"
836,18/02/2016,17:50:32,malay,female,moderate,59.0,no,no_kids,11.0,5.0,13.0,3.121386482,101.7672421,"Jalan 11, Taman Seri Raya, Kampung Tasik Tambahan, Ampang, Majlis Perbandaran Ampang Jaya, Hulu Langat, Selangor, 56100, Malaysia"
837,17/01/2016,21:50:24,chinese,male,fat,42.0,no,no_kids,19.0,0.0,17.0,3.096205923,101.7279183,"Sekolah Kebangsaan Taman Midah 2, Jalan Midah 14, Taman Midah, Cheras, Kuala Lumpur, 51020, Malaysia"
838,03/02/2016,10:45:32,malay,male,thin,47.0,no,no_kids,60.0,3.0,21.0,3.160858665,101.7525557,"Lebuhraya Bertingkat Ampang - Kuala Lumpur, Taman Ampang Jaya, Ampang, Majlis Perbandaran Ampang Jaya, Hulu Langat, Selangor, 68000, Malaysia"
839,21/02/2016,16:48:23,chinese,male,thin,24.0,no,baby,49.0,0.0,20.0,3.099429478,101.738077,"Taman Midah, Cheras, Kuala Lumpur, 56100, Malaysia"
840,27/02/2016,22:24:25,malay,female,thin,60.0,no,toddler ,17.0,0.0,7.0,3.120630047,101.755119,"Jalan Kemboja 11, Taman Muda, Pandan Indah, Ampang, Majlis Perbandaran Ampang Jaya, Hulu Langat, Selangor, 55300, Malaysia"
841,19/01/2016,16:36:51,chinese,male,thin,47.0,no,toddler,22.0,1.0,12.0,3.100586663,101.7585465,"Lebuhraya Bertingkat Sungai Besi–Ulu Klang, Taman Bukit Permai, Ampang, Majlis Perbandaran Ampang Jaya, Hulu Langat, Selangor, 56100, Malaysia"
842,30/12/2015,16:48:36,malay,male,moderate,32.0,no,young,52.0,3.0,14.0,3.1379086,101.7234986,"Jalan Kampung Pandan, Maluri, Cheras, Kuala Lumpur, 55100, Malaysia"
843,20/12/2015,14:00:22,malay,male,fat,34.0,yes,no_kids,36.0,5.0,7.0,3.169603587,101.7157942,"Semarak, Kuala Lumpur, 10024, Malaysia"
844,20/12/2015,14:07:49,malay,male,fat,42.0,no,toddler,51.0,2.0,18.0,3.10308636,101.7005098,"Bandar Sri Permaisuri, Salak Selatan, Kuala Lumpur, 58100, Malaysia"
845,15/12/2015,11:30:00,chinese,male,moderate,25.0,no,no_kids,37.0,1.0,7.0,3.182327601,101.742762,"Jalan Setiawangsa 21, Setiawangsa, Kuala Lumpur, 54200, Malaysia"
846,09/01/2016,9:30:58,malay,female,fat,54.0,no,toddler ,20.0,0.0,12.0,3.143818547,101.709315,"Envy Cafe, Jalan Bintang, Kampung Dollah, Bukit Bintang, Kuala Lumpur, 50200, Malaysia"
847,02/01/2016,19:01:44,indian,male,thin,53.0,yes,baby,51.0,5.0,7.0,3.098117533,101.7287152,"Taman Midah, Cheras, Kuala Lumpur, 51020, Malaysia"
848,04/02/2016,3:01:31,indian,male,thin,45.0,no,baby,39.0,0.0,7.0,3.143764349,101.761231,"Plaza Ampang Jaya, Jalan Mewah 3, Taman Dagang, Pandan Indah, Ampang, Majlis Perbandaran Ampang Jaya, Hulu Langat, Selangor, 68000, Malaysia"
849,10/12/2015,21:23:33,indian,female,moderate,45.0,no,toddler ,59.0,4.0,11.0,3.141868953,101.7728068,"Jalan Desa Ampang 3, Taman Sri Ampang, Kampung Dato Mufti Shuib, Ampang, Majlis Perbandaran Ampang Jaya, Hulu Langat, Selangor, 68000, Malaysia"
850,27/01/2016,9:47:10,foreigner,female,fat,24.0,no,toddler,40.0,1.0,7.0,3.12824848,101.7016376,"Jalan Kerayong, Bukit Petaling, Seputeh, Kuala Lumpur, 50460, Malaysia"
851,02/01/2016,15:15:14,malay,female,thin,40.0,no,toddler ,12.0,0.0,8.0,3.133697645,101.7066789,"Pudu, Kuala Lumpur, 55200, Malaysia"
852,01/01/2016,1:40:55,malay,male,fat,59.0,yes,no_kids,57.0,1.0,12.0,3.122064194,101.7864119,"Jalan Ampang - Hulu Langat, Ampang, Majlis Perbandaran Kajang, Hulu Langat, Selangor, 43100, Malaysia"
853,13/02/2016,19:27:57,foreigner,male,fat,39.40782991962665,no,baby,39.0,1.0,17.0,3.181886604,101.7200942,"Pusat Latihan Polis, Jalan Sultan Yahya Petra, Kampung Datuk Keramat, Kuala Lumpur, 10024, Malaysia"
854,24/12/2015,22:17:49,chinese,female,moderate,34.0,no,no_kids,48.0,1.0,21.0,3.128088681,101.737341,"Kolej Universiti Poly-Tech MARA Kuala Lumpur, Jalan 7/91, Maluri, Cheras, Kuala Lumpur, 51500, Malaysia"
855,05/01/2016,19:15:39,foreigner,female,moderate,57.0,no,young,30.0,5.0,17.0,3.171439094,101.7021132,"Hospital Kuala Lumpur, Jalan Tun Razak, Kuala Lumpur, 50572, Malaysia"
856,14/02/2016,14:16:54,chinese,male,thin,24.0,yes,no_kids,48.0,5.0,8.0,3.090389302,101.7095236,"483, Jalan 18, Kampung Baru Salak Selatan, Salak Selatan, Kuala Lumpur, 51020, Malaysia"
857,25/01/2016,19:27:57,malay,female,fat,39.40782991962665,yes,toddler,17.0,2.0,7.0,3.156291447,101.735869,"Jalan Wickham, Taman U-Thant, Kuala Lumpur, 50600, Malaysia"
858,29/12/2015,6:44:09,indian,male,thin,30.0,yes,young,41.0,0.0,10.0,3.180944663,101.7243107,"Jalan Maktab, Platinum Splendor Residence, Semarak, Kuala Lumpur, 54100, Malaysia"
859,04/01/2016,4:29:36,foreigner,female,moderate,52.0,no,no_kids,37.0,1.0,10.0,3.140749355,101.7617548,"293, Jalan 17, Kampung Baru Ampang, Pandan Indah, Ampang, Majlis Perbandaran Ampang Jaya, Hulu Langat, Selangor, 68000, Malaysia"
860,01/12/2015,8:21:29,malay,female,moderate,41.0,no,young,22.0,0.0,13.0,3.147001952,101.7272109,"Royal Selangor Golf Club, Jalan Tun Razak, Maluri, Pudu, Kuala Lumpur, 55100, Malaysia"
861,01/12/2015,17:18:19,malay,male,thin,55.0,no,no_kids,55.0,3.0,13.0,3.103120426,101.7470348,"Jalan Bawang, Taman Cheras, Cheras, Kuala Lumpur, 56100, Malaysia"
862,06/01/2016,14:14:56,foreigner,female,fat,28.0,no,toddler ,13.0,5.0,17.0,3.101959709,101.7823506,"Waterfall trail, Majlis Perbandaran Kajang, Hulu Langat, Selangor, 56100, Malaysia"
863,23/01/2016,23:23:40,foreigner,female,moderate,55.0,yes,toddler,41.0,3.0,9.0,3.146408468,101.7146431,"Jalan Imbi Chapel, 154, Jalan Imbi, Kampung Dollah, Bukit Bintang, Kuala Lumpur, 55100, Malaysia"
864,06/12/2015,3:07:17,malay,male,thin,57.0,no,no_kids,17.0,3.0,11.0,3.166608393,101.7083215,"Jalan Hamzah, Chow Kit, Kampong Bharu, Kuala Lumpur, 50400, Malaysia"
865,08/01/2016,6:54:13,indian,female,moderate,55.0,no,toddler ,17.0,1.0,13.0,3.172308146,101.739655,"Jalan AU 1B/1, AU1, Ulu Kelang, Majlis Perbandaran Ampang Jaya, Gombak, Selangor, 54200, Malaysia"
866,18/12/2015,11:07:08,foreigner,female,fat,47.0,no,young,31.0,0.0,15.0,3.100898647,101.7024457,"Lebuhraya Sungai Besi, Bandar Sri Permaisuri, Salak Selatan, Kuala Lumpur, 51020, Malaysia"
867,18/02/2016,20:02:23,chinese,male,fat,55.0,yes,baby,48.0,5.0,9.0,3.197087931,101.7234524,"Jalan Usahawan 6, Kawasan Perindustrain Jalan Usahawan, Setapak, Kuala Lumpur, 53300, Malaysia"
868,05/12/2015,20:44:38,malay,female,moderate,35.0,yes,toddler ,35.67082167387433,1.0,19.0,3.19249152,101.7436009,"Jalan Wangsamas, Bukit Wangsamas, Setiawangsa, Kuala Lumpur, 54200, Malaysia"
869,12/01/2016,8:03:49,foreigner,female,fat,22.0,no,toddler ,21.0,2.0,14.0,3.142287479,101.7072163,"Ibu Pejabat Polis Kontinjen Kuala Lumpur, Jalan Pudu, Bukit Bintang, Kuala Lumpur, 50150, Malaysia"
870,28/01/2016,15:13:00,malay,female,moderate,28.0,yes,toddler ,35.67082167387433,2.0,14.045362392295996,3.192319104,101.7640675,"Jalan Beverly Height 2, Bukit Antarabangsa, Ulu Kelang, Majlis Perbandaran Ampang Jaya, Gombak, Selangor, 54200, Malaysia"
871,01/01/2016,13:48:19,chinese,male,fat,47.0,no,young,58.0,0.0,11.0,3.144043423,101.7098017,"Plaza Low Yat, 7, Jalan Bintang, Kampung Dollah, Bukit Bintang, Kuala Lumpur, 55100, Malaysia"
872,02/12/2015,19:18:18,malay,male,fat,20.0,no,no_kids,35.67082167387433,0.0,17.0,3.105705743,101.7374298,"Jalan Jalak, Taman Cheras, Cheras, Kuala Lumpur, 56100, Malaysia"
873,04/02/2016,3:43:26,foreigner,male,fat,18.0,no,toddler ,29.0,1.0,19.0,3.126557235,101.748588,"Jalan Pandan Indah 2/8, Taman Muda, Pandan Indah, Ampang, Majlis Perbandaran Ampang Jaya, Hulu Langat, Selangor, 51500, Malaysia"
874,11/01/2016,16:14:02,indian,female,fat,25.0,no,no_kids,29.0,1.0,10.0,3.094604833,101.7027234,"Salak Jaya, Lebuhraya Sungai Besi, Bandar Sri Permaisuri, Salak Selatan, Kuala Lumpur, 57100, Malaysia"
875,27/01/2016,9:21:52,chinese,male,fat,40.0,yes,baby,51.0,3.0,19.0,3.143191319,101.7016742,"Young Womens' Christian Association of Kuala Lumpur, Jalan Hang Jebat, Bukit Bintang, Kuala Lumpur, 50150, Malaysia"
876,05/01/2016,8:25:25,indian,female,moderate,35.0,yes,baby,26.0,5.0,21.0,3.092728242,101.7324849,"Jalan 13/119, Bandar Tun Razak, Cheras, Kuala Lumpur, 56000, Malaysia"
877,12/12/2015,11:42:41,indian,female,fat,47.0,no,baby,42.0,3.0,20.0,3.092977133,101.7332935,"Jalan 24/119, Taman Taynton View, Cheras, Kuala Lumpur, 56100, Malaysia"
878,16/01/2016,21:11:16,indian,female,fat,47.0,yes,baby,35.67082167387433,0.0,21.0,3.113089834,101.7157818,"Kedai Dobi Boboy, Jalan Jelawat 1, Taman Ikan Emas, Cheras, Kuala Lumpur, 55200, Malaysia"
879,21/02/2016,20:08:29,chinese,female,moderate,53.0,no,baby,12.0,3.0,11.0,3.131297993,101.7097704,"Jalan Loke Yew, Pudu, Kuala Lumpur, 55200, Malaysia"
880,01/03/2016,4:18:29,chinese,female,fat,27.0,yes,young,43.0,0.0,8.0,3.125146948,101.7376695,"Lorong 1/91, Taman Shamelin Perkasa, Cheras, Kuala Lumpur, 51500, Malaysia"
881,01/12/2015,6:51:30,malay,male,moderate,29.0,no,toddler,49.0,3.0,17.0,3.17882996,101.781775,"Trail C, Bukit Antarabangsa, Ulu Kelang, Majlis Perbandaran Ampang Jaya, Gombak, Selangor, 68000, Malaysia"
882,15/12/2015,13:35:59,indian,female,thin,22.0,no,young,24.0,3.0,21.0,3.120531364,101.725071,"Plaza Tol Loke Yew, Lebuhraya Sungai Besi, Pudu Ulu, Cheras, Kuala Lumpur, 51500, Malaysia"
883,23/01/2016,4:40:39,malay,male,fat,59.0,yes,toddler ,59.0,4.0,7.0,3.149384241,101.7113214,"7-Eleven, Jalan Sultan Ismail, Kampung Dollah, Bukit Bintang, Kuala Lumpur, 50540, Malaysia"
884,13/12/2015,4:44:11,foreigner,female,moderate,54.0,yes,toddler ,59.0,5.0,18.0,3.125155086,101.7038634,"Jalan Istana, Bukit Petaling, Pudu, Kuala Lumpur, 55200, Malaysia"
885,12/01/2016,22:48:24,indian,female,thin,39.40782991962665,yes,toddler ,33.0,2.0,7.0,3.12843576,101.7092608,"Jalan 1/78, PPR Seri Alam, Pudu, Kuala Lumpur, 57000, Malaysia"
886,23/02/2016,4:23:32,malay,male,thin,38.0,yes,no_kids,38.0,3.0,9.0,3.148858394,101.7559802,"IPD Ampang Jaya, Jalan Dagang B/2, Sri Ampang Mas, Taman Dagang, Ampang, Majlis Perbandaran Ampang Jaya, Hulu Langat, Selangor, 68000, Malaysia"
887,14/02/2016,21:05:48,malay,female,moderate,20.0,yes,no_kids,57.0,4.0,16.0,3.196385389,101.7164345,"Jalan Perusahaan Kiri, Kawasan Perindustrain Jalan Usahawan, Setapak, Kuala Lumpur, 53000, Malaysia"
888,07/02/2016,16:36:25,indian,male,moderate,41.0,yes,toddler ,36.0,5.0,12.0,3.109228883,101.7830694,"Ah Meng trail, Ampang, Majlis Perbandaran Kajang, Hulu Langat, Selangor, 43100, Malaysia"
889,07/12/2015,6:01:19,foreigner,female,thin,24.0,no,no_kids,41.0,2.0,7.0,3.182700916,101.753718,"Jalan 17/56, Mawar Sari Apartment, Setiawangsa, Kuala Lumpur, 54200, Malaysia"
890,07/02/2016,5:57:24,malay,male,moderate,20.0,no,young,13.0,3.0,19.0,3.180104446,101.7177236,"Pusat Latihan Polis, Jalan Sultan Yahya Petra, Kampung Datuk Keramat, Kuala Lumpur, 10024, Malaysia"
891,17/01/2016,18:16:33,malay,female,fat,24.0,yes,toddler,31.0,0.0,17.0,3.18375007,101.7759733,"Bukit Antarabangsa, Ulu Kelang, Majlis Perbandaran Ampang Jaya, Gombak, Selangor, 54200, Malaysia"
892,04/12/2015,19:01:58,chinese,male,thin,28.0,no,no_kids,46.0,1.0,11.0,3.113800789,101.7441799,"Jalan Perdana 5/3, Pandan Perdana, Ampang, Majlis Perbandaran Ampang Jaya, Hulu Langat, Selangor, 55300, Malaysia"
893,15/02/2016,2:07:18,chinese,male,fat,45.0,yes,young,28.0,2.0,13.0,3.189979899,101.7593069,"Jalan AU 3/31, Bukit Antarabangsa, Ulu Kelang, Majlis Perbandaran Ampang Jaya, Gombak, Selangor, 54200, Malaysia"
894,22/01/2016,20:56:31,foreigner,female,moderate,23.0,no,toddler ,53.0,0.0,10.0,3.1598893,101.748732,"Plaza Ampang City, Jalan Ampang Ulu, Kuala Lumpur, 50600, Malaysia"
895,17/02/2016,22:25:25,indian,male,fat,21.0,no,no_kids,16.0,5.0,16.0,3.116116276,101.785815,"Ampang Lookout Point trail, Batu 14 Hulu Langat, Majlis Perbandaran Kajang, Hulu Langat, Selangor, 43100, Malaysia"
896,16/12/2015,7:58:48,foreigner,male,moderate,48.0,no,toddler,32.0,2.0,17.0,3.136084437,101.726737,"PPR Perkasa, Cheras, Kuala Lumpur, 55100, Malaysia"
897,21/12/2015,4:30:05,malay,male,fat,58.0,no,young,11.0,4.0,16.0,3.167495522,101.7529784,"Pusat Methodist Ampang, Lorong Kabus, Kampung Baru Kuala Ampang, Ulu Kelang, Majlis Perbandaran Ampang Jaya, Gombak, Selangor, 54200, Malaysia"
898,28/01/2016,20:22:53,indian,female,moderate,27.0,yes,toddler,32.0,3.0,14.0,3.124320178,101.7260586,"35, Jalan Galian, Taman Miharja, Cheras, Kuala Lumpur, 51500, Malaysia"
899,24/12/2015,17:22:33,chinese,female,thin,48.0,yes,no_kids,47.0,4.0,7.0,3.110045201,101.7061017,"Jalan Emas, Razak Mansion, Kuala Lumpur, 55200, Malaysia"
900,18/02/2016,15:41:48,malay,female,moderate,41.0,no,no_kids,41.0,5.0,14.0,3.155999311,101.7439426,"Papua New Guinea High Commission, Jalan Keranj 2, Ampang Hilir, Kuala Lumpur, 50600, Malaysia"
901,14/12/2015,12:27:07,foreigner,female,moderate,43.0,no,toddler,44.0,5.0,21.0,3.11231849,101.7040324,"Lebuhraya Kuala Lumpur–Seremban, Razak Mansion, Kuala Lumpur, 55200, Malaysia"
902,24/02/2016,8:11:10,foreigner,female,moderate,56.0,yes,young,50.0,3.0,12.0,3.088185304,101.7645636,"Taman Cheras Awana, Cheras, Majlis Perbandaran Kajang, Hulu Langat, Selangor, 56100, Malaysia"
903,18/01/2016,10:45:26,foreigner,male,fat,48.0,no,toddler,15.0,0.0,12.0,3.107111243,101.7227682,"Institut Pendidikan Guru Kampus Ilmu Khas, Jalan Yaacob Latif, Bandar Tun Razak, Cheras, Kuala Lumpur, 55300, Malaysia"
904,19/01/2016,10:32:31,indian,female,fat,48.0,no,baby,15.0,5.0,15.0,3.087650123,101.7124928,"Lebuhraya Hubungan Timur–Barat, Bandar Tun Razak, Cheras, Kuala Lumpur, 56000, Malaysia"
905,08/02/2016,7:56:55,chinese,male,fat,21.0,no,young,41.0,5.0,19.0,3.18379666,101.7205907,"Semarak, Kuala Lumpur, 54100, Malaysia"
906,11/01/2016,8:29:21,malay,female,thin,55.0,yes,toddler,22.0,3.0,14.0,3.192682574,101.713707,"Taman Ayer Panas, Setapak, Kuala Lumpur, 53200, Malaysia"
907,05/01/2016,1:35:42,malay,female,thin,39.40782991962665,yes,young,39.0,3.0,9.0,3.114376239,101.776009,"Trek C, Taman Saga, Ampang, Majlis Perbandaran Ampang Jaya, Hulu Langat, Selangor, 56100, Malaysia"
908,03/02/2016,23:20:03,chinese,male,thin,36.0,yes,baby,58.0,2.0,20.0,3.133748612,101.7228732,"MyTOWN, Jalan Cochrane, Maluri, Cheras, Kuala Lumpur, 55100, Malaysia"
909,08/02/2016,6:08:11,malay,male,fat,59.0,no,toddler ,40.0,3.0,18.0,3.163498388,101.7036873,"Jalan Daud, Chow Kit, Kampong Bharu, Kuala Lumpur, 50300, Malaysia"
910,01/12/2015,5:41:33,malay,female,thin,60.0,yes,baby,15.0,3.0,17.0,3.185602559,101.7736928,"Bukit Antarabangsa, Ulu Kelang, Majlis Perbandaran Ampang Jaya, Gombak, Selangor, 54200, Malaysia"
911,20/01/2016,0:31:32,indian,female,fat,20.0,no,young,14.0,4.0,11.0,3.09566126,101.7698891,"Gold Station, Bukit Hartamas trail, Taman Segar Perdana, Cheras, Majlis Perbandaran Kajang, Hulu Langat, Selangor, 56100, Malaysia"
912,06/01/2016,20:22:50,indian,female,fat,44.0,no,toddler,33.0,3.0,11.0,3.193488578,101.7427358,"Jalan 1/27C, Wangsa Maju, Kuala Lumpur, 54200, Malaysia"
913,04/01/2016,20:37:29,foreigner,male,fat,26.0,yes,toddler,38.0,1.0,20.0,3.149566969,101.7593642,"Jalan Dagang 1/7, Taman Dagang, Ampang, Majlis Perbandaran Ampang Jaya, Hulu Langat, Selangor, 68000, Malaysia"
914,18/01/2016,18:33:49,indian,female,fat,41.0,yes,no_kids,50.0,3.0,18.0,3.115881074,101.7566948,"Jalan Bunga Melur 15A, Taman Mawar, Ampang, Majlis Perbandaran Ampang Jaya, Hulu Langat, Selangor, 56100, Malaysia"
915,04/12/2015,2:20:06,chinese,female,moderate,39.40782991962665,yes,young,50.0,1.0,14.0,3.139141813,101.7350714,"Lorong Kampung Pandan, Taman Maluri, Kampung Pandan, Kuala Lumpur, 50988, Malaysia"
916,12/01/2016,14:27:15,malay,male,thin,49.0,yes,toddler ,25.0,4.0,7.0,3.186965566,101.7698257,"Landslide Incident Bukit Antarabangsa, Jalan Wangsa 9, Taman Wangsa Ukay, Bukit Antarabangsa, Ulu Kelang, Majlis Perbandaran Ampang Jaya, Gombak, Selangor, 54200, Malaysia"
917,16/02/2016,22:25:23,malay,female,thin,23.0,no,baby,26.0,3.0,21.0,3.190520052,101.7732579,"Jalan Mulia 1/1, Bukit Antarabangsa, Ulu Kelang, Majlis Perbandaran Ampang Jaya, Gombak, Selangor, 54200, Malaysia"
918,22/12/2015,5:46:37,foreigner,female,moderate,59.0,no,baby,43.0,3.0,7.0,3.090745557,101.7528743,"Jalan Bukit Segar, Taman Bukit Segar, Cheras, Ampang, Majlis Perbandaran Ampang Jaya, Hulu Langat, Selangor, 56100, Malaysia"
919,12/02/2016,7:22:21,indian,female,fat,50.0,no,young,51.0,5.0,12.0,3.164037396,101.7580409,"Lorong Chong Khoon Lin 6, Taman Ukay Height, Ulu Kelang, Majlis Perbandaran Ampang Jaya, Gombak, Selangor, 68000, Malaysia"
920,01/12/2015,11:14:05,foreigner,male,moderate,39.40782991962665,no,baby,46.0,0.0,13.0,3.116465495,101.7368508,"Hong Kong Sa Sa (M0 Sdn. Bhd., Jalan Shamelin Niaga 1, Shamelin Heights Business Park, Cheras, Kuala Lumpur, 55300, Malaysia"
921,11/12/2015,22:40:42,foreigner,male,moderate,52.0,yes,toddler,57.0,0.0,10.0,3.090434715,101.7074842,"17, Jalan 22, Kampung Baru Salak Selatan, Salak Selatan, Kuala Lumpur, 57100, Malaysia"
922,13/01/2016,2:43:30,malay,male,fat,59.0,yes,toddler,49.0,5.0,18.0,3.148712999,101.7507381,"Jalan Nirwana 41, Taman Ampang Hilir, Ampang, Majlis Perbandaran Ampang Jaya, Hulu Langat, Selangor, 68000, Malaysia"
923,28/01/2016,14:37:12,foreigner,male,moderate,34.0,no,toddler ,42.0,0.0,20.0,3.108561386,101.7388502,"Taman Cheras, Cheras, Kuala Lumpur, 56100, Malaysia"
924,24/12/2015,14:07:28,malay,female,moderate,30.0,no,no_kids,52.0,5.0,15.0,3.13882999,101.7001538,"Stadium Merdeka, Jalan Maharajalela, Bukit Bintang, Kuala Lumpur, 50150, Malaysia"
925,29/01/2016,16:56:45,malay,female,thin,27.0,yes,toddler,18.0,4.0,12.0,3.10200042,101.7544484,"Dog (9) Route, Taman Bukit Pandan, Pandan Perdana, Ampang, Majlis Perbandaran Ampang Jaya, Hulu Langat, Selangor, 55300, Malaysia"
926,03/12/2015,3:22:01,chinese,female,thin,39.40782991962665,yes,young,29.0,4.0,16.0,3.197025585,101.7567595,"Jalan AU 4/6, Taman Zooview, Ulu Kelang, Majlis Perbandaran Ampang Jaya, Gombak, Selangor, 54200, Malaysia"
927,01/02/2016,8:28:09,malay,male,fat,53.0,yes,toddler ,58.0,3.0,15.0,3.099507824,101.7719106,"station 6, Waterfall trail, Majlis Perbandaran Kajang, Hulu Langat, Selangor, 56100, Malaysia"
928,05/01/2016,12:22:13,indian,male,thin,57.0,yes,baby,58.0,3.0,20.0,3.134299495,101.7065635,"Tsun Jin High School 吉隆坡循人中学, 6, Jalan Loke Yew, Pudu, Kuala Lumpur, 55200, Malaysia"
929,06/02/2016,15:17:17,foreigner,male,moderate,23.0,yes,toddler,13.0,1.0,9.0,3.153106387,101.7193493,"Embassy of Vietnam, 4, Persiaran Stonor, Bukit Bintang, Kuala Lumpur, 50450, Malaysia"
930,21/02/2016,15:23:03,foreigner,male,moderate,26.0,yes,young,33.0,3.0,19.0,3.132650442,101.7273432,"Maluri, Cheras, Kuala Lumpur, 50988, Malaysia"
931,16/01/2016,2:08:13,indian,female,moderate,48.0,no,no_kids,57.0,4.0,7.0,3.157915131,101.7373295,"Jalan Ampang Hilir, Ampang Hilir, Kuala Lumpur, 50538, Malaysia"
932,21/12/2015,18:01:14,malay,male,thin,54.0,yes,baby,19.0,2.0,20.0,3.09769353,101.7182536,"Apartment Lumayan, Jalan Tasik Permaisuri 2, Bandar Tun Razak, Cheras, Kuala Lumpur, 56000, Malaysia"
933,20/02/2016,1:54:29,chinese,male,thin,39.40782991962665,no,baby,48.0,1.0,9.0,3.142000256,101.7690534,"Jalan Wawasan, Taman Sri Watan, Ampang, Majlis Perbandaran Ampang Jaya, Hulu Langat, Selangor, 68000, Malaysia"
934,20/01/2016,1:09:40,malay,male,moderate,42.0,no,young,37.0,5.0,13.0,3.087161874,101.7533967,"Lebuhraya Bertingkat Sungai Besi–Ulu Klang, Cheras, Ampang, Majlis Perbandaran Ampang Jaya, Hulu Langat, Selangor, 56100, Malaysia"
935,28/12/2015,9:02:06,malay,female,fat,20.0,no,baby,34.0,4.0,17.0,3.099023377,101.7526547,"Ketumbar Hill KL viewpoint, Hilltop Trail (Long route), Ampang, Majlis Perbandaran Ampang Jaya, Hulu Langat, Selangor, 56100, Malaysia"
936,15/12/2015,13:57:57,foreigner,male,fat,33.0,yes,no_kids,25.0,0.0,14.0,3.179590418,101.719388,"Pusat Latihan Polis, Jalan Sultan Yahya Petra, Kampung Datuk Keramat, Kuala Lumpur, 10024, Malaysia"
937,11/01/2016,19:56:18,foreigner,male,moderate,40.0,yes,baby,12.0,1.0,21.0,3.141449246,101.7677131,"661, Jalan 3, Kampung Baru Ampang, Ampang, Majlis Perbandaran Ampang Jaya, Hulu Langat, Selangor, 68000, Malaysia"
938,28/01/2016,7:08:44,malay,female,moderate,47.0,yes,no_kids,54.0,4.0,8.0,3.105694669,101.7126631,"Villa Laman Tasik, Cheras, Kuala Lumpur, 51020, Malaysia"
939,04/02/2016,14:16:42,indian,male,moderate,25.0,no,toddler,40.0,0.0,14.045362392295996,3.187216378,101.7606795,"AU3 (Utara), Jalan AU 3/1, Taman Sri Ukay, Bukit Antarabangsa, Ulu Kelang, Majlis Perbandaran Ampang Jaya, Gombak, Selangor, 54200, Malaysia"
940,06/01/2016,8:31:48,indian,female,moderate,20.0,yes,no_kids,25.0,5.0,17.0,3.168388741,101.773906,"Jalan 6, The Peak @ Taman TAR, Ulu Kelang, Majlis Perbandaran Ampang Jaya, Gombak, Selangor, 68000, Malaysia"
941,11/12/2015,15:49:31,chinese,female,thin,25.0,yes,young,32.0,3.0,17.0,3.146356521,101.7424112,"Lorong Kemajuan 3, Kampung Pandan Luar, Perwira Jaya, Ampang, Majlis Perbandaran Ampang Jaya, Hulu Langat, Selangor, 50600, Malaysia"
942,25/02/2016,17:38:11,foreigner,female,fat,38.0,yes,baby,35.67082167387433,5.0,20.0,3.148237532,101.7626611,"Taman Dagang, Ampang, Majlis Perbandaran Ampang Jaya, Hulu Langat, Selangor, 68000, Malaysia"
943,13/01/2016,18:32:14,indian,male,thin,44.0,yes,no_kids,42.0,3.0,14.045362392295996,3.129762198,101.7075794,"Jalan Jubilee, Pudu, Kuala Lumpur, 55200, Malaysia"
944,12/12/2015,14:55:26,chinese,male,fat,40.0,yes,toddler,40.0,1.0,14.0,3.10122664,101.7854153,"Ah Meng trail, Ampang, Majlis Perbandaran Kajang, Hulu Langat, Selangor, 43100, Malaysia"
945,03/12/2015,17:06:07,foreigner,female,fat,48.0,no,young,31.0,4.0,15.0,3.091852721,101.7621829,"Taman Segar Perdana, Cheras, Majlis Perbandaran Kajang, Hulu Langat, Selangor, 56100, Malaysia"
946,21/01/2016,10:03:45,chinese,female,fat,43.0,yes,baby,35.67082167387433,4.0,11.0,3.191534105,101.7105991,"Rumah 148, Jalan Ayer Panas, Taman Ayer Panas, Setapak, Kuala Lumpur, 53200, Malaysia"
947,19/02/2016,0:09:13,chinese,female,moderate,39.40782991962665,no,toddler ,24.0,5.0,9.0,3.166789641,101.7259404,"Lorong Keramat 3, Kampung Datuk Keramat, Kuala Lumpur, 54000, Malaysia"
948,02/01/2016,12:05:25,foreigner,male,thin,53.0,no,no_kids,35.67082167387433,1.0,7.0,3.112555031,101.7746726,"Lebuhraya Bertingkat Sungai Besi–Ulu Klang, Taman Dagang Jaya, Kampung Indah Permai, Ampang, Majlis Perbandaran Ampang Jaya, Hulu Langat, Selangor, 68000, Malaysia"
949,24/01/2016,3:57:09,indian,female,moderate,39.40782991962665,no,young,41.0,3.0,13.0,3.187697799,101.7298904,"Jalan Rejang 4, Taman Setapak Jaya, Semarak, Kuala Lumpur, 54100, Malaysia"
950,01/12/2015,13:14:41,foreigner,male,fat,45.0,yes,young,20.0,1.0,10.0,3.156774514,101.7147337,"Autrium, Lorong Kuda, Bukit Bintang, Kuala Lumpur, 50088, Malaysia"
951,08/01/2016,5:29:35,indian,male,fat,50.0,no,young,58.0,2.0,21.0,3.174332548,101.7772074,"Trail D, Puncak Bukit Antarabangsa, Ulu Kelang, Majlis Perbandaran Ampang Jaya, Gombak, Selangor, 68000, Malaysia"
952,20/12/2015,6:16:34,malay,female,moderate,34.0,yes,toddler,26.0,3.0,12.0,3.121686231,101.7569876,"Jalan Bunga Kemboja 8, Taman Muda, Pandan Indah, Ampang, Majlis Perbandaran Ampang Jaya, Hulu Langat, Selangor, 55300, Malaysia"
953,16/01/2016,4:22:36,malay,female,moderate,40.0,no,baby,35.0,1.0,14.045362392295996,3.184017038,101.7005115,"Sentul, Kuala Lumpur, 50586, Malaysia"
954,12/01/2016,9:32:36,foreigner,female,thin,19.0,yes,no_kids,35.67082167387433,2.0,13.0,3.181705674,101.7498259,"Jalan 24/56, Setiawangsa, Kuala Lumpur, 54200, Malaysia"
955,26/01/2016,9:15:54,malay,male,fat,30.0,yes,no_kids,32.0,5.0,14.0,3.132341287,101.7454415,"Jalan Pandan Indah 7, Taman Pandan Jaya, Pandan Indah, Ampang, Majlis Perbandaran Ampang Jaya, Hulu Langat, Selangor, 51500, Malaysia"
956,30/01/2016,18:26:18,indian,female,thin,19.0,no,young,28.0,0.0,12.0,3.17816603,101.7631139,"Taman Sri Ukay, Bukit Antarabangsa, Ulu Kelang, Majlis Perbandaran Ampang Jaya, Gombak, Selangor, 54200, Malaysia"
957,16/02/2016,18:19:48,malay,female,moderate,35.0,no,toddler,43.0,5.0,11.0,3.142091848,101.7423445,"Petronas, Persiaran Pandan Prima, Dataran Pandan Prima, Pandan Indah, Ampang, Majlis Perbandaran Ampang Jaya, Hulu Langat, Selangor, 50600, Malaysia"
958,31/12/2015,2:20:53,chinese,male,fat,45.0,yes,no_kids,15.0,0.0,14.045362392295996,3.186569523,101.7197299,"Surau Nurul Huda, Jalan Ayer Keroh, Taman Setapak Jaya, Semarak, Kuala Lumpur, 54100, Malaysia"
959,25/12/2015,16:12:03,indian,female,thin,50.0,no,no_kids,52.0,0.0,12.0,3.096768154,101.7592615,"Taman Bukit Segar Jaya 2, Cheras, Ampang, Majlis Perbandaran Ampang Jaya, Hulu Langat, Selangor, 56100, Malaysia"
960,03/12/2015,11:47:20,foreigner,male,moderate,44.0,yes,toddler ,42.0,1.0,10.0,3.164548656,101.7494957,"Lorong Awan 10, Kampung Baru Kuala Ampang, Ulu Kelang, Majlis Perbandaran Ampang Jaya, Gombak, Selangor, 54200, Malaysia"
961,04/12/2015,18:45:31,malay,male,moderate,47.0,yes,baby,18.0,0.0,18.0,3.115412776,101.7253643,"Jalan Ikan Emas 3, Taman Ikan Emas, Cheras, Kuala Lumpur, 55300, Malaysia"
962,14/12/2015,8:07:20,malay,female,thin,28.0,yes,toddler,22.0,3.0,17.0,3.155030656,101.7233275,"Embassy of the United States of America, Jalan Tun Razak, Bukit Bintang, Kuala Lumpur, 50450, Malaysia"
963,10/01/2016,16:26:23,foreigner,female,thin,47.0,no,toddler ,33.0,5.0,17.0,3.141908163,101.7285639,"Jalan Wirawati 6, Taman Maluri, Kampung Pandan, Kuala Lumpur, 55100, Malaysia"
964,11/02/2016,5:20:41,indian,male,fat,23.0,no,toddler ,45.0,0.0,15.0,3.143117012,101.719466,"Kimpton Hotel & Offices, Jalan Utara, Kampung Dollah, Pudu, Kuala Lumpur, 55100, Malaysia"
965,20/12/2015,2:49:34,malay,female,fat,26.0,yes,baby,51.0,4.0,20.0,3.108207256,101.7641652,"Jalan Mega 15, Taman Mega Jaya, Ampang, Majlis Perbandaran Ampang Jaya, Hulu Langat, Selangor, 56100, Malaysia"
966,11/02/2016,21:50:28,malay,female,fat,35.0,yes,no_kids,32.0,1.0,9.0,3.12917998,101.7197497,"Jalan Cheras, Maluri, Cheras, Kuala Lumpur, 55200, Malaysia"
967,27/12/2015,21:57:34,chinese,female,moderate,39.40782991962665,yes,young,50.0,4.0,10.0,3.182005751,101.7347311,"Jalan Saimmun Tarikat, Kementah, Setiawangsa, Kuala Lumpur, 54100, Malaysia"
968,05/02/2016,4:07:25,malay,female,moderate,26.0,yes,toddler ,50.0,3.0,9.0,3.099022081,101.7618666,"Lebuhraya Bertingkat Sungai Besi–Ulu Klang, Taman Bukit Permai, Ampang, Majlis Perbandaran Ampang Jaya, Hulu Langat, Selangor, 56100, Malaysia"
969,22/01/2016,14:16:56,chinese,male,thin,33.0,no,young,35.0,0.0,10.0,3.117361273,101.7492172,"Jalan Kencana 20, Taman Mawar, Pandan Perdana, Ampang, Majlis Perbandaran Ampang Jaya, Hulu Langat, Selangor, 55300, Malaysia"
970,06/02/2016,19:42:53,chinese,female,moderate,19.0,no,toddler ,37.0,0.0,11.0,3.155773805,101.7844118,"Lengkungan Bukit Indah 3/14, The Valley TTDI, Ulu Kelang, Majlis Perbandaran Ampang Jaya, Gombak, Selangor, 68000, Malaysia"
971,31/01/2016,22:10:36,chinese,female,moderate,28.0,yes,baby,18.0,0.0,13.0,3.107429522,101.7243208,"Institut Pendidikan Guru Kampus Ilmu Khas, Jalan Yaacob Latif, Bandar Tun Razak, Cheras, Kuala Lumpur, 55300, Malaysia"
972,15/12/2015,14:32:57,chinese,female,fat,57.0,no,young,19.0,2.0,20.0,3.190253204,101.762774,"Jalan Pinggiran 1, Pinggiran Ukay, Bukit Antarabangsa, Ulu Kelang, Majlis Perbandaran Ampang Jaya, Gombak, Selangor, 54200, Malaysia"
973,05/12/2015,23:08:43,malay,male,thin,51.0,no,toddler,26.0,1.0,19.0,3.136287982,101.7642338,"229A, Lorong Youth, Kampung Baru Ampang, Ampang, Majlis Perbandaran Ampang Jaya, Hulu Langat, Selangor, 68000, Malaysia"
974,06/02/2016,13:14:19,indian,female,moderate,19.0,no,toddler,16.0,5.0,12.0,3.132270853,101.7354709,"Casa Ria Apartment, Jalan Jejaka, Maluri, Cheras, Kuala Lumpur, 51500, Malaysia"
975,12/12/2015,3:01:38,malay,male,moderate,36.0,yes,no_kids,11.0,3.0,11.0,3.103553363,101.7453912,"71, Jalan Ketumbar, Taman Cheras, Cheras, Kuala Lumpur, 56100, Malaysia"
976,25/02/2016,10:24:42,chinese,male,thin,21.0,no,toddler,24.0,0.0,11.0,3.115427066,101.7552716,"Jalan Mawar 6, Taman Mawar, Ampang, Majlis Perbandaran Ampang Jaya, Hulu Langat, Selangor, 56100, Malaysia"
977,16/02/2016,18:50:48,indian,female,thin,55.0,no,toddler ,35.0,3.0,21.0,3.130619233,101.7747699,"Jalan 2/1C, Taman Tasik Tambahan, Kampung Indah Permai, Ampang, Majlis Perbandaran Ampang Jaya, Hulu Langat, Selangor, 68000, Malaysia"
978,14/02/2016,3:17:50,malay,female,moderate,44.0,no,baby,27.0,3.0,8.0,3.172276609,101.7122531,"Kolej Tun Syed Nasir 1, Jalan Temerloh, Semarak, Kuala Lumpur, 10024, Malaysia"
979,26/01/2016,16:34:03,malay,male,thin,57.0,yes,baby,45.0,0.0,13.0,3.152130473,101.7623708,"Lorong Pinang 2, Taman Dagang, Ampang, Majlis Perbandaran Ampang Jaya, Hulu Langat, Selangor, 68000, Malaysia"
980,17/12/2015,12:32:47,chinese,male,thin,26.0,no,baby,18.0,3.0,16.0,3.143564338,101.7092428,"Plaza Berjaya, Jalan Imbi, Kampung Dollah, Bukit Bintang, Kuala Lumpur, 50200, Malaysia"
981,25/12/2015,23:46:13,chinese,female,thin,21.0,no,young,60.0,4.0,14.0,3.142313407,101.7374946,"Lorong Delapan, Taman Maluri, Kampung Pandan, Kuala Lumpur, 50600, Malaysia"
982,30/12/2015,23:06:59,foreigner,male,moderate,56.0,no,toddler ,39.0,0.0,11.0,3.122477689,101.750749,"Taman Muda, Pandan Indah, Ampang, Majlis Perbandaran Ampang Jaya, Hulu Langat, Selangor, 55300, Malaysia"
983,22/12/2015,18:48:45,foreigner,female,moderate,41.0,no,young,26.0,0.0,20.0,3.122379109,101.7200146,"Jalan 4/93, Taman Miharja, Cheras, Kuala Lumpur, 55200, Malaysia"
984,26/12/2015,18:42:01,malay,male,thin,18.0,yes,no_kids,49.0,1.0,21.0,3.168313632,101.7180494,"Koperasi Permodalan FELDA Malaysia, Jalan Gurney 3, Kampung Datuk Keramat, Kuala Lumpur, 54000, Malaysia"
985,19/02/2016,16:21:46,indian,female,fat,35.0,no,no_kids,27.0,2.0,9.0,3.176067971,101.785881,"Trail C, Bukit Antarabangsa, Ulu Kelang, Majlis Perbandaran Ampang Jaya, Gombak, Selangor, 68000, Malaysia"
986,30/01/2016,15:36:56,malay,female,moderate,35.0,no,young,56.0,0.0,14.0,3.13538363,101.7711091,"Lorong Ikan Emas 14, Ampang Avenue, Ampang, Majlis Perbandaran Ampang Jaya, Hulu Langat, Selangor, 68000, Malaysia"
987,31/01/2016,4:45:34,malay,male,moderate,39.0,yes,baby,55.0,2.0,16.0,3.104888944,101.7697726,"Lebuhraya Bertingkat Sungai Besi–Ulu Klang, Taman Dagang Jaya, Kampung Indah Permai, Ampang, Majlis Perbandaran Ampang Jaya, Hulu Langat, Selangor, 68000, Malaysia"
988,22/02/2016,11:17:31,indian,female,moderate,46.0,no,toddler,20.0,4.0,20.0,3.193633492,101.7449461,"Jalan 1/27C, Lojing Heights 1, Wangsa Maju, Kuala Lumpur, 53300, Malaysia"
989,03/01/2016,11:32:42,malay,male,thin,46.0,no,baby,30.0,0.0,15.0,3.114650971,101.7133952,"Kawasan Perindustrian Trisegi, Kuala Lumpur, 55200, Malaysia"
990,02/01/2016,7:51:56,malay,female,thin,39.40782991962665,no,no_kids,11.0,2.0,16.0,3.188510608,101.7278994,"Jalan Rejang 4, Taman Setapak Jaya, Semarak, Kuala Lumpur, 54100, Malaysia"
991,09/02/2016,3:36:51,chinese,male,thin,47.0,no,no_kids,43.0,3.0,9.0,3.141615646,101.7375418,"Lorong Delapan, Taman Maluri, Kampung Pandan, Kuala Lumpur, 50988, Malaysia"
992,24/02/2016,2:53:02,chinese,male,moderate,29.0,yes,baby,39.0,0.0,19.0,3.134710508,101.7669341,"Jalan Pandan Utama, Kampung Ampang Campuran, Ampang, Majlis Perbandaran Ampang Jaya, Hulu Langat, Selangor, 68000, Malaysia"
993,01/01/2016,18:16:02,malay,male,fat,36.0,yes,toddler ,23.0,4.0,21.0,3.190581594,101.7555534,"Jalan 1/56, Setiawangsa, Kuala Lumpur, 54200, Malaysia"
994,14/12/2015,5:23:44,indian,male,moderate,25.0,no,baby,22.0,3.0,14.0,3.193037957,101.7160187,"Kompleks Sukan Sky Arena, Jalan Ayer Dalam, Setapak, Kuala Lumpur, 53200, Malaysia"
995,10/02/2016,21:51:00,chinese,female,moderate,24.0,no,baby,40.0,0.0,10.0,3.149095802,101.7598699,"Jalan Dagang 1/8, Taman Dagang, Ampang, Majlis Perbandaran Ampang Jaya, Hulu Langat, Selangor, 68000, Malaysia"
996,26/01/2016,6:21:00,chinese,male,fat,27.0,yes,young,52.0,5.0,21.0,3.165975165,101.7661005,"KDE golf course, Jalan 12, Taman Hijau, Ulu Kelang, Majlis Perbandaran Ampang Jaya, Gombak, Selangor, 68000, Malaysia"
997,25/12/2015,23:59:02,malay,male,moderate,29.0,no,baby,19.0,5.0,20.0,3.123304191,101.777292,"Lorong Permai 27A, Taman Tasik Tambahan, Kampung Tasek Permai, Ampang, Majlis Perbandaran Ampang Jaya, Hulu Langat, Selangor, 68000, Malaysia"
998,18/02/2016,10:42:35,indian,male,thin,54.0,no,no_kids,59.0,1.0,10.0,3.100791765,101.7238215,"UKM Medical Molecular Biology Institute, Jalan Yaacob Latif, Bandar Tun Razak, Cheras, Kuala Lumpur, 56000, Malaysia"
999,11/01/2016,5:36:37,malay,female,fat,23.0,yes,young,44.0,3.0,11.0,3.138454129,101.7515872,"Caltex, Jalan Cempaka 14, Taman Cempaka, Pandan Indah, Ampang, Majlis Perbandaran Ampang Jaya, Hulu Langat, Selangor, 68000, Malaysia"
1000,19/12/2015,16:05:04,foreigner,female,moderate,58.0,no,toddler ,29.0,4.0,21.0,3.119072487,101.7795623,"Jalan Ampang - Hulu Langat, Bukit Ampang Permai, Kampung Tasek Permai, Ampang, Majlis Perbandaran Ampang Jaya, Hulu Langat, Selangor, 43100, Malaysia"
1001,10/01/2016,23:09:18,malay,female,thin,23.0,no,young,49.0,0.0,9.0,3.136569139,101.7080372,"KWC Fashion Mall, No.2, Jalan Kenanga, Pudu, Kuala Lumpur, 55200, Malaysia"
1002,24/01/2016,5:06:05,indian,female,moderate,27.0,yes,toddler ,27.0,1.0,7.0,3.177606111,101.7846669,"Trail C, Bukit Antarabangsa, Ulu Kelang, Majlis Perbandaran Ampang Jaya, Gombak, Selangor, 68000, Malaysia"
1003,18/02/2016,17:57:32,chinese,female,moderate,54.0,yes,toddler,22.0,4.0,14.0,3.124776847,101.7482784,"Lorong Bunga Matahari 1A, Pandan Indah, Ampang, Majlis Perbandaran Ampang Jaya, Hulu Langat, Selangor, 55300, Malaysia"
1004,12/12/2015,11:36:46,malay,female,thin,18.0,yes,no_kids,24.0,2.0,11.0,3.151234046,101.770155,"Jalan Kosas 2/11, Taman Kosas, Kampung Dato Mufti Shuib, Ampang, Majlis Perbandaran Ampang Jaya, Hulu Langat, Selangor, 68000, Malaysia"
1005,08/01/2016,7:17:10,chinese,female,moderate,43.0,yes,no_kids,21.0,3.0,21.0,3.103041695,101.7736656,"Apek Hill, Waterfall trail, Majlis Perbandaran Kajang, Hulu Langat, Selangor, 56100, Malaysia"
1006,02/12/2015,5:42:38,indian,male,moderate,18.0,no,young,34.0,2.0,9.0,3.166716455,101.7022427,"Adamson, Jalan Abdul Rahman Idris, Chow Kit, Kampong Bharu, Kuala Lumpur, 50300, Malaysia"
1007,14/01/2016,0:20:44,malay,male,fat,19.0,yes,toddler,38.0,4.0,7.0,3.149428597,101.7016328,"Jalan Bukit Nanas, Bukit Bintang, Kuala Lumpur, 50250, Malaysia"
1008,27/02/2016,7:39:37,malay,male,thin,60.0,no,toddler,32.0,5.0,9.0,3.141552641,101.752244,"1, Jalan Cempaka 6, Taman Cempaka, Pandan Indah, Ampang, Majlis Perbandaran Ampang Jaya, Hulu Langat, Selangor, 68000, Malaysia"
1009,25/12/2015,6:30:42,malay,male,moderate,25.0,no,young,47.0,4.0,19.0,3.15702397,101.78125,"Jalan Lembah TTDI 2, The Valley TTDI, Ulu Kelang, Majlis Perbandaran Ampang Jaya, Gombak, Selangor, 68000, Malaysia"
1010,06/02/2016,13:18:32,indian,female,fat,23.0,no,young,16.0,0.0,10.0,3.11927061,101.773959,"Jalan Melur 19, Taman Melur, Kampung Tasik Tambahan, Ampang, Majlis Perbandaran Ampang Jaya, Hulu Langat, Selangor, 56100, Malaysia"
1011,21/02/2016,8:17:33,indian,male,thin,32.0,yes,young,26.0,0.0,10.0,3.136610978,101.7582253,"Kampung Baru Ampang, Pandan Indah, Ampang, Majlis Perbandaran Ampang Jaya, Hulu Langat, Selangor, 68000, Malaysia"
1012,04/12/2015,21:23:04,foreigner,female,fat,30.0,yes,young,32.0,3.0,19.0,3.176364699,101.7632832,"Taman Sri Ukay, Bukit Antarabangsa, Ulu Kelang, Majlis Perbandaran Ampang Jaya, Gombak, Selangor, 54200, Malaysia"
1013,15/02/2016,23:21:15,malay,female,thin,27.0,yes,young,19.0,0.0,15.0,3.17497415,101.7554909,"Jalan Lingkaran Tengah 2, Taman Keramat AU2, Ulu Kelang, Majlis Perbandaran Ampang Jaya, Gombak, Selangor, 54200, Malaysia"
1014,05/01/2016,14:30:45,indian,female,thin,23.0,yes,baby,16.0,2.0,15.0,3.175564219,101.7796675,"Trail C, Bukit Antarabangsa, Ulu Kelang, Majlis Perbandaran Ampang Jaya, Gombak, Selangor, 68000, Malaysia"
1015,25/02/2016,6:48:05,malay,male,moderate,25.0,yes,baby,47.0,2.0,11.0,3.187146305,101.7281931,"Jalan Rejang 4, Taman Setapak Jaya, Semarak, Kuala Lumpur, 54100, Malaysia"
1016,31/01/2016,6:52:11,malay,female,thin,20.0,yes,no_kids,43.0,4.0,7.0,3.194695798,101.7042576,"Jalan Desa Gombak 7, Desa Gombak, Kampung Puah, Kuala Lumpur, 53000, Malaysia"
1017,08/02/2016,22:49:51,malay,male,thin,58.0,yes,no_kids,21.0,0.0,10.0,3.154959073,101.7430153,"Jalan Keranj 1, Ampang Hilir, Kuala Lumpur, 50600, Malaysia"
1018,26/02/2016,9:57:27,foreigner,male,moderate,24.0,no,no_kids,33.0,1.0,15.0,3.111829859,101.7465516,"Lorong 36A, Kampung Cheras Baru, Ampang, Majlis Perbandaran Ampang Jaya, Hulu Langat, Selangor, 56100, Malaysia"
1019,13/01/2016,20:06:56,malay,female,thin,38.0,yes,young,56.0,4.0,19.0,3.093443776,101.7481961,"Bukit Segar, Cheras, Kuala Lumpur, 56100, Malaysia"
1020,02/01/2016,5:21:44,chinese,female,thin,18.0,no,toddler,44.0,1.0,16.0,3.181563765,101.7116366,"Titiwangsa Golf Course, Laluan Banjaran, Kuala Lumpur, 10024, Malaysia"
1021,12/12/2015,13:09:44,malay,male,thin,28.0,no,toddler,13.0,4.0,10.0,3.122432735,101.7550528,"Jalan Maju 1/1, Taman Muda, Pandan Indah, Ampang, Majlis Perbandaran Ampang Jaya, Hulu Langat, Selangor, 55300, Malaysia"
1022,23/02/2016,3:48:16,chinese,female,thin,49.0,no,toddler ,23.0,0.0,20.0,3.126226715,101.7359094,"Shamelin Star (Capella), Lorong 6D/91, Taman Shamelin Perkasa, Cheras, Kuala Lumpur, 51500, Malaysia"
1023,11/12/2015,12:06:33,malay,male,moderate,39.40782991962665,yes,toddler,59.0,1.0,9.0,3.123896581,101.7419032,"Jalan Perdana 7/3, Pandan Perdana, Ampang, Majlis Perbandaran Ampang Jaya, Hulu Langat, Selangor, 55300, Malaysia"
1024,24/01/2016,23:17:54,malay,male,fat,19.0,no,young,12.0,5.0,16.0,3.127779514,101.7119267,"Jalan Sungai Besi, Pudu, Kuala Lumpur, 55200, Malaysia"
1025,07/01/2016,5:22:12,malay,male,moderate,35.0,yes,toddler,41.0,0.0,15.0,3.108291331,101.7061691,"Block B1, Jalan Sungai Besi, Razak Mansion, Kuala Lumpur, 51020, Malaysia"
1026,29/12/2015,9:09:05,foreigner,female,thin,58.0,no,young,18.0,0.0,8.0,3.138336011,101.7740332,"Jalan Watan 5, Taman Sri Watan, Ampang, Majlis Perbandaran Ampang Jaya, Hulu Langat, Selangor, 68000, Malaysia"
1027,03/12/2015,23:16:57,foreigner,female,moderate,45.0,yes,baby,42.0,2.0,9.0,3.096192548,101.7574977,"Jalan Bukit Segar Jaya, Taman Bukit Segar Jaya 2, Cheras, Ampang, Majlis Perbandaran Ampang Jaya, Hulu Langat, Selangor, 56100, Malaysia"
1028,28/12/2015,22:25:44,malay,male,thin,56.0,no,no_kids,11.0,0.0,13.0,3.133035037,101.7763342,"Jalan Ikan Emas 7, Taman Dagang Jaya, Kampung Indah Permai, Ampang, Majlis Perbandaran Ampang Jaya, Hulu Langat, Selangor, 68000, Malaysia"
1029,22/02/2016,6:52:01,chinese,male,moderate,46.0,no,toddler,54.0,0.0,17.0,3.126675106,101.7606615,"Jalan Maju 2/7, Lembah Maju, Pandan Indah, Ampang, Majlis Perbandaran Ampang Jaya, Hulu Langat, Selangor, 55300, Malaysia"
1030,28/02/2016,14:31:57,indian,male,thin,39.40782991962665,no,young,30.0,1.0,12.0,3.130675786,101.7471539,"Jalan Pandan Indah 1/9, Taman Pandan Jaya, Pandan Indah, Ampang, Majlis Perbandaran Ampang Jaya, Hulu Langat, Selangor, 51500, Malaysia"
1031,24/12/2015,15:54:22,foreigner,female,fat,52.0,no,toddler,55.0,1.0,17.0,3.172677033,101.7848798,"Trail C, Bukit Antarabangsa, Ulu Kelang, Majlis Perbandaran Ampang Jaya, Gombak, Selangor, 68000, Malaysia"
1032,23/01/2016,14:38:20,foreigner,male,fat,52.0,yes,toddler ,14.0,5.0,20.0,3.101147357,101.7460156,"Jalan Durian 5, Taman Cheras, Cheras, Kuala Lumpur, 56100, Malaysia"
1033,21/01/2016,5:37:01,malay,male,fat,56.0,yes,toddler ,18.0,0.0,14.0,3.100854692,101.7018515,"Lebuhraya Sungai Besi, Bandar Sri Permaisuri, Salak Selatan, Kuala Lumpur, 51020, Malaysia"
1034,16/01/2016,8:13:20,malay,female,moderate,56.0,no,no_kids,13.0,2.0,13.0,3.169660206,101.7862451,"Trail C, Bukit Antarabangsa, Ulu Kelang, Majlis Perbandaran Ampang Jaya, Gombak, Selangor, 68000, Malaysia"
1035,21/12/2015,22:48:43,malay,female,fat,30.0,yes,toddler ,36.0,2.0,13.0,3.152612284,101.7055655,"Gloria Jean's, Jalan Puncak, Bukit Bintang, Kuala Lumpur, 50250, Malaysia"
1036,23/01/2016,19:45:05,chinese,female,moderate,56.0,no,young,46.0,3.0,10.0,3.092971423,101.7270114,"Jalan Midah 16, Bandar Tun Razak, Cheras, Kuala Lumpur, 56000, Malaysia"
1037,30/12/2015,7:21:49,indian,female,moderate,39.40782991962665,yes,no_kids,29.0,4.0,16.0,3.128638698,101.6994921,"SK Jalan Bellamy, Jalan Bellamy, Bukit Petaling, Seputeh, Kuala Lumpur, 50460, Malaysia"
1038,06/02/2016,15:40:31,indian,male,fat,39.40782991962665,no,baby,60.0,3.0,19.0,3.180247008,101.7406551,"Sekolah Kebangsaan Setiawangsa, Persiaran Setiawangsa, Setiawangsa, Kuala Lumpur, 54200, Malaysia"
1039,05/01/2016,13:44:23,indian,female,fat,27.0,no,no_kids,24.0,2.0,14.0,3.197348286,101.7774649,"Ukay Perdana, Ulu Kelang, Majlis Perbandaran Ampang Jaya, Gombak, Selangor, 54200, Malaysia"
1040,09/01/2016,8:15:35,malay,female,fat,19.0,no,toddler,33.0,3.0,11.0,3.142037251,101.7546927,"Jalan Cahaya 3A, Taman Cahaya, Pandan Indah, Ampang, Majlis Perbandaran Ampang Jaya, Hulu Langat, Selangor, 68000, Malaysia"
1041,10/12/2015,3:21:20,malay,female,moderate,36.0,yes,toddler ,34.0,0.0,11.0,3.121225761,101.7260201,"Lebuhraya Sungai Besi, Pudu Ulu, Cheras, Kuala Lumpur, 51500, Malaysia"
1042,12/02/2016,10:02:04,indian,female,moderate,21.0,yes,no_kids,25.0,1.0,8.0,3.100624066,101.7474597,"Jalan Pelaga, Taman Cheras, Cheras, Kuala Lumpur, 56100, Malaysia"
1043,11/01/2016,4:33:20,foreigner,male,moderate,54.0,no,baby,57.0,0.0,7.0,3.095200184,101.7387312,"Eko Cheras Mall, Jalan Cheras, Taman Cheras, Cheras, Kuala Lumpur, 56100, Malaysia"
1044,24/12/2015,5:45:09,malay,female,moderate,53.0,no,no_kids,14.0,3.0,8.0,3.122027314,101.7691729,"Jalan 6/3, Taman Seri Raya, Kampung Tasik Tambahan, Ampang, Majlis Perbandaran Ampang Jaya, Hulu Langat, Selangor, 56100, Malaysia"
1045,04/12/2015,15:43:36,foreigner,female,fat,22.0,no,toddler ,11.0,4.0,13.0,3.128701454,101.7790016,"Jalan Permai D, Taman Tasik Tambahan, Kampung Indah Permai, Ampang, Majlis Perbandaran Ampang Jaya, Hulu Langat, Selangor, 68000, Malaysia"
1046,16/01/2016,0:07:15,foreigner,male,moderate,54.0,no,baby,60.0,5.0,16.0,3.107253981,101.7815749,"Waterfall trail, Majlis Perbandaran Kajang, Hulu Langat, Selangor, 56100, Malaysia"
1047,29/02/2016,15:11:16,malay,female,moderate,53.0,no,toddler ,58.0,4.0,11.0,3.152375739,101.7098003,"Kenanga International, Jalan Sultan Ismail, Bukit Bintang, Kuala Lumpur, 50250, Malaysia"
1048,20/01/2016,13:44:12,indian,male,moderate,36.0,no,baby,26.0,4.0,12.0,3.142190787,101.7228811,"Royal Selangor Golf Club, Jalan Tun Razak, Maluri, Pudu, Kuala Lumpur, 55100, Malaysia"
1049,04/12/2015,10:00:06,chinese,female,thin,23.0,yes,young,29.0,5.0,9.0,3.169781558,101.7568408,"Jalan Teberau 3, Puncak Ukay, Ulu Kelang, Majlis Perbandaran Ampang Jaya, Gombak, Selangor, 54200, Malaysia"
1050,01/01/2016,10:49:05,foreigner,male,fat,24.0,yes,toddler ,29.0,0.0,18.0,3.093084132,101.7361347,"Jalan Mutiara 7, Taman Mutiara, Cheras, Kuala Lumpur, 56100, Malaysia"
1051,10/12/2015,19:57:46,foreigner,female,thin,57.0,no,no_kids,25.0,0.0,20.0,3.185214884,101.7352738,"Setiawangsa–Pantai Expressway, Setiawangsa, Kuala Lumpur, 54100, Malaysia"
1052,11/12/2015,5:44:03,malay,male,fat,33.0,yes,no_kids,49.0,2.0,7.0,3.169177418,101.7091927,"Institut Jantung Negara, 145, Jalan Tun Razak, Semarak, Kuala Lumpur, 50400, Malaysia"
1053,28/12/2015,15:30:20,foreigner,male,fat,26.0,no,baby,48.0,3.0,13.0,3.182955247,101.7436536,"Lebuhraya Duta-Ulu Kelang, Setiawangsa, Kuala Lumpur, 54200, Malaysia"
1054,15/01/2016,23:27:32,indian,female,fat,49.0,yes,young,53.0,2.0,20.0,3.191968903,101.7467441,"Bukit Dinding hiking trail, Setiawangsa, Kuala Lumpur, 54200, Malaysia"
1055,10/02/2016,13:55:14,foreigner,female,fat,31.0,no,toddler ,12.0,3.0,18.0,3.172037799,101.7852568,"Trail C, Bukit Antarabangsa, Ulu Kelang, Majlis Perbandaran Ampang Jaya, Gombak, Selangor, 68000, Malaysia"
1056,09/01/2016,4:29:42,indian,male,moderate,58.0,yes,young,37.0,3.0,9.0,3.16758116,101.7502829,"Jalan Kabus, Kampung Baru Kuala Ampang, Ulu Kelang, Majlis Perbandaran Ampang Jaya, Gombak, Selangor, 54200, Malaysia"
1057,31/01/2016,22:50:48,chinese,male,fat,58.0,no,baby,36.0,3.0,17.0,3.127054468,101.7029164,"Kwong Tong Cemetery Parlour Hall F, Jalan Istana, Bukit Petaling, Pudu, Kuala Lumpur, 55200, Malaysia"
1058,24/02/2016,17:10:21,indian,male,moderate,56.0,yes,baby,46.0,0.0,12.0,3.134412143,101.735686,"Ampang, Majlis Perbandaran Ampang Jaya, Hulu Langat, Selangor, 50988, Malaysia"
1059,14/01/2016,22:59:21,chinese,female,thin,58.0,no,no_kids,41.0,1.0,21.0,3.178054303,101.7159131,"Pusat Latihan Polis, Jalan Sultan Yahya Petra, Kampung Datuk Keramat, Kuala Lumpur, 10024, Malaysia"
1060,04/01/2016,23:00:06,indian,male,thin,26.0,no,young,51.0,4.0,11.0,3.16906726,101.7024769,"Hospital Kuala Lumpur, Jalan Tun Razak, Kuala Lumpur, 50572, Malaysia"
1061,04/01/2016,0:47:27,malay,female,thin,24.0,no,no_kids,30.0,4.0,11.0,3.185128735,101.7583141,"Masjid Al-Khairiah, Jalan AU 3/7A, Taman Sri Ukay, Bukit Antarabangsa, Ulu Kelang, Majlis Perbandaran Ampang Jaya, Gombak, Selangor, 54200, Malaysia"
1062,27/02/2016,0:59:10,indian,male,thin,28.0,yes,young,40.0,3.0,20.0,3.133283203,101.7226676,"Stesen MRT Cochrane Pintu A, Jalan Cochrane, Maluri, Cheras, Kuala Lumpur, 55100, Malaysia"
1063,03/01/2016,19:49:57,chinese,female,fat,59.0,yes,toddler ,17.0,2.0,8.0,3.106680746,101.7510245,"Jalan 11, Taman Cheras, Cheras, Kuala Lumpur, 56100, Malaysia"
1064,06/12/2015,10:46:16,malay,male,moderate,23.0,no,baby,58.0,0.0,8.0,3.131919221,101.7649646,"Jalan 3, Kampung Ampang Campuran, Kampung Tasik Tambahan, Ampang, Majlis Perbandaran Ampang Jaya, Hulu Langat, Selangor, 68000, Malaysia"
1065,06/01/2016,2:19:46,malay,male,thin,39.40782991962665,yes,no_kids,52.0,4.0,20.0,3.187409567,101.7253376,"Jalan Ayer Keroh, Taman Setapak Jaya, Semarak, Kuala Lumpur, 54100, Malaysia"
1066,01/12/2015,23:38:53,foreigner,female,thin,60.0,yes,no_kids,23.0,3.0,13.0,3.158702603,101.7365932,"Ampang Hilir, Kuala Lumpur, 50538, Malaysia"
1067,14/02/2016,5:07:39,indian,male,thin,55.0,no,no_kids,34.0,2.0,7.0,3.09084931,101.753663,"Jalan Bukit Segar, Taman Bukit Segar, Cheras, Ampang, Majlis Perbandaran Ampang Jaya, Hulu Langat, Selangor, 56100, Malaysia"
1068,04/01/2016,11:39:14,chinese,female,thin,40.0,yes,baby,22.0,0.0,14.0,3.12671858,101.7003654,"Jalan Kerayong, Bukit Petaling, Seputeh, Kuala Lumpur, 50460, Malaysia"
1069,08/02/2016,1:55:00,chinese,male,moderate,22.0,yes,toddler ,12.0,1.0,18.0,3.138852645,101.7072694,"Lorong Meranti 3, Kampung Dollah, Pudu, Kuala Lumpur, 55720, Malaysia"
1070,23/01/2016,13:51:49,malay,female,thin,25.0,no,toddler ,17.0,1.0,19.0,3.156274089,101.7457852,"Mee Rebus, Jalan Ampang Hilir, Ampang Hilir, Kuala Lumpur, 50600, Malaysia"
1071,19/02/2016,22:02:51,malay,male,moderate,30.0,no,toddler ,26.0,3.0,20.0,3.141989468,101.7821358,"Jalan Ampang, Kampung Lembah Jaya Selatan, Kampung Muhibbah, Ampang, Majlis Perbandaran Ampang Jaya, Hulu Langat, Selangor, 68000, Malaysia"
1072,01/02/2016,6:25:37,indian,female,fat,51.0,yes,toddler ,15.0,2.0,7.0,3.18446514,101.7623879,"Jalan Changkar Ukay, Villa Sri Ukay, Bukit Antarabangsa, Ulu Kelang, Majlis Perbandaran Ampang Jaya, Gombak, Selangor, 54200, Malaysia"
1073,09/12/2015,6:16:16,chinese,male,moderate,46.0,yes,toddler,21.0,5.0,10.0,3.150616053,101.7215038,"Istana Terengganu, Jalan Kia Peng, Bukit Bintang, Kuala Lumpur, 50450, Malaysia"
1074,31/01/2016,12:39:26,foreigner,male,thin,39.40782991962665,yes,young,35.67082167387433,1.0,19.0,3.086985245,101.7097465,"347, Jalan 14, Kampung Baru Salak Selatan, Salak Selatan, Kuala Lumpur, 57100, Malaysia"
1075,02/12/2015,14:49:04,chinese,female,thin,35.0,no,baby,16.0,2.0,8.0,3.121867484,101.7165752,"Blok 8, Jalan 1/93, Taman Miharja, Cheras, Kuala Lumpur, 55200, Malaysia"
1076,20/02/2016,8:30:46,indian,female,fat,57.0,no,young,53.0,1.0,17.0,3.149773769,101.746534,"Jalan Pandan Cantik, Taman Angsana Hilir, Perwira Jaya, Ampang, Majlis Perbandaran Ampang Jaya, Hulu Langat, Selangor, 50600, Malaysia"
1077,05/01/2016,19:33:32,indian,male,moderate,23.0,no,young,35.67082167387433,4.0,11.0,3.129634142,101.7700597,"Lorong Ikan Jelawat 11, Kampung Ampang Campuran, Kampung Tasik Tambahan, Ampang, Majlis Perbandaran Ampang Jaya, Hulu Langat, Selangor, 68000, Malaysia"
1078,01/03/2016,22:26:34,foreigner,female,thin,42.0,no,young,35.67082167387433,1.0,13.0,3.167783452,101.7600804,"Taman Hijau, Ulu Kelang, Majlis Perbandaran Ampang Jaya, Gombak, Selangor, 68000, Malaysia"
1079,10/01/2016,5:55:48,foreigner,male,thin,52.0,yes,toddler ,49.0,4.0,14.0,3.142249467,101.7029979,"SJK (C) Jalan Davidson 吉隆坡德威伸路州立华文小学, Jalan Hang Jebat, Bukit Bintang, Kuala Lumpur, 50150, Malaysia"
1080,06/01/2016,9:07:45,malay,male,moderate,20.0,yes,toddler,12.0,5.0,9.0,3.133907236,101.7433658,"Taman Pandan Jaya, Pandan Indah, Ampang, Majlis Perbandaran Ampang Jaya, Hulu Langat, Selangor, 51500, Malaysia"
1081,18/01/2016,11:19:45,foreigner,female,moderate,33.0,no,no_kids,35.67082167387433,2.0,15.0,3.136122205,101.699546,"Lengkok Belfield, Bukit Petaling, Bukit Bintang, Kuala Lumpur, 50150, Malaysia"
1082,26/12/2015,18:38:58,chinese,female,fat,51.0,yes,baby,58.0,1.0,12.0,3.158985175,101.7219488,"The LINC, 360, Jalan Ampang, Kampung Datuk Keramat, Kuala Lumpur, 50450, Malaysia"
1083,06/02/2016,14:16:50,malay,female,fat,51.0,yes,toddler ,40.0,3.0,15.0,3.091063861,101.7437455,"Tai Thong Restaurant (CLOSED), Jalan Manis 1, Taman Segar, Cheras, Kuala Lumpur, 56100, Malaysia"
1084,05/01/2016,7:33:45,foreigner,female,thin,39.0,yes,baby,12.0,2.0,13.0,3.188948749,101.7017574,"Jalan Puah Jaya 1, Taman Dato' Senu, Setapak, Kuala Lumpur, 51000, Malaysia"
1085,31/12/2015,7:37:38,chinese,female,fat,52.0,no,baby,43.0,4.0,20.0,3.087608707,101.7512107,"Cheras Hartamas, Lebuhraya Bertingkat Sungai Besi–Ulu Klang, Cheras, Ampang, Majlis Perbandaran Ampang Jaya, Hulu Langat, Selangor, 56100, Malaysia"
1086,30/12/2015,15:52:28,indian,female,moderate,31.0,yes,baby,35.67082167387433,1.0,16.0,3.14675442,101.7005408,"Kottu Malai Pillayar Temple, Jalan Pudu Lama, Bukit Bintang, Kuala Lumpur, 50150, Malaysia"
1087,03/01/2016,6:02:48,malay,female,moderate,29.0,no,toddler,22.0,1.0,12.0,3.097591459,101.7732352,"Station 3b, MRT Trail, Majlis Perbandaran Kajang, Hulu Langat, Selangor, 56100, Malaysia"
1088,19/12/2015,8:06:23,indian,male,fat,45.0,no,baby,15.0,5.0,19.0,3.136657606,101.7101675,"Kampung Dollah, Pudu, Kuala Lumpur, 55720, Malaysia"
1089,18/12/2015,22:45:30,chinese,female,thin,49.0,yes,toddler,53.0,3.0,11.0,3.103497903,101.7533078,"Trailhead Bukit Ketumbar, Jalan 6/95B, Taman Bukit Pandan, Pandan Perdana, Ampang, Majlis Perbandaran Ampang Jaya, Hulu Langat, Selangor, 55300, Malaysia"
1090,23/02/2016,14:53:26,chinese,female,moderate,26.0,yes,no_kids,34.0,2.0,14.045362392295996,3.12280307,101.7014265,"Jalan Istana, Pudu, Kuala Lumpur, 55200, Malaysia"
1091,03/12/2015,11:49:14,indian,female,fat,57.0,no,toddler ,27.0,2.0,7.0,3.157151236,101.7020153,"KJ12 Dang Wangi, AKLEH, Bukit Bintang, Kuala Lumpur, 50300, Malaysia"
1092,08/02/2016,23:33:49,foreigner,female,moderate,36.0,no,toddler ,35.67082167387433,1.0,14.0,3.098397347,101.7132129,"Cendana Apartment, Jalan Tasik Permaisuri 3, Bandar Sri Permaisuri, Cheras, Kuala Lumpur, 51020, Malaysia"
1093,13/12/2015,13:54:50,chinese,male,fat,27.0,yes,baby,17.0,3.0,21.0,3.102085032,101.7666068,"Trailhead Apek Hill (via Expressway), Lebuhraya Bertingkat Sungai Besi–Ulu Klang, Taman Dagang Jaya, Kampung Indah Permai, Ampang, Majlis Perbandaran Ampang Jaya, Hulu Langat, Selangor, 68000, Malaysia"
1094,14/01/2016,7:21:50,malay,female,fat,21.0,yes,toddler,22.0,0.0,7.0,3.096516008,101.7123159,"SMK Seri Tasik, Jalan 6/106, Bandar Sri Permaisuri, Cheras, Kuala Lumpur, 56000, Malaysia"
1095,05/02/2016,16:43:31,malay,male,fat,29.0,no,toddler ,35.67082167387433,0.0,17.0,3.136029222,101.7115578,"Kampung Dollah, Pudu, Kuala Lumpur, 55720, Malaysia"
1096,01/03/2016,4:48:12,indian,male,moderate,59.0,no,young,22.0,2.0,8.0,3.16954682,101.7423528,"Sekolah Menengah Kebangsaan Taman Keramat, Jalan Enggang Timur 5, AU1, Ulu Kelang, Majlis Perbandaran Ampang Jaya, Gombak, Selangor, 54200, Malaysia"
1097,24/02/2016,1:40:13,chinese,female,thin,39.40782991962665,yes,baby,34.0,3.0,20.0,3.184377526,101.7025258,"Lorong Chow Thye, Sentul, Kuala Lumpur, 51000, Malaysia"
1098,09/01/2016,0:31:58,malay,male,moderate,33.0,no,no_kids,39.0,0.0,13.0,3.181645675,101.7127738,"IWK Bunus Regional Sewage Treatment Plant, Jalan Ayer Beku, Semarak, Kuala Lumpur, 53200, Malaysia"
1099,09/01/2016,16:06:20,chinese,male,thin,53.0,no,young,50.0,5.0,12.0,3.189517286,101.7280294,"Jalan Rejang 6, Taman Setapak Jaya, Semarak, Kuala Lumpur, 54100, Malaysia"
1100,14/02/2016,3:10:14,chinese,male,moderate,60.0,yes,baby,49.0,0.0,14.0,3.143155552,101.7012484,"SMK (L) Methodist Kuala Lumpur, Jalan Wesley, Bukit Bintang, Kuala Lumpur, 50150, Malaysia"
1101,23/12/2015,7:32:42,malay,male,fat,50.0,yes,young,16.0,5.0,11.0,3.167557904,101.7180849,"Koperasi Permodalan FELDA Malaysia, Jalan Gurney 3, Kampung Datuk Keramat, Kuala Lumpur, 54000, Malaysia"
1102,31/12/2015,9:58:20,malay,female,thin,52.0,no,baby,28.0,2.0,12.0,3.188509481,101.7577689,"Sekolah Kebangsaan AU Keramat, Jalan AU 3/27, Bukit Antarabangsa, Ulu Kelang, Majlis Perbandaran Ampang Jaya, Gombak, Selangor, 54200, Malaysia"
1103,18/12/2015,8:41:39,malay,male,moderate,39.0,yes,young,45.0,0.0,16.0,3.117768861,101.7222602,"5, Jalan Ikan Emas, Taman Ikan Emas, Cheras, Kuala Lumpur, 55300, Malaysia"
1104,09/02/2016,11:55:59,foreigner,male,thin,42.0,no,young,36.0,1.0,7.0,3.105124913,101.7701771,"Lebuhraya Bertingkat Sungai Besi–Ulu Klang, Taman Dagang Jaya, Kampung Indah Permai, Ampang, Majlis Perbandaran Ampang Jaya, Hulu Langat, Selangor, 68000, Malaysia"
1105,10/02/2016,5:18:58,foreigner,female,moderate,22.0,yes,no_kids,56.0,1.0,13.0,3.135074966,101.7236807,"MyTOWN, Jalan Cochrane, Maluri, Cheras, Kuala Lumpur, 55100, Malaysia"
1106,19/12/2015,9:11:15,indian,male,thin,43.0,yes,toddler,20.0,5.0,13.0,3.19255532,101.7702099,"Giant Hypermarket, Jalan Wangsa 1, Taman Wangsa Ukay, Bukit Antarabangsa, Ulu Kelang, Majlis Perbandaran Ampang Jaya, Gombak, Selangor, 54200, Malaysia"
1107,13/01/2016,21:20:40,foreigner,female,fat,58.0,no,no_kids,52.0,5.0,9.0,3.151595284,101.7702283,"Sek Kafa Integrasi Al-Huda, Jalan Rasmi 14, Setiahills, Ulu Kelang, Majlis Perbandaran Ampang Jaya, Gombak, Selangor, 68000, Malaysia"
1108,22/02/2016,4:13:53,indian,female,fat,41.0,yes,young,37.0,5.0,17.0,3.099497775,101.758688,"Lebuhraya Bertingkat Sungai Besi–Ulu Klang, Cheras, Ampang, Majlis Perbandaran Ampang Jaya, Hulu Langat, Selangor, 56100, Malaysia"
1109,19/01/2016,7:51:22,indian,female,fat,39.40782991962665,yes,toddler,55.0,5.0,16.0,3.122298561,101.7600473,"Jalan Bunga Tanjung 2, Lembah Maju, Pandan Indah, Ampang, Majlis Perbandaran Ampang Jaya, Hulu Langat, Selangor, 55300, Malaysia"
1110,11/01/2016,19:14:55,malay,female,thin,42.0,no,no_kids,32.0,1.0,20.0,3.193542967,101.7682717,"Jalan Andaman 3, Taman Ukay Bistari, Bukit Antarabangsa, Ulu Kelang, Majlis Perbandaran Ampang Jaya, Gombak, Selangor, 54200, Malaysia"
1111,16/01/2016,4:46:14,malay,female,moderate,51.0,no,young,60.0,4.0,20.0,3.14927702,101.7651869,"Jalan Pinang, Taman Kosas, Ampang, Majlis Perbandaran Ampang Jaya, Hulu Langat, Selangor, 68000, Malaysia"
1112,22/12/2015,2:59:24,foreigner,female,fat,31.0,no,toddler ,12.0,2.0,21.0,3.138411401,101.7239464,"Jalan Kampung Pandan, Kampung Dollah, Pudu, Kuala Lumpur, 55100, Malaysia"
1113,12/02/2016,14:14:17,foreigner,male,thin,49.0,yes,no_kids,26.0,5.0,12.0,3.090614071,101.7591344,"SP6 Taman Segar Perdana, Cheras, Majlis Perbandaran Kajang, Hulu Langat, Selangor, 56100, Malaysia"
1114,28/02/2016,8:57:47,indian,female,moderate,45.0,yes,baby,49.0,5.0,17.0,3.102008315,101.7398374,"Jalan Lingkaran Tengah 2, Taman Cheras, Cheras, Kuala Lumpur, 56100, Malaysia"
1115,01/03/2016,16:47:08,foreigner,male,fat,31.0,yes,baby,30.0,2.0,19.0,3.160586141,101.778098,"Trail B, The Peak @ Taman TAR, Ulu Kelang, Majlis Perbandaran Ampang Jaya, Gombak, Selangor, 68000, Malaysia"
1116,12/02/2016,5:49:03,chinese,male,moderate,43.0,no,toddler ,27.0,2.0,19.0,3.154172423,101.7184351,"Menara TH Platinum, 9, Persiaran KLCC, Bukit Bintang, Kuala Lumpur, 50088, Malaysia"
1117,29/12/2015,20:27:34,indian,female,fat,43.0,yes,young,15.0,0.0,12.0,3.139051085,101.7582856,"Indah Square, Jalan Cahaya, Taman Nirwana, Pandan Indah, Ampang, Majlis Perbandaran Ampang Jaya, Hulu Langat, Selangor, 68000, Malaysia"
1118,20/02/2016,12:03:43,indian,male,moderate,31.0,no,baby,21.0,4.0,13.0,3.107900717,101.7640034,"Jalan Mega 15, Taman Mega Jaya, Ampang, Majlis Perbandaran Ampang Jaya, Hulu Langat, Selangor, 56100, Malaysia"
1119,28/01/2016,2:35:51,malay,male,thin,51.0,no,no_kids,41.0,4.0,13.0,3.171434161,101.7454338,"Sekolah Rendah Agama Integrasi Keramat, Jalan AU 2/A, AU2, Ulu Kelang, Majlis Perbandaran Ampang Jaya, Gombak, Selangor, 54200, Malaysia"
1120,01/12/2015,2:35:01,malay,female,moderate,36.0,no,toddler,55.0,1.0,15.0,3.182048312,101.7190565,"Pusat Latihan Polis, Jalan Sultan Yahya Petra, Kampung Datuk Keramat, Kuala Lumpur, 10024, Malaysia"
1121,25/02/2016,0:55:43,foreigner,female,moderate,39.40782991962665,yes,baby,43.0,3.0,10.0,3.146167846,101.7783522,"Jalan Dato' Mufti, Taman Kosas, Kampung Dato Mufti Shuib, Ampang, Majlis Perbandaran Ampang Jaya, Hulu Langat, Selangor, 68000, Malaysia"
1122,02/02/2016,11:41:36,malay,male,fat,24.0,no,baby,22.0,0.0,14.0,3.164765438,101.7706203,"Jalan Sultan, Taman Tun Abdul Razak, Ulu Kelang, Majlis Perbandaran Ampang Jaya, Gombak, Selangor, 68000, Malaysia"
1123,17/12/2015,11:37:05,malay,female,thin,19.0,yes,toddler ,43.0,4.0,12.0,3.110893012,101.749885,"Sekolah Kebangsaan Kampung Cheras Baharu, Jalan 47, Cheras, Ampang, Majlis Perbandaran Ampang Jaya, Hulu Langat, Selangor, 56100, Malaysia"
1124,06/01/2016,13:13:47,malay,female,thin,47.0,no,baby,45.0,5.0,21.0,3.122286396,101.7575146,"Jalan Bunga Kemboja 10, Taman Muda, Pandan Indah, Ampang, Majlis Perbandaran Ampang Jaya, Hulu Langat, Selangor, 55300, Malaysia"
1125,25/12/2015,21:46:24,foreigner,male,fat,31.0,no,toddler ,53.0,1.0,14.0,3.144477235,101.7545537,"Jalan Nirwana 7, Taman Nirwana, Ampang, Majlis Perbandaran Ampang Jaya, Hulu Langat, Selangor, 68000, Malaysia"
1126,02/02/2016,7:01:56,malay,male,thin,58.0,no,young,33.0,0.0,17.0,3.155100703,101.7643811,"Jalan Wira 1, Taman Ampang Jaya, Ampang, Majlis Perbandaran Ampang Jaya, Hulu Langat, Selangor, 68000, Malaysia"
1127,06/02/2016,5:12:47,foreigner,female,thin,56.0,yes,no_kids,21.0,5.0,19.0,3.175352072,101.7046306,"Istana Budaya, Jalan Maran, Sentul, Kuala Lumpur, 50586, Malaysia"
1128,21/01/2016,16:44:46,chinese,female,thin,52.0,no,no_kids,33.0,5.0,13.0,3.19205883,101.7351514,"Jalan 34/26, Taman Sri Rampai, Wangsa Maju, Kuala Lumpur, 54100, Malaysia"
1129,09/12/2015,21:15:51,foreigner,male,moderate,42.0,no,no_kids,48.0,2.0,11.0,3.1050822,101.7808161,"Waterfall trail, Majlis Perbandaran Kajang, Hulu Langat, Selangor, 56100, Malaysia"
1130,26/01/2016,17:52:33,malay,male,fat,30.0,no,toddler,42.0,2.0,9.0,3.173687943,101.7363834,"Jalan AU 1A/3F, AU1, Ulu Kelang, Majlis Perbandaran Ampang Jaya, Gombak, Selangor, 54200, Malaysia"
1131,01/03/2016,6:52:00,indian,male,fat,49.0,no,young,25.0,5.0,12.0,3.153116437,101.7191855,"Embassy of Vietnam, 4, Persiaran Stonor, Bukit Bintang, Kuala Lumpur, 50450, Malaysia"
1132,26/02/2016,17:06:08,malay,female,thin,32.0,no,young,56.0,4.0,14.0,3.132242378,101.7346638,"Casa Ria Apartment, Jalan Jejaka, Maluri, Cheras, Kuala Lumpur, 51500, Malaysia"
1133,02/01/2016,3:02:43,chinese,female,moderate,19.0,no,young,23.0,1.0,19.0,3.170340773,101.7373905,"Sekolah Rendah Islam Al-Amin Keramat, Jalan AU 1B/1, AU1, Ulu Kelang, Majlis Perbandaran Ampang Jaya, Gombak, Selangor, 54200, Malaysia"
1134,20/12/2015,11:37:17,chinese,female,fat,20.0,yes,toddler ,46.0,5.0,10.0,3.170433625,101.7691327,"Jalan 1, Taman Tun Abdul Razak, Ulu Kelang, Majlis Perbandaran Ampang Jaya, Gombak, Selangor, 68000, Malaysia"
1135,11/02/2016,12:58:16,malay,male,moderate,51.0,no,young,50.0,3.0,15.0,3.129167947,101.7381292,"Lebuhraya Sungai Besi, Taman Pandan Jaya, Pandan Indah, Ampang, Majlis Perbandaran Ampang Jaya, Hulu Langat, Selangor, 51500, Malaysia"
1136,10/02/2016,8:40:53,indian,female,moderate,35.0,yes,no_kids,31.0,0.0,16.0,3.144265609,101.6994606,"Sekolah Menengah Jenis Kebangsaan Confucian, Lorong Hang Jebat, Bukit Bintang, Kuala Lumpur, 50000, Malaysia"
1137,26/02/2016,1:16:03,foreigner,female,moderate,47.0,yes,baby,25.0,2.0,7.0,3.107871379,101.7741867,"Lebuhraya Bertingkat Sungai Besi–Ulu Klang, Taman Dagang Jaya, Kampung Indah Permai, Ampang, Majlis Perbandaran Ampang Jaya, Hulu Langat, Selangor, 68000, Malaysia"
1138,14/12/2015,12:04:05,foreigner,female,moderate,31.0,no,no_kids,37.0,4.0,12.0,3.171111867,101.7059835,"Lorong Raja Muda Abdul Aziz, Kuala Lumpur, 50572, Malaysia"
1139,28/01/2016,23:54:22,malay,male,fat,42.0,no,baby,41.0,1.0,17.0,3.157025977,101.7009863,"Menara RKT, Jalan Raja Abdullah, Bukit Bintang, Kuala Lumpur, 50100, Malaysia"
1140,20/02/2016,1:49:47,malay,female,fat,48.0,yes,no_kids,22.0,0.0,18.0,3.145772924,101.7134532,"Jalan Padang, Kampung Dollah, Bukit Bintang, Kuala Lumpur, 50200, Malaysia"
1141,25/01/2016,15:02:21,chinese,female,thin,42.0,no,toddler,49.0,3.0,16.0,3.181450547,101.7536083,"Setiawangsa, Kuala Lumpur, 54200, Malaysia"
1142,03/02/2016,20:09:40,malay,female,fat,52.0,no,toddler,54.0,4.0,9.0,3.093223351,101.7559501,"Taman Bukit Segar, Cheras, Ampang, Majlis Perbandaran Ampang Jaya, Hulu Langat, Selangor, 56100, Malaysia"
1143,14/02/2016,18:06:42,indian,male,fat,45.0,yes,no_kids,48.0,5.0,17.0,3.185780589,101.7641393,"Jalan Wangsa 1, Taman Sri Ukay, Bukit Antarabangsa, Ulu Kelang, Majlis Perbandaran Ampang Jaya, Gombak, Selangor, 54200, Malaysia"
1144,06/01/2016,19:17:49,foreigner,female,fat,39.0,yes,young,14.0,3.0,12.0,3.098947445,101.7580618,"Cheras, Ampang, Majlis Perbandaran Ampang Jaya, Hulu Langat, Selangor, 56100, Malaysia"
1145,26/12/2015,11:40:24,malay,female,thin,18.0,no,no_kids,37.0,1.0,16.0,3.154322068,101.755073,"Jalan Ampang, Taman Putra Sulaiman, Ampang, Majlis Perbandaran Ampang Jaya, Hulu Langat, Selangor, 68000, Malaysia"
1146,02/01/2016,1:00:24,chinese,male,moderate,59.0,no,toddler,52.0,5.0,20.0,3.174936326,101.7261142,"Kementerian Pertahanan Malaysia, Jalan Padang Tembak, Kampung Datuk Keramat, Kuala Lumpur, 54000, Malaysia"
1147,12/01/2016,18:06:43,chinese,male,fat,44.0,yes,toddler,35.0,2.0,19.0,3.125798386,101.7170259,"Terowong Smart, Bandar Sri Permaisuri, Cheras, Kuala Lumpur, 55100, Malaysia"
1148,15/12/2015,12:32:12,indian,female,moderate,39.0,yes,toddler,54.0,5.0,7.0,3.137164709,101.7354524,"Ampang, Majlis Perbandaran Ampang Jaya, Hulu Langat, Selangor, 50988, Malaysia"
1149,25/02/2016,12:53:14,chinese,female,moderate,50.0,no,young,14.0,1.0,13.0,3.095471813,101.720639,"IYC- international youth center, Jalan Yaacob Latif, Bandar Tun Razak, Cheras, Kuala Lumpur, 56000, Malaysia"
1150,29/12/2015,4:25:37,indian,female,moderate,22.0,no,toddler ,52.0,3.0,8.0,3.099475518,101.7482665,"Jalan Serai Wangi, Taman Cheras, Cheras, Kuala Lumpur, 56100, Malaysia"
1151,21/12/2015,17:15:31,malay,male,thin,58.0,yes,toddler,45.0,4.0,10.0,3.107000978,101.7279906,"Rumah Kanak-Kanak Tengku Budriah, Jalan Yaacob Latif, Taman Tenaga, Cheras, Kuala Lumpur, 55300, Malaysia"
1152,21/02/2016,1:22:40,foreigner,female,fat,48.0,no,toddler ,28.0,0.0,21.0,3.177382777,101.7498025,"AEON Mall AU2, Jalan Taman Setiawangsa, Setiawangsa, Kuala Lumpur, 54200, Malaysia"
1153,07/02/2016,12:54:55,chinese,female,thin,52.0,yes,toddler ,42.0,3.0,10.0,3.144139024,101.7827987,"Kampung Lembah Jaya Selatan, Kampung Muhibbah, Ampang, Majlis Perbandaran Ampang Jaya, Hulu Langat, Selangor, 68000, Malaysia"
1154,23/12/2015,2:21:54,malay,female,thin,43.0,no,toddler ,60.0,1.0,11.0,3.134949202,101.7774201,"Lorong Dagang 9A, Taman Dagang Jaya, Kampung Indah Permai, Ampang, Majlis Perbandaran Ampang Jaya, Hulu Langat, Selangor, 68000, Malaysia"
1155,22/02/2016,6:14:48,foreigner,female,moderate,34.0,no,baby,47.0,5.0,10.0,3.150651065,101.7350531,"Embassy of Italy, 99, Jalan U Thant, Taman U-Thant, Kuala Lumpur, 55000, Malaysia"
1156,08/12/2015,15:21:30,foreigner,male,moderate,60.0,yes,toddler ,32.0,3.0,9.0,3.124748286,101.7791684,"SK Tasek Permai, Jalan Permai 26, Taman Tasik Tambahan, Kampung Tasek Permai, Ampang, Majlis Perbandaran Ampang Jaya, Hulu Langat, Selangor, 68000, Malaysia"
1157,11/02/2016,16:31:51,malay,female,fat,39.40782991962665,yes,no_kids,26.0,3.0,16.0,3.149241987,101.7214457,"Prince Court Medical Centre, Jalan Bukit Bintang, Kampung Dollah, Bukit Bintang, Kuala Lumpur, 55100, Malaysia"
1158,31/01/2016,23:30:28,malay,male,fat,42.0,no,baby,60.0,5.0,9.0,3.144126236,101.7212736,"The Forum, Jalan Tun Razak, Maluri, Pudu, Kuala Lumpur, 55100, Malaysia"
1159,14/12/2015,3:38:20,chinese,male,moderate,51.0,yes,toddler ,59.0,3.0,10.0,3.112968958,101.7105886,"Jalan 5/89B, Kawasan Perindustrian Trisegi, Kuala Lumpur, 55200, Malaysia"
1160,06/12/2015,5:29:42,malay,female,fat,23.0,yes,toddler,27.0,1.0,18.0,3.163106742,101.7683323,"Jalan 2/4, Taman Tun Abdul Razak, Ulu Kelang, Majlis Perbandaran Ampang Jaya, Gombak, Selangor, 68000, Malaysia"
1161,01/12/2015,2:06:59,indian,male,thin,21.0,no,no_kids,11.0,0.0,20.0,3.122238258,101.735404,"Pudu Ulu, Cheras, Kuala Lumpur, 51500, Malaysia"
1162,09/12/2015,20:40:26,malay,female,fat,39.40782991962665,no,toddler,27.0,4.0,7.0,3.174702307,101.7005937,"Sentul, Kuala Lumpur, 50586, Malaysia"
1163,18/02/2016,2:50:34,foreigner,male,moderate,27.0,no,young,17.0,4.0,7.0,3.123268525,101.7263955,"AG13 Maluri, MRT LRT Linkway, Pudu Ulu, Cheras, Kuala Lumpur, 51500, Malaysia"
1164,18/02/2016,18:02:30,indian,male,moderate,54.0,yes,no_kids,39.0,1.0,19.0,3.146806437,101.7784147,"Jalan Indah 4/3, Kampung Dato Mufti Shuib, Ampang, Majlis Perbandaran Ampang Jaya, Hulu Langat, Selangor, 68000, Malaysia"
1165,23/01/2016,20:42:34,malay,male,fat,37.0,yes,young,56.0,4.0,10.0,3.090600962,101.7738,"MRT Trail, Majlis Perbandaran Kajang, Hulu Langat, Selangor, 56100, Malaysia"
1166,12/12/2015,9:22:52,indian,female,moderate,23.0,yes,toddler,26.0,0.0,21.0,3.14833481,101.7512035,"Jalan Nirwana 39, Taman Ampang Hilir, Ampang, Majlis Perbandaran Ampang Jaya, Hulu Langat, Selangor, 68000, Malaysia"
1167,05/12/2015,15:56:57,chinese,female,moderate,29.0,yes,toddler ,36.0,1.0,18.0,3.19301867,101.7105126,"Lorong Mata Ayer 1, Taman Ayer Panas, Setapak, Kuala Lumpur, 53200, Malaysia"
1168,09/01/2016,20:51:20,malay,female,moderate,21.0,no,young,39.0,2.0,13.0,3.116989305,101.719527,"Jalan Ikan Emas, Taman Ikan Emas, Cheras, Kuala Lumpur, 55200, Malaysia"
1169,15/01/2016,3:14:38,foreigner,female,fat,36.0,no,young,15.0,5.0,17.0,3.138468205,101.7505094,"Jalan Cempaka 16, Taman Cempaka, Pandan Indah, Ampang, Majlis Perbandaran Ampang Jaya, Hulu Langat, Selangor, 68000, Malaysia"
1170,27/12/2015,7:24:56,foreigner,female,fat,43.0,yes,baby,28.0,4.0,16.0,3.167415312,101.7038477,"Jalan Daud, Chow Kit, Kampong Bharu, Kuala Lumpur, 50300, Malaysia"
1171,13/02/2016,12:05:21,foreigner,female,thin,55.0,no,toddler ,58.0,2.0,11.0,3.133695091,101.7810193,"Jalan Indah 8, Taman Dagang Jaya, Kampung Indah Permai, Ampang, Majlis Perbandaran Ampang Jaya, Hulu Langat, Selangor, 68000, Malaysia"
1172,22/01/2016,22:04:35,malay,female,fat,30.0,no,young,17.0,4.0,9.0,3.137770051,101.7715724,"Jalan Watan 12, Taman Sri Watan, Ampang, Majlis Perbandaran Ampang Jaya, Hulu Langat, Selangor, 68000, Malaysia"
1173,19/01/2016,8:52:27,chinese,male,thin,22.0,no,toddler ,48.0,2.0,20.0,3.098587314,101.7248088,"Hospital Canselor Tuanku Muhriz UKM, Jalan Jaya, Bandar Tun Razak, Cheras, Kuala Lumpur, 56000, Malaysia"
1174,01/03/2016,17:02:04,chinese,female,moderate,36.0,no,toddler ,29.0,1.0,13.0,3.168257264,101.7541875,"Jalan Pimping 1, Taman Seri Keramat, Ulu Kelang, Majlis Perbandaran Ampang Jaya, Gombak, Selangor, 54200, Malaysia"
1175,21/01/2016,22:37:12,indian,male,thin,39.40782991962665,no,no_kids,22.0,0.0,21.0,3.135597523,101.7584002,"1159, Jalan 16, Kampung Baru Ampang, Pandan Indah, Ampang, Majlis Perbandaran Ampang Jaya, Hulu Langat, Selangor, 68000, Malaysia"
1176,19/12/2015,2:54:15,malay,female,thin,59.0,no,no_kids,55.0,4.0,17.0,3.172232546,101.7786485,"Trail D, Puncak Bukit Antarabangsa, Ulu Kelang, Majlis Perbandaran Ampang Jaya, Gombak, Selangor, 68000, Malaysia"
1177,04/01/2016,2:43:55,indian,female,thin,31.0,no,young,40.0,5.0,13.0,3.135284883,101.7560702,"Jalan Pandan Indah 6/1, Taman Cempaka, Pandan Indah, Ampang, Majlis Perbandaran Ampang Jaya, Hulu Langat, Selangor, 68000, Malaysia"
1178,21/01/2016,18:17:07,malay,female,moderate,36.0,yes,no_kids,52.0,2.0,8.0,3.128703093,101.7812652,"Lorong Permai 17A, Taman Dagang Jaya, Kampung Indah Permai, Ampang, Majlis Perbandaran Ampang Jaya, Hulu Langat, Selangor, 68000, Malaysia"
1179,31/12/2015,23:01:54,malay,female,fat,40.0,no,toddler,39.0,0.0,21.0,3.139791801,101.7355126,"Lorong Kampung Pandan, Taman Maluri, Kampung Pandan, Kuala Lumpur, 50988, Malaysia"
1180,23/01/2016,19:44:04,malay,female,moderate,50.0,no,young,50.0,2.0,21.0,3.191063586,101.6993233,"Taman Dato' Senu, Sentul, Kuala Lumpur, 51000, Malaysia"
1181,28/01/2016,8:57:18,chinese,male,fat,53.0,no,toddler,54.0,3.0,12.0,3.123172431,101.7733956,"Jalan 6/10, Taman Seri Bayu, Kampung Tasik Tambahan, Ampang, Majlis Perbandaran Ampang Jaya, Hulu Langat, Selangor, 68000, Malaysia"
1182,13/01/2016,6:03:40,indian,female,fat,55.0,no,young,60.0,3.0,7.0,3.136524607,101.7300087,"S.JK (C) Tsun Jin, Jalan Pertiwi, Taman Maluri, Kampung Pandan, Kuala Lumpur, 50988, Malaysia"
1183,25/01/2016,17:51:29,malay,male,thin,52.0,yes,toddler ,52.0,3.0,21.0,3.151764414,101.7349947,"Jalan U Thant, Taman U-Thant, Kuala Lumpur, 50600, Malaysia"
1184,19/12/2015,16:36:04,malay,male,thin,26.0,yes,baby,40.0,3.0,17.0,3.122896678,101.7227088,"Jalan Palong, Taman Miharja, Cheras, Kuala Lumpur, 51500, Malaysia"
1185,15/01/2016,8:42:11,chinese,male,fat,28.0,no,no_kids,53.0,1.0,15.0,3.121057399,101.7810094,"Jalan Ampang - Hulu Langat, Bukit Ampang Permai, Kampung Tasek Permai, Ampang, Majlis Perbandaran Ampang Jaya, Hulu Langat, Selangor, 43100, Malaysia"
1186,26/02/2016,17:00:14,foreigner,male,moderate,32.0,yes,toddler,43.0,5.0,9.0,3.193321223,101.7079038,"Taman P. Ramlee, Kampung Puah, Kuala Lumpur, 53200, Malaysia"
1187,04/02/2016,0:28:59,malay,female,fat,37.0,no,young,32.0,4.0,18.0,3.168259163,101.7574124,"Jalan Teberau 1, Taman Hijau, Ulu Kelang, Majlis Perbandaran Ampang Jaya, Gombak, Selangor, 54200, Malaysia"
1188,09/02/2016,0:26:09,malay,female,thin,30.0,no,toddler,49.0,0.0,17.0,3.156586892,101.7020588,"KJ12 Dang Wangi, AKLEH, Bukit Bintang, Kuala Lumpur, 50300, Malaysia"
1189,23/01/2016,10:02:13,chinese,female,moderate,32.0,yes,toddler,60.0,1.0,19.0,3.116632846,101.7652374,"Jalan Bunga Dahlia 6, Taman Seraya, Ampang, Majlis Perbandaran Ampang Jaya, Hulu Langat, Selangor, 56100, Malaysia"
1190,18/01/2016,2:34:01,foreigner,male,thin,28.0,no,toddler ,42.0,4.0,11.0,3.141481887,101.7012656,"118 Mall, Jalan Hang Jebat, Bukit Bintang, Kuala Lumpur, 50150, Malaysia"
1191,29/01/2016,15:40:43,malay,male,moderate,26.0,yes,toddler,33.0,1.0,10.0,3.144913739,101.7742459,"Jalan Kosas 3/3, Taman Kosas, Kampung Dato Mufti Shuib, Ampang, Majlis Perbandaran Ampang Jaya, Hulu Langat, Selangor, 68000, Malaysia"
1192,19/02/2016,1:15:22,indian,male,moderate,33.0,no,no_kids,16.0,2.0,8.0,3.184240834,101.7787474,"Bukit Antarabangsa, Ulu Kelang, Majlis Perbandaran Ampang Jaya, Gombak, Selangor, 54200, Malaysia"
1193,27/12/2015,0:24:53,malay,male,moderate,57.0,yes,young,41.0,4.0,7.0,3.145005024,101.7405123,"Kampung Pandan Luar, Perwira Jaya, Ampang, Majlis Perbandaran Ampang Jaya, Hulu Langat, Selangor, 50600, Malaysia"
1194,05/01/2016,9:53:34,indian,male,moderate,39.40782991962665,no,young,20.0,1.0,17.0,3.113379739,101.7758644,"Trek C, Taman Saga, Ampang, Majlis Perbandaran Ampang Jaya, Hulu Langat, Selangor, 56100, Malaysia"
1195,28/01/2016,6:40:17,malay,female,fat,20.0,no,young,25.0,3.0,14.0,3.17546102,101.7756427,"Trail D, Puncak Bukit Antarabangsa, Ulu Kelang, Majlis Perbandaran Ampang Jaya, Gombak, Selangor, 68000, Malaysia"
1196,19/01/2016,20:28:41,foreigner,female,fat,33.0,yes,toddler ,16.0,3.0,14.0,3.111323486,101.7078216,"Jalan 1/89, Kawasan Perindustrian Trisegi, Kuala Lumpur, 55200, Malaysia"
1197,12/02/2016,10:44:40,foreigner,female,fat,24.0,yes,no_kids,58.0,1.0,13.0,3.164127715,101.7800341,"Trail A, The Peak @ Taman TAR, Ulu Kelang, Majlis Perbandaran Ampang Jaya, Gombak, Selangor, 68000, Malaysia"
1198,14/01/2016,16:55:29,foreigner,male,moderate,54.0,no,young,60.0,0.0,19.0,3.188505013,101.7459743,"Jalan Puncak Setiawangsa 1, Setiawangsa, Kuala Lumpur, 54200, Malaysia"
1199,14/12/2015,10:31:05,indian,female,fat,48.0,yes,toddler,39.0,3.0,14.0,3.157831457,101.7090775,"Bank Simpanan Nasional, Jalan Ampang, Bukit Bintang, Kuala Lumpur, 50400, Malaysia"
1200,09/02/2016,10:25:41,indian,female,fat,22.0,no,toddler ,46.0,5.0,7.0,3.11683779,101.7467821,"Pandan Perdana, Ampang, Majlis Perbandaran Ampang Jaya, Hulu Langat, Selangor, 55300, Malaysia"
1201,08/01/2016,22:30:16,malay,female,thin,28.0,no,baby,22.0,5.0,12.0,3.184503305,101.7420334,"Persiaran Bukit Setiawangsa 11, Setiawangsa, Kuala Lumpur, 54200, Malaysia"
1202,09/01/2016,7:45:59,malay,female,fat,57.0,yes,no_kids,11.0,2.0,11.0,3.1523111,101.7040689,"Taman Eko Rimba Kuala Lumpur, Track Hopea, Bukit Bintang, Kuala Lumpur, 50250, Malaysia"
1203,09/12/2015,4:49:17,indian,male,thin,39.40782991962665,no,no_kids,53.0,2.0,11.0,3.193877882,101.7427675,"Jalan 1/27C, Wangsa Maju, Kuala Lumpur, 54200, Malaysia"
1204,14/12/2015,14:55:16,foreigner,female,thin,42.0,yes,baby,26.0,3.0,16.0,3.103984031,101.7291747,"Hospital Rehabilitasi Cheras, Jalan Midah 8, Taman Midah, Cheras, Kuala Lumpur, 56100, Malaysia"
1205,08/12/2015,5:46:09,malay,female,thin,47.0,no,toddler,60.0,2.0,19.0,3.143437656,101.7114188,"Jalan Imbi, Kampung Dollah, Bukit Bintang, Kuala Lumpur, 50200, Malaysia"
1206,19/02/2016,15:55:24,chinese,female,moderate,38.0,no,toddler,40.0,4.0,20.0,3.108049273,101.7802773,"Waterfall trail, Majlis Perbandaran Kajang, Hulu Langat, Selangor, 56100, Malaysia"
1207,23/12/2015,3:55:16,malay,female,moderate,24.0,yes,baby,44.0,4.0,10.0,3.183585093,101.7099828,"IWK Bunus Regional Sewage Treatment Plant, Jalan Ayer Beku, Semarak, Kuala Lumpur, 53200, Malaysia"
1208,18/02/2016,18:12:19,malay,male,moderate,40.0,no,baby,35.0,0.0,18.0,3.117252415,101.7554479,"Jalan Bunga Cempaka 10, Taman Mawar, Ampang, Majlis Perbandaran Ampang Jaya, Hulu Langat, Selangor, 55300, Malaysia"
1209,28/02/2016,3:22:33,indian,male,thin,60.0,no,baby,19.0,0.0,15.0,3.115101773,101.6993342,"Seputeh, Kuala Lumpur, 50460, Malaysia"
1210,09/12/2015,5:58:02,malay,male,moderate,19.0,no,no_kids,52.0,5.0,14.045362392295996,3.16443722,101.716252,"Jalan Tun Razak, Kampung Datuk Keramat, Kuala Lumpur, 50400, Malaysia"
1211,07/12/2015,14:57:02,malay,male,moderate,48.0,no,no_kids,13.0,2.0,17.0,3.122388409,101.7242999,"SMK Miharja, Jalan Lombong, Taman Miharja, Cheras, Kuala Lumpur, 55200, Malaysia"
1212,20/02/2016,19:06:01,indian,female,moderate,30.0,no,baby,51.0,2.0,14.045362392295996,3.103101029,101.7111682,"Jalan Sri Permaisuri 5, Bandar Sri Permaisuri, Cheras, Kuala Lumpur, 51020, Malaysia"
1213,10/02/2016,14:26:20,foreigner,female,moderate,44.0,yes,toddler,35.0,0.0,13.0,3.102267817,101.7848474,"Ah Meng trail, Ampang, Majlis Perbandaran Kajang, Hulu Langat, Selangor, 43100, Malaysia"
1214,23/02/2016,8:41:14,chinese,male,thin,31.0,yes,toddler ,13.0,1.0,15.0,3.167302205,101.7824189,"Trail C, Bukit Antarabangsa, Ulu Kelang, Majlis Perbandaran Ampang Jaya, Gombak, Selangor, 68000, Malaysia"
1215,28/02/2016,11:07:21,foreigner,male,thin,26.0,no,toddler ,34.0,1.0,15.0,3.149945436,101.7284695,"Royal Selangor Golf Club, Jalan Tun Razak, Maluri, Pudu, Kuala Lumpur, 55100, Malaysia"
1216,05/02/2016,18:05:07,malay,female,thin,52.0,yes,young,35.67082167387433,0.0,14.045362392295996,3.104392654,101.741964,"Taman Cheras, Cheras, Kuala Lumpur, 56100, Malaysia"
1217,30/01/2016,18:16:42,malay,female,thin,40.0,no,baby,35.67082167387433,3.0,21.0,3.141212745,101.7680158,"Taman Seri Merdeka, Jalan Seri Merdeka 1, Flat Taman Seri Merdeka, Ampang, Majlis Perbandaran Ampang Jaya, Hulu Langat, Selangor, 68000, Malaysia"
1218,17/12/2015,10:58:42,indian,female,fat,49.0,yes,toddler ,44.0,1.0,8.0,3.145128748,101.7164089,"Jalan Utara, Kampung Dollah, Bukit Bintang, Kuala Lumpur, 55100, Malaysia"
1219,26/01/2016,0:38:38,malay,male,thin,37.0,no,young,18.0,0.0,17.0,3.177062863,101.7122516,"Titiwangsa Golf Course, Laluan Banjaran, Kuala Lumpur, 10024, Malaysia"
1220,24/12/2015,12:23:04,indian,male,moderate,39.0,yes,toddler ,60.0,0.0,14.045362392295996,3.145181778,101.7029114,"Jalan Pudu, Bukit Bintang, Kuala Lumpur, 50150, Malaysia"
1221,25/12/2015,22:18:15,chinese,male,fat,51.0,no,toddler,37.0,0.0,12.0,3.127330816,101.7586623,"Jalan Pandan Indah 5/8, Lembah Maju, Pandan Indah, Ampang, Majlis Perbandaran Ampang Jaya, Hulu Langat, Selangor, 55300, Malaysia"
1222,05/12/2015,15:08:51,indian,male,fat,42.0,no,young,35.67082167387433,5.0,10.0,3.101574379,101.745642,"Jalan Durian 5, Taman Cheras, Cheras, Kuala Lumpur, 56100, Malaysia"
1223,19/01/2016,19:47:44,chinese,female,moderate,42.0,no,young,50.0,3.0,18.0,3.146290964,101.7796978,"Tabika (Kemas) Taman Bimbingan Kanak-Kanak Kampung Tengah, Jalan Dato' Mufti 10, Kampung Dato Mufti Shuib, Ampang, Majlis Perbandaran Ampang Jaya, Hulu Langat, Selangor, 68000, Malaysia"
1224,26/02/2016,19:38:33,malay,female,thin,46.0,yes,toddler,35.67082167387433,5.0,21.0,3.138221161,101.7060897,"Lorong Meranti, Bukit Bintang, Kuala Lumpur, 50150, Malaysia"
1225,31/12/2015,19:26:06,foreigner,male,moderate,32.0,no,toddler,33.0,1.0,13.0,3.102382232,101.7235623,"Bandar Tun Razak, Cheras, Kuala Lumpur, 56000, Malaysia"
1226,24/01/2016,7:26:19,malay,female,fat,30.0,yes,no_kids,14.0,3.0,15.0,3.175360088,101.7217464,"Universiti Teknologi Malaysia Kuala Lumpur, Jalan Laksamana, Kementah, Semarak, Kuala Lumpur, 54100, Malaysia"
1227,26/12/2015,19:20:50,chinese,female,moderate,49.0,no,toddler ,56.0,3.0,8.0,3.15417976,101.7060924,"UBN Park, Lorong P. Ramlee, Bukit Bintang, Kuala Lumpur, 50250, Malaysia"
1228,21/12/2015,3:00:43,indian,female,moderate,23.0,yes,young,15.0,2.0,13.0,3.108663768,101.7539916,"Taman Bukit Pandan, Pandan Perdana, Ampang, Majlis Perbandaran Ampang Jaya, Hulu Langat, Selangor, 55300, Malaysia"
1229,27/01/2016,3:35:51,foreigner,female,moderate,51.0,no,toddler ,33.0,1.0,12.0,3.097040508,101.7625304,"Taman Segar Perdana, Cheras, Majlis Perbandaran Kajang, Hulu Langat, Selangor, 56100, Malaysia"
1230,24/12/2015,10:01:33,chinese,male,fat,23.0,yes,no_kids,30.0,4.0,15.0,3.13626219,101.7239136,"Jalan Jarret, Maluri, Cheras, Kuala Lumpur, 55100, Malaysia"
1231,28/12/2015,5:45:18,chinese,female,fat,39.40782991962665,yes,toddler ,34.0,1.0,21.0,3.183735701,101.7587761,"Taman Sri Ukay, Bukit Antarabangsa, Ulu Kelang, Majlis Perbandaran Ampang Jaya, Gombak, Selangor, 54200, Malaysia"
1232,30/12/2015,20:20:59,malay,female,fat,57.0,no,young,57.0,2.0,11.0,3.093245938,101.7585139,"SP6 Taman Segar Perdana, Cheras, Majlis Perbandaran Kajang, Hulu Langat, Selangor, 56100, Malaysia"
1233,03/01/2016,22:11:58,malay,female,moderate,38.0,no,toddler ,47.0,3.0,10.0,3.108242879,101.7806636,"Waterfall trail, Majlis Perbandaran Kajang, Hulu Langat, Selangor, 56100, Malaysia"
1234,23/01/2016,14:10:53,malay,male,fat,30.0,no,toddler,21.0,0.0,10.0,3.103253328,101.7537743,"Trailhead Bukit Ketumbar, Jalan 6/95B, Taman Bukit Pandan, Pandan Perdana, Ampang, Majlis Perbandaran Ampang Jaya, Hulu Langat, Selangor, 55300, Malaysia"
1235,21/01/2016,18:46:49,malay,male,fat,59.0,yes,toddler,20.0,3.0,20.0,3.113163144,101.7826041,"Ah Meng trail, Ampang, Majlis Perbandaran Kajang, Hulu Langat, Selangor, 43100, Malaysia"
1236,25/02/2016,3:01:04,malay,female,thin,59.0,yes,baby,59.0,4.0,13.0,3.122333833,101.751378,"Sekolah Menengah Kebangsaan Pandan Indah, Jalan Pandan Ilmu, Taman Muda, Pandan Indah, Ampang, Majlis Perbandaran Ampang Jaya, Hulu Langat, Selangor, 55300, Malaysia"
1237,08/12/2015,7:09:34,malay,female,moderate,51.0,yes,baby,26.0,0.0,19.0,3.10054633,101.7416111,"KK Super Mart, Jalan Kaskas 2, Taman Cheras, Cheras, Kuala Lumpur, 56100, Malaysia"
1238,10/12/2015,18:41:55,malay,male,thin,32.0,no,baby,57.0,2.0,17.0,3.154113489,101.7674158,"Jalan Melor 6, Ampang, Majlis Perbandaran Ampang Jaya, Hulu Langat, Selangor, 68000, Malaysia"
1239,24/01/2016,17:28:57,chinese,male,fat,24.0,yes,no_kids,32.0,4.0,19.0,3.14832807,101.7614725,"Taman Dagang, Ampang, Majlis Perbandaran Ampang Jaya, Hulu Langat, Selangor, 68000, Malaysia"
1240,01/12/2015,10:53:49,chinese,female,fat,46.0,yes,toddler,38.0,4.0,15.0,3.182079633,101.725595,"Lebuhraya Duta-Ulu Kelang, Kementah, Semarak, Kuala Lumpur, 54100, Malaysia"
1241,22/02/2016,13:26:47,chinese,male,moderate,40.0,yes,baby,34.0,3.0,19.0,3.124088357,101.7017692,"Jalan Istana, Bukit Petaling, Pudu, Kuala Lumpur, 55200, Malaysia"
1242,06/01/2016,1:59:06,chinese,female,moderate,30.0,yes,toddler,12.0,2.0,7.0,3.148014521,101.7852052,"Kampung Lembah Jaya Selatan, Kampung Muhibbah, Ampang, Majlis Perbandaran Ampang Jaya, Hulu Langat, Selangor, 68000, Malaysia"
1243,20/02/2016,2:50:53,malay,male,thin,32.0,no,toddler,37.0,2.0,21.0,3.168336142,101.7870701,"The Valley TTDI, Ulu Kelang, Majlis Perbandaran Ampang Jaya, Gombak, Selangor, 68000, Malaysia"
1244,21/12/2015,16:00:45,foreigner,male,moderate,20.0,yes,young,47.0,4.0,14.0,3.136849113,101.7653588,"360, Jalan 9, Kampung Baru Ampang, Ampang, Majlis Perbandaran Ampang Jaya, Hulu Langat, Selangor, 68000, Malaysia"
1245,04/12/2015,1:27:27,chinese,female,fat,39.40782991962665,no,toddler,59.0,0.0,14.0,3.104088839,101.7365298,"Hospis Malaysia, Jalan 4/96, Taman Midah, Cheras, Kuala Lumpur, 56100, Malaysia"
1246,12/01/2016,1:58:10,chinese,female,fat,25.0,no,toddler,53.0,4.0,16.0,3.158000057,101.739037,"International School Of Kuala Lumpur City, Jalan Ampang Hilir, Ampang Hilir, Kuala Lumpur, 50538, Malaysia"
1247,04/02/2016,23:48:10,foreigner,male,fat,54.0,yes,baby,38.0,0.0,20.0,3.089394617,101.7272147,"Jalan Tasik Permaisuri 3, Bandar Tun Razak, Cheras, Kuala Lumpur, 56000, Malaysia"
1248,21/12/2015,23:59:03,malay,female,moderate,35.0,yes,toddler ,14.0,1.0,20.0,3.161626939,101.7341548,"Rubber Research Institute Malaysia Ampang, Jalan Ampang, Ampang Hilir, Kuala Lumpur, 50538, Malaysia"
1249,06/01/2016,7:56:36,chinese,male,moderate,23.0,no,no_kids,18.0,0.0,8.0,3.136184491,101.7749876,"Taman Dagang Jaya, Kampung Indah Permai, Ampang, Majlis Perbandaran Ampang Jaya, Hulu Langat, Selangor, 68000, Malaysia"
1250,07/02/2016,21:26:00,indian,male,thin,40.0,no,young,50.0,5.0,10.0,3.116178776,101.7537072,"Jalan Bunga Cempaka 11, Taman Mawar, Pandan Perdana, Ampang, Majlis Perbandaran Ampang Jaya, Hulu Langat, Selangor, 55300, Malaysia"
1251,19/02/2016,6:16:13,indian,male,fat,48.0,yes,baby,11.0,0.0,12.0,3.180592068,101.7706448,"Jalan Bukit Utama 1/1, Taman Bukit Utama, Bukit Antarabangsa, Ulu Kelang, Majlis Perbandaran Ampang Jaya, Gombak, Selangor, 54200, Malaysia"
1252,17/01/2016,21:37:32,malay,female,thin,45.0,yes,no_kids,56.0,2.0,11.0,3.112751569,101.703675,"Setiawangsa–Pantai Expressway, MRT Escape Shaft 3, Cheras, Ulu Kelang, Kuala Lumpur, Gombak, Selangor, 50600, Malaysia"
1253,11/12/2015,18:50:46,chinese,male,thin,38.0,yes,baby,17.0,3.0,15.0,3.117009894,101.7147749,"Jalan 3/89C, Kuala Lumpur, 55200, Malaysia"
1254,01/03/2016,2:48:24,foreigner,male,moderate,49.0,no,baby,21.0,1.0,21.0,3.089169829,101.7261091,"Jalan Tasik Permaisuri 3, Bandar Tun Razak, Cheras, Kuala Lumpur, 56000, Malaysia"
1255,13/01/2016,11:38:39,malay,female,moderate,42.0,yes,young,35.0,1.0,17.0,3.14427627,101.7567531,"Jalan Dagang 2/6, Taman Nirwana, Pandan Indah, Ampang, Majlis Perbandaran Ampang Jaya, Hulu Langat, Selangor, 68000, Malaysia"
1256,02/02/2016,4:15:54,foreigner,male,fat,19.0,yes,toddler ,35.0,0.0,20.0,3.128304681,101.7172444,"Setiawangsa–Pantai Expressway, Cheras, Ulu Kelang, Kuala Lumpur, Gombak, Selangor, 50600, Malaysia"
1257,01/01/2016,7:27:54,indian,female,fat,48.0,yes,young,46.0,0.0,19.0,3.149695787,101.7657922,"Jalan Pinang, Taman Kosas, Ampang, Majlis Perbandaran Ampang Jaya, Hulu Langat, Selangor, 68000, Malaysia"
1258,21/12/2015,5:29:37,indian,female,moderate,21.0,yes,toddler,16.0,3.0,20.0,3.163737312,101.775059,"Jalan Kerja Ayer Lama, The Peak @ Taman TAR, Ulu Kelang, Majlis Perbandaran Ampang Jaya, Gombak, Selangor, 68000, Malaysia"
1259,09/02/2016,0:23:01,chinese,female,thin,40.0,no,toddler ,60.0,4.0,11.0,3.115561464,101.7437048,"Ascadia Lake View Apartment, Pandan Perdana, Ampang, Majlis Perbandaran Ampang Jaya, Hulu Langat, Selangor, 55300, Malaysia"
1260,10/12/2015,2:52:35,malay,male,thin,20.0,no,baby,19.0,3.0,10.0,3.140658317,101.7276345,"Sekolah Menengah Kebangsaan Aminuddin Baki, Jalan Kampung Pandan, Taman Maluri, Kampung Pandan, Kuala Lumpur, 55100, Malaysia"
1261,30/01/2016,17:00:50,chinese,female,thin,39.0,yes,baby,47.0,2.0,12.0,3.162783964,101.7110397,"Lebuhraya Bertingkat Ampang - Kuala Lumpur, Kuala Lumpur, 50400, Malaysia"
1262,01/03/2016,12:19:04,malay,female,thin,50.0,yes,toddler,19.0,1.0,12.0,3.176052423,101.7023932,"Maktab Perguruan Sri Kota, Persiaran Titiwangsa 3, Sentul, Kuala Lumpur, 50586, Malaysia"
1263,05/01/2016,17:34:58,foreigner,male,thin,39.40782991962665,no,toddler,51.0,1.0,21.0,3.129454038,101.7529444,"Fei Por, Jalan Pandan Indah 4/1, Pandan Indah, Ampang, Majlis Perbandaran Ampang Jaya, Hulu Langat, Selangor, 51500, Malaysia"
1264,22/02/2016,9:47:58,chinese,male,fat,21.0,yes,baby,52.0,5.0,8.0,3.133497806,101.757229,"Jalan Pandan Indah, Pandan Indah, Ampang, Majlis Perbandaran Ampang Jaya, Hulu Langat, Selangor, 68000, Malaysia"
1265,15/02/2016,9:34:28,chinese,female,moderate,21.0,no,no_kids,53.0,2.0,12.0,3.090409177,101.7759603,"MRT 4 - Bukit Dukung, MRT Trail, Majlis Perbandaran Kajang, Hulu Langat, Selangor, 56100, Malaysia"
1266,19/12/2015,23:18:58,malay,female,moderate,39.40782991962665,no,young,39.0,1.0,18.0,3.094751584,101.7246374,"Jalan Jaya, Bandar Tun Razak, Cheras, Kuala Lumpur, 56000, Malaysia"
1267,13/02/2016,23:58:31,malay,female,thin,26.0,no,young,28.0,4.0,10.0,3.118858446,101.700196,"Kuala Lumpur, 50460, Malaysia"
1268,13/01/2016,9:43:18,malay,female,moderate,20.0,no,young,37.0,2.0,17.0,3.09658065,101.7746072,"MRT 17 - Merdeka, MRT Trail, Majlis Perbandaran Kajang, Hulu Langat, Selangor, 56100, Malaysia"
1269,04/12/2015,5:22:08,foreigner,female,moderate,20.0,yes,toddler ,43.0,0.0,12.0,3.172774171,101.7645191,"Jalan Puncak 1, Taman Puncak Bukit Utama Fasa 1, Bukit Antarabangsa, Ulu Kelang, Majlis Perbandaran Ampang Jaya, Gombak, Selangor, 54200, Malaysia"
1270,13/12/2015,21:24:32,chinese,female,fat,23.0,no,toddler ,15.0,1.0,19.0,3.163105284,101.7057513,"Warong Perasan, Jalan Raja Muda Musa, Kampong Bharu, Kuala Lumpur, 50300, Malaysia"
1271,28/01/2016,19:27:13,malay,female,moderate,19.0,no,baby,17.0,3.0,14.0,3.119449464,101.6997319,"Kuala Lumpur, 50460, Malaysia"
1272,02/12/2015,10:12:32,chinese,female,thin,30.0,no,no_kids,22.0,5.0,12.0,3.09283654,101.7025056,"68, Jalan 4, Kampung Baru Salak Selatan, Salak Selatan, Kuala Lumpur, 57100, Malaysia"
1273,01/12/2015,15:32:58,malay,female,thin,26.0,yes,young,30.0,3.0,8.0,3.108304877,101.7041351,"SJK(C) Confucian 尊孔华小, Jalan 3/108A, Razak Mansion, Kuala Lumpur, 51020, Malaysia"
1274,09/01/2016,18:11:00,malay,male,fat,46.0,no,baby,39.0,1.0,7.0,3.087959862,101.7208435,"Jalan Jujur, Bandar Tun Razak, Cheras, Kuala Lumpur, 51020, Malaysia"
1275,25/12/2015,2:07:27,malay,male,fat,23.0,yes,no_kids,46.0,5.0,19.0,3.175348902,101.7041375,"Istana Budaya, Jalan Maran, Sentul, Kuala Lumpur, 50586, Malaysia"
1276,28/01/2016,7:03:34,malay,male,fat,45.0,yes,no_kids,37.0,0.0,20.0,3.196101274,101.7573965,"Jalan AU 4/17A, Ulu Kelang, Majlis Perbandaran Ampang Jaya, Gombak, Selangor, 54200, Malaysia"
1277,06/01/2016,10:16:33,chinese,male,thin,21.0,no,toddler,48.0,0.0,18.0,3.182944546,101.7576727,"5, Jalan AU 3/12, Taman Sri Ukay, Bukit Antarabangsa, Ulu Kelang, Majlis Perbandaran Ampang Jaya, Gombak, Selangor, 54200, Malaysia"
1278,08/02/2016,14:40:27,malay,female,fat,43.0,no,toddler ,40.0,1.0,15.0,3.172892508,101.7257918,"Jalan Chenangkas, Kampung Datuk Keramat, Kuala Lumpur, 54000, Malaysia"
1279,07/12/2015,4:25:28,foreigner,female,fat,34.0,yes,toddler,33.0,0.0,12.0,3.114830326,101.7580026,"Jalan Bunga Melur 16A, Taman Seraya, Ampang, Majlis Perbandaran Ampang Jaya, Hulu Langat, Selangor, 56100, Malaysia"
1280,04/12/2015,6:41:09,malay,female,thin,29.0,yes,toddler ,47.0,0.0,21.0,3.149008307,101.7439399,"Jalan Hilir 2, Taman Angsana Hilir, Perwira Jaya, Ampang, Majlis Perbandaran Ampang Jaya, Hulu Langat, Selangor, 50600, Malaysia"
1281,10/01/2016,23:09:00,malay,male,moderate,42.0,no,toddler,53.0,0.0,16.0,3.105882168,101.7195798,"Sekolah Menengah Sains Selangor, Jalan Tasik Permaisuri 1, Bandar Sri Permaisuri, Cheras, Kuala Lumpur, 51020, Malaysia"
1282,30/01/2016,7:16:47,chinese,female,fat,33.0,no,toddler,25.0,3.0,7.0,3.147507522,101.735459,"Jalan 3/76A, Flat Desa Pandan, Kampung Pandan, Kuala Lumpur, 50600, Malaysia"
1283,03/01/2016,1:57:23,chinese,female,moderate,42.0,yes,toddler ,37.0,5.0,12.0,3.193638536,101.7481171,"Bukit Dinding hiking trail, Setiawangsa, Kuala Lumpur, 54200, Malaysia"
1284,29/12/2015,16:19:39,malay,male,fat,24.0,no,no_kids,17.0,5.0,19.0,3.134318934,101.7833511,"Lorong Indah 8/3, Kampung Lembah Jaya, Kampung Indah Permai, Ampang, Majlis Perbandaran Ampang Jaya, Hulu Langat, Selangor, 68000, Malaysia"
1285,07/02/2016,13:48:32,foreigner,male,thin,21.0,yes,toddler ,23.0,4.0,15.0,3.096311318,101.7232233,"Lorong Jaya 7, Bandar Tun Razak, Cheras, Kuala Lumpur, 56000, Malaysia"
1286,27/12/2015,2:02:15,malay,female,moderate,32.0,yes,toddler,33.0,4.0,21.0,3.124784311,101.7747505,"Jalan 7/2, Taman Seri Bayu, Kampung Tasik Tambahan, Ampang, Majlis Perbandaran Ampang Jaya, Hulu Langat, Selangor, 68000, Malaysia"
1287,21/01/2016,4:45:54,foreigner,female,moderate,48.0,yes,no_kids,45.0,5.0,11.0,3.171723354,101.7261404,"Kampung Datuk Keramat, Kuala Lumpur, 54000, Malaysia"
1288,12/02/2016,2:46:06,foreigner,female,moderate,50.0,no,baby,48.0,5.0,9.0,3.183586297,101.7046907,"Lorong Titiwangsa 8, Setapak, Kuala Lumpur, 53200, Malaysia"
1289,23/01/2016,13:51:38,foreigner,female,moderate,55.0,no,young,12.0,0.0,21.0,3.141220393,101.7571398,"Jalan Cahaya, Taman Cahaya, Pandan Indah, Ampang, Majlis Perbandaran Ampang Jaya, Hulu Langat, Selangor, 68000, Malaysia"
1290,08/02/2016,3:48:28,malay,male,moderate,60.0,yes,young,24.0,5.0,13.0,3.120962278,101.7052766,"Jalan Istana, Pudu, Kuala Lumpur, 55200, Malaysia"
1291,03/01/2016,20:31:08,foreigner,male,fat,22.0,no,toddler ,30.0,4.0,21.0,3.114811955,101.7420008,"Sekolah Kebangsaan Pandan Perdana, Jalan Perdana 5/2, Pandan Perdana, Ampang, Majlis Perbandaran Ampang Jaya, Hulu Langat, Selangor, 55300, Malaysia"
1292,08/12/2015,4:37:16,indian,male,thin,57.0,yes,toddler ,36.0,1.0,19.0,3.121622978,101.7359687,"Kompleks Seri Bintang, Jalan 2/91A, Pudu Ulu, Cheras, Kuala Lumpur, 51500, Malaysia"
1293,11/02/2016,17:42:13,indian,female,moderate,36.0,no,toddler,13.0,4.0,16.0,3.096480153,101.7004139,"Jalan 11/108C, Bandar Sri Permaisuri, Salak Selatan, Kuala Lumpur, 57100, Malaysia"
1294,23/02/2016,23:03:59,malay,male,fat,38.0,yes,baby,58.0,1.0,10.0,3.18415058,101.7060685,"TMpoint, Persiaran Kuantan, Setapak, Kuala Lumpur, 53200, Malaysia"
1295,08/12/2015,16:44:28,indian,male,thin,24.0,no,baby,16.0,5.0,13.0,3.118797614,101.7579689,"Jalan Bunga Melur 4, Taman Muda, Pandan Indah, Ampang, Majlis Perbandaran Ampang Jaya, Hulu Langat, Selangor, 55300, Malaysia"
1296,06/02/2016,11:14:31,indian,male,moderate,42.0,yes,young,24.0,5.0,15.0,3.180450573,101.7276062,"Jalan Perwira, Kementah, Semarak, Kuala Lumpur, 54100, Malaysia"
1297,24/02/2016,4:40:45,malay,female,fat,21.0,yes,toddler,57.0,1.0,14.0,3.158944903,101.7409697,"Jalan Ritchie, Ampang Hilir, Kuala Lumpur, 50600, Malaysia"
1298,01/03/2016,11:45:55,malay,female,fat,22.0,yes,no_kids,43.0,5.0,9.0,3.091773975,101.7353213,"Jalan 27/119, Taman Taynton View, Cheras, Kuala Lumpur, 56100, Malaysia"
1299,06/02/2016,6:29:24,malay,male,fat,33.0,yes,young,22.0,5.0,16.0,3.089408683,101.784555,"Kampung Sungai Serai, Majlis Perbandaran Kajang, Hulu Langat, Selangor, 43100, Malaysia"
1300,23/02/2016,5:14:08,foreigner,male,fat,22.0,no,toddler,38.0,1.0,13.0,3.171250834,101.7292032,"Jalan Sudang, Kampung Datuk Keramat, Kuala Lumpur, 54000, Malaysia"
1301,10/02/2016,3:56:06,malay,female,fat,23.0,yes,toddler,35.0,2.0,9.0,3.112306422,101.7346095,"Jalan Senohong, Pudu Ulu, Cheras, Kuala Lumpur, 55300, Malaysia"
1302,22/02/2016,11:00:38,chinese,female,fat,49.0,yes,young,25.0,2.0,19.0,3.121405961,101.7319936,"Pudu Ulu, Cheras, Kuala Lumpur, 51500, Malaysia"
1303,01/12/2015,2:06:12,malay,male,moderate,59.0,yes,baby,49.0,3.0,20.0,3.188743908,101.7349813,"Sapura Secured Technologies, Jalan 26/26, Taman Sri Rampai, Setiawangsa, Kuala Lumpur, 54100, Malaysia"
1304,06/12/2015,22:38:22,malay,female,moderate,36.0,no,no_kids,17.0,3.0,19.0,3.168928084,101.7130397,"Menara KPJ, Jalan Tun Razak, Kuala Lumpur, 50572, Malaysia"
1305,01/03/2016,6:57:18,malay,female,fat,23.0,yes,young,20.0,3.0,21.0,3.145714522,101.7428832,"Lorong Kemajuan 2, Kampung Pandan Luar, Perwira Jaya, Ampang, Majlis Perbandaran Ampang Jaya, Hulu Langat, Selangor, 50600, Malaysia"
1306,31/12/2015,21:31:49,malay,male,fat,39.40782991962665,no,young,27.0,3.0,20.0,3.152146117,101.7593722,"Jalan Ampang, Ampang, Majlis Perbandaran Ampang Jaya, Hulu Langat, Selangor, 68000, Malaysia"
1307,12/02/2016,9:09:11,malay,male,moderate,39.0,yes,toddler,37.0,4.0,8.0,3.182296207,101.7195195,"Pusat Latihan Polis, Jalan Sultan Yahya Petra, Kampung Datuk Keramat, Kuala Lumpur, 10024, Malaysia"
1308,22/02/2016,17:27:57,malay,female,fat,32.0,yes,no_kids,59.0,2.0,7.0,3.128711344,101.7042147,"The Association of Kwong Tong Cemetery Management Kuala Lumpur, Jalan Dewan Bahasa, Pudu, Kuala Lumpur, 55200, Malaysia"
1309,08/12/2015,11:40:16,chinese,male,moderate,24.0,yes,baby,18.0,3.0,7.0,3.155828368,101.7819481,"The Valley TTDI, Ulu Kelang, Majlis Perbandaran Ampang Jaya, Gombak, Selangor, 68000, Malaysia"
1310,22/12/2015,12:44:10,foreigner,male,moderate,22.0,yes,baby,26.0,1.0,12.0,3.130350007,101.7852247,"Jalan Indah Permai 2/3, Kampung Lembah Jaya, Kampung Indah Permai, Ampang, Majlis Perbandaran Ampang Jaya, Hulu Langat, Selangor, 43100, Malaysia"
1311,09/12/2015,12:35:33,malay,female,fat,42.0,yes,no_kids,18.0,1.0,11.0,3.152888538,101.7178613,"Jalan Stonor, Bukit Bintang, Kuala Lumpur, 50450, Malaysia"
1312,13/01/2016,0:18:56,foreigner,male,thin,18.0,yes,baby,59.0,2.0,18.0,3.145250509,101.7558431,"Petronas, Jalan Nirwana, Taman Dagang, Ampang, Majlis Perbandaran Ampang Jaya, Hulu Langat, Selangor, 68000, Malaysia"
1313,16/01/2016,21:40:30,foreigner,male,fat,42.0,no,toddler,19.0,5.0,9.0,3.160532308,101.7556656,"Jalan Kerja Air Lama, Taman Ampang Jaya, Ampang, Majlis Perbandaran Ampang Jaya, Hulu Langat, Selangor, 68000, Malaysia"
1314,01/12/2015,12:48:51,indian,male,moderate,38.0,no,toddler ,57.0,1.0,11.0,3.107263317,101.7176012,"SMK Seri Permaisuri, Jalan Sri Permaisuri, Bandar Sri Permaisuri, Cheras, Kuala Lumpur, 51020, Malaysia"
1315,21/01/2016,16:16:04,chinese,female,moderate,36.0,yes,toddler,38.0,1.0,16.0,3.113057709,101.7640762,"Jalan Teratai 1/2B, Taman Bukit Teratai, Ampang, Majlis Perbandaran Ampang Jaya, Hulu Langat, Selangor, 56100, Malaysia"
1316,08/01/2016,22:58:19,chinese,female,fat,25.0,yes,young,14.0,5.0,10.0,3.141878359,101.7586076,"Jalan Mewah 8, Taman Nirwana, Pandan Indah, Ampang, Majlis Perbandaran Ampang Jaya, Hulu Langat, Selangor, 68000, Malaysia"
1317,28/02/2016,6:25:16,malay,male,thin,47.0,no,young,56.0,4.0,9.0,3.17540584,101.7491134,"Pasar Malam AU2, Keramat, Jalan AU 2C, AU2, Ulu Kelang, Kuala Lumpur, Gombak, Selangor, 54200, Malaysia"
1318,13/02/2016,10:32:11,indian,female,moderate,29.0,no,no_kids,42.0,4.0,16.0,3.138725363,101.7348033,"Lorong Kampung Pandan, Taman Maluri, Kampung Pandan, Kuala Lumpur, 50988, Malaysia"
1319,26/02/2016,20:10:19,indian,female,thin,47.0,yes,toddler ,36.0,4.0,9.0,3.14600305,101.7123989,"Lot 10, 50, Jalan Sultan Ismail, Kampung Dollah, Bukit Bintang, Kuala Lumpur, 50200, Malaysia"
1320,22/02/2016,5:56:10,chinese,female,moderate,58.0,no,young,39.0,5.0,19.0,3.1739622,101.7799993,"Trail C, Bukit Antarabangsa, Ulu Kelang, Majlis Perbandaran Ampang Jaya, Gombak, Selangor, 68000, Malaysia"
1321,27/12/2015,19:16:02,malay,male,moderate,37.0,no,toddler,44.0,2.0,12.0,3.176858836,101.7719509,"Taman Bukit Utama, Bukit Antarabangsa, Ulu Kelang, Majlis Perbandaran Ampang Jaya, Gombak, Selangor, 54200, Malaysia"
1322,17/02/2016,4:55:14,indian,female,thin,34.0,no,young,12.0,1.0,7.0,3.178762735,101.7147081,"Pusat Latihan Polis, Jalan Sultan Yahya Petra, Kampung Datuk Keramat, Kuala Lumpur, 10024, Malaysia"
1323,02/01/2016,16:24:28,foreigner,male,fat,57.0,yes,young,38.0,3.0,15.0,3.197360025,101.7573613,"Jalan AU 4/4, Ulu Kelang, Majlis Perbandaran Ampang Jaya, Gombak, Selangor, 54200, Malaysia"
1324,09/02/2016,12:53:46,malay,female,fat,51.0,yes,young,60.0,5.0,16.0,3.133113702,101.7778083,"Jalan Ikan Emas 7, Taman Dagang Jaya, Kampung Indah Permai, Ampang, Majlis Perbandaran Ampang Jaya, Hulu Langat, Selangor, 68000, Malaysia"
1325,14/01/2016,18:16:15,chinese,male,fat,51.0,no,toddler,56.0,2.0,15.0,3.151153657,101.7871622,"Kampung Lembah Jaya Selatan, Kampung Muhibbah, Ampang, Majlis Perbandaran Ampang Jaya, Hulu Langat, Selangor, 68000, Malaysia"
1326,29/01/2016,20:13:25,malay,female,fat,39.40782991962665,no,no_kids,43.0,0.0,21.0,3.17012098,101.7317027,"Lorong Keramat Hujung 2, Kampung Datuk Keramat, Kuala Lumpur, 54000, Malaysia"
1327,27/01/2016,10:58:32,malay,female,moderate,37.0,no,no_kids,32.0,0.0,17.0,3.169058026,101.7638208,"Jalan 11, Menara Mutiara Condominium, Ulu Kelang, Majlis Perbandaran Ampang Jaya, Gombak, Selangor, 68000, Malaysia"
1328,20/01/2016,21:57:24,malay,female,fat,34.0,no,baby,59.0,4.0,11.0,3.121051287,101.7774674,"Jalan Ampang - Hulu Langat, Bukit Ampang Permai, Kampung Tasek Permai, Ampang, Majlis Perbandaran Ampang Jaya, Hulu Langat, Selangor, 68000, Malaysia"
1329,15/01/2016,1:33:12,indian,female,moderate,50.0,no,no_kids,45.0,3.0,14.0,3.101804193,101.7315045,"Jalan MIdah 4C, Taman Midah, Cheras, Kuala Lumpur, 56100, Malaysia"
1330,05/12/2015,5:50:58,foreigner,female,fat,48.0,no,toddler,14.0,4.0,10.0,3.157179811,101.7415904,"International School Of Kuala Lumpur City, Jalan Ampang Hilir, Ampang Hilir, Kuala Lumpur, 50538, Malaysia"
1331,27/01/2016,15:15:35,chinese,male,fat,53.0,no,young,21.0,0.0,9.0,3.161860299,101.7874925,"Jalan Lembah TTDI 2, The Valley TTDI, Ulu Kelang, Majlis Perbandaran Ampang Jaya, Gombak, Selangor, 68000, Malaysia"
1332,01/03/2016,16:25:52,malay,male,fat,46.0,yes,toddler,12.0,5.0,17.0,3.094789526,101.766377,"Taman Segar Perdana, Cheras, Majlis Perbandaran Kajang, Hulu Langat, Selangor, 56100, Malaysia"
1333,18/12/2015,4:03:57,chinese,female,moderate,29.0,yes,baby,55.0,1.0,17.0,3.177424257,101.7241462,"Jalan Laksamana, Kementah, Semarak, Kuala Lumpur, 54100, Malaysia"
1334,05/01/2016,15:22:19,foreigner,male,moderate,20.0,yes,toddler,42.0,1.0,16.0,3.114587969,101.7382439,"Jalan Perdana 2/1, Pandan Perdana, Ampang, Majlis Perbandaran Ampang Jaya, Hulu Langat, Selangor, 55300, Malaysia"
1335,05/02/2016,10:16:31,indian,female,fat,34.0,yes,young,56.0,1.0,13.0,3.130088461,101.7441308,"Jalan Bunga Melati 1, Taman Pandan Jaya, Pandan Indah, Ampang, Majlis Perbandaran Ampang Jaya, Hulu Langat, Selangor, 51500, Malaysia"
1336,21/12/2015,16:59:07,chinese,male,moderate,39.40782991962665,no,toddler ,51.0,5.0,12.0,3.109718599,101.7428891,"Jalan Perdana 6/9, Pandan Perdana, Ampang, Majlis Perbandaran Ampang Jaya, Hulu Langat, Selangor, 55300, Malaysia"
1337,15/01/2016,6:02:14,malay,female,thin,25.0,yes,toddler,23.0,0.0,13.0,3.176902128,101.777353,"Trail C, Bukit Antarabangsa, Ulu Kelang, Majlis Perbandaran Ampang Jaya, Gombak, Selangor, 68000, Malaysia"
1338,27/01/2016,19:15:32,foreigner,female,fat,39.40782991962665,yes,baby,31.0,0.0,21.0,3.160587004,101.7246714,"Royal Thai Embassy (KL611), Jalan Ampang, Taman U-Thant, Kuala Lumpur, 55000, Malaysia"
1339,18/02/2016,4:04:38,chinese,female,moderate,21.0,yes,young,21.0,4.0,11.0,3.183662487,101.7364608,"Jalan Abdul Razak Hussin, Setiawangsa, Kuala Lumpur, 54100, Malaysia"
1340,06/01/2016,7:18:43,foreigner,female,moderate,45.0,no,baby,59.0,5.0,7.0,3.111978618,101.7110719,"Jalan 6/89B, Kawasan Perindustrian Trisegi, Kuala Lumpur, 55200, Malaysia"
1341,01/02/2016,15:01:58,foreigner,male,thin,39.40782991962665,yes,toddler,50.0,1.0,20.0,3.193544278,101.7069426,"Taman P. Ramlee, Kampung Puah, Kuala Lumpur, 53200, Malaysia"
1342,05/12/2015,11:50:31,foreigner,female,thin,33.0,yes,toddler,55.0,5.0,21.0,3.145276374,101.7170579,"Victory Street, 19, Jalan Kamuning, Kampung Dollah, Bukit Bintang, Kuala Lumpur, 55100, Malaysia"
1343,16/02/2016,9:48:22,foreigner,female,thin,42.0,yes,no_kids,43.0,0.0,21.0,3.183107654,101.7163803,"Jalan Ayer Pasang, Semarak, Kuala Lumpur, 53200, Malaysia"
1344,31/12/2015,18:14:04,indian,male,moderate,36.0,no,toddler,25.0,2.0,7.0,3.16837828,101.7137751,"Celcom Axiata Bhd, Jalan Lai Tet Loke, Semarak, Kuala Lumpur, 10024, Malaysia"
1345,26/02/2016,3:01:31,foreigner,female,fat,51.0,yes,toddler ,33.0,5.0,12.0,3.19091171,101.7579051,"Surau Ar-Raudah, Jalan AU 3/29, Bukit Antarabangsa, Ulu Kelang, Majlis Perbandaran Ampang Jaya, Gombak, Selangor, 54200, Malaysia"
1346,05/01/2016,19:57:37,malay,male,fat,33.0,yes,toddler ,22.0,0.0,17.0,3.13246483,101.7844037,"Jalan Indah Permai 2/2, Kampung Lembah Jaya, Kampung Indah Permai, Ampang, Majlis Perbandaran Ampang Jaya, Hulu Langat, Selangor, 68000, Malaysia"
1347,12/02/2016,10:40:43,foreigner,female,fat,26.0,no,young,44.0,4.0,16.0,3.144638297,101.7331698,"Setiawangsa–Pantai Expressway, MRT Escape Shaft 3, Cheras, Ulu Kelang, Kuala Lumpur, Gombak, Selangor, 50600, Malaysia"
1348,29/02/2016,8:40:37,indian,male,thin,53.0,yes,no_kids,41.0,5.0,10.0,3.104230459,101.7630217,"Lebuhraya Bertingkat Sungai Besi–Ulu Klang, Taman Bukit Permai, Ampang, Majlis Perbandaran Ampang Jaya, Hulu Langat, Selangor, 56100, Malaysia"
1349,25/01/2016,7:30:07,malay,female,fat,26.0,no,toddler,28.0,3.0,16.0,3.152716178,101.7188929,"Embassy of Vietnam, 4, Persiaran Stonor, Bukit Bintang, Kuala Lumpur, 50450, Malaysia"
1350,27/12/2015,19:54:13,foreigner,male,fat,24.0,yes,no_kids,49.0,1.0,17.0,3.11400749,101.7186705,"25, Jalan Jelawat 2, Taman Ikan Emas, Cheras, Kuala Lumpur, 55200, Malaysia"
1351,23/12/2015,5:23:20,foreigner,male,fat,53.0,no,toddler ,31.0,1.0,16.0,3.141485802,101.7033384,"Jalan Hang Jebat, Bukit Bintang, Kuala Lumpur, 50150, Malaysia"
1352,15/02/2016,3:11:06,chinese,male,moderate,26.0,yes,baby,43.0,2.0,14.0,3.118397856,101.7643978,"Jalan 22, Taman Seri Raya, Kampung Tasik Tambahan, Ampang, Majlis Perbandaran Ampang Jaya, Hulu Langat, Selangor, 56100, Malaysia"
1353,18/02/2016,12:26:37,malay,female,moderate,35.0,no,toddler ,59.0,0.0,18.0,3.155498537,101.7716586,"Lengkongan Bukit Indah 1, Setiahills, Ulu Kelang, Majlis Perbandaran Ampang Jaya, Gombak, Selangor, 68000, Malaysia"
1354,29/02/2016,21:39:31,chinese,male,thin,52.0,no,no_kids,21.0,2.0,7.0,3.169310897,101.7010343,"Universiti Kebangsaan Malaysia Kampus Kuala Lumpur, Jalan Masjid, Chow Kit, Sentul, Kuala Lumpur, 50586, Malaysia"
1355,21/01/2016,23:41:56,foreigner,male,fat,39.40782991962665,yes,young,43.0,0.0,19.0,3.14972519,101.7379834,"SK Desa Pandan, Jalan 6/76C, Desa Pandan, Kampung Pandan, Kuala Lumpur, 50600, Malaysia"
1356,16/01/2016,13:51:41,malay,male,moderate,37.0,no,toddler ,58.0,5.0,11.0,3.126450087,101.7870521,"Bukit Ampang Permai, Kampung Tasek Permai, Ampang, Majlis Perbandaran Ampang Jaya, Hulu Langat, Selangor, 43100, Malaysia"
1357,19/02/2016,8:35:32,foreigner,female,fat,25.0,yes,toddler,58.0,2.0,10.0,3.159491929,101.7213887,"The LINC, 360, Jalan Ampang, Kampung Datuk Keramat, Kuala Lumpur, 50450, Malaysia"
1358,31/01/2016,15:08:03,indian,male,fat,32.0,yes,baby,51.0,2.0,21.0,3.145623439,101.707585,"Kathmandu, Tengkat Tong Shin, Kampung Dollah, Bukit Bintang, Kuala Lumpur, 50200, Malaysia"
1359,30/01/2016,18:05:08,malay,female,moderate,28.0,no,no_kids,22.0,1.0,12.0,3.169360999,101.7299437,"Kampung Datuk Keramat, Kuala Lumpur, 54000, Malaysia"
1360,17/01/2016,14:18:24,foreigner,male,fat,18.0,no,toddler,48.0,5.0,9.0,3.10494657,101.7135365,"Villa Laman Tasik, Cheras, Kuala Lumpur, 51020, Malaysia"
1361,01/12/2015,4:00:58,chinese,male,fat,23.0,yes,toddler ,44.0,2.0,21.0,3.087774917,101.7680521,"Cheras Awana trail, Taman Cheras Awana, Cheras, Majlis Perbandaran Kajang, Hulu Langat, Selangor, 56100, Malaysia"
1362,11/12/2015,7:50:30,malay,female,thin,55.0,yes,young,60.0,1.0,14.0,3.167508839,101.7421119,"Jalan Enggang 17, Taman Seri Keramat, Ulu Kelang, Majlis Perbandaran Ampang Jaya, Gombak, Selangor, 54200, Malaysia"
1363,14/02/2016,13:36:15,malay,male,moderate,45.0,no,no_kids,33.0,1.0,13.0,3.120266094,101.7338375,"Kompleks Seri Bintang, Jalan 2/91A, Pudu Ulu, Cheras, Kuala Lumpur, 51500, Malaysia"
1364,14/12/2015,9:49:20,malay,male,fat,34.0,yes,young,36.0,4.0,7.0,3.184874288,101.709894,"IWK Bunus Regional Sewage Treatment Plant, Jalan Ayer Beku, Semarak, Kuala Lumpur, 53200, Malaysia"
1365,10/02/2016,0:17:14,indian,female,thin,38.0,yes,toddler ,49.0,2.0,17.0,3.089377022,101.7182579,"Bank Islam, Jalan Budiman, Bandar Tun Razak, Cheras, Kuala Lumpur, 51020, Malaysia"
1366,07/12/2015,15:37:15,malay,female,moderate,18.0,no,no_kids,28.0,4.0,9.0,3.144262217,101.6998301,"Sekolah Menengah Jenis Kebangsaan Confucian, Lorong Hang Jebat, Bukit Bintang, Kuala Lumpur, 50000, Malaysia"
1367,15/01/2016,2:15:18,foreigner,female,moderate,54.0,no,no_kids,52.0,5.0,19.0,3.097725116,101.7609645,"Taman Bukit Segar Jaya 2, Cheras, Ampang, Majlis Perbandaran Ampang Jaya, Hulu Langat, Selangor, 56100, Malaysia"
1368,31/12/2015,5:07:12,chinese,male,moderate,39.0,yes,baby,18.0,2.0,18.0,3.136146261,101.7831775,"Lorong Indah 9A, Kampung Lembah Jaya Selatan, Kampung Muhibbah, Ampang, Majlis Perbandaran Ampang Jaya, Hulu Langat, Selangor, 68000, Malaysia"
1369,16/12/2015,10:53:43,malay,male,fat,50.0,no,no_kids,23.0,2.0,18.0,3.187855695,101.7236375,"Jalan Ayer Keroh, Taman Setapak Jaya, Semarak, Kuala Lumpur, 54100, Malaysia"
1370,11/01/2016,12:57:39,indian,male,moderate,59.0,no,toddler,57.0,0.0,19.0,3.128284643,101.7804788,"Jalan Permai H, Taman Dagang Jaya, Kampung Indah Permai, Ampang, Majlis Perbandaran Ampang Jaya, Hulu Langat, Selangor, 68000, Malaysia"
1371,08/01/2016,12:34:02,chinese,female,thin,59.0,no,toddler ,12.0,5.0,21.0,3.150807924,101.7318986,"Papua Newguinea High Commission, Lingkungan U-Thant, Taman U-Thant, Kuala Lumpur, 50600, Malaysia"
1372,23/01/2016,9:02:11,malay,female,moderate,54.0,no,young,24.0,0.0,19.0,3.175522433,101.7810397,"Trail C, Bukit Antarabangsa, Ulu Kelang, Majlis Perbandaran Ampang Jaya, Gombak, Selangor, 68000, Malaysia"
1373,13/01/2016,1:28:31,malay,male,moderate,33.0,yes,young,17.0,1.0,14.0,3.161339205,101.7196024,"The Intermark, Jalan Tun Razak, Kampung Datuk Keramat, Kuala Lumpur, 50450, Malaysia"
1374,21/02/2016,9:22:42,malay,female,thin,24.0,no,young,48.0,2.0,17.0,3.17762944,101.7363987,"Jalan Jelatek, Ulu Kelang, Majlis Perbandaran Ampang Jaya, Gombak, Selangor, 54200, Malaysia"
1375,08/12/2015,4:22:37,indian,male,moderate,55.0,yes,young,50.0,2.0,15.0,3.164083182,101.7422295,"Jalan Berembang, Ulu Kelang, Majlis Perbandaran Ampang Jaya, Gombak, Selangor, 50538, Malaysia"
1376,04/02/2016,15:54:08,chinese,male,thin,28.0,yes,young,30.0,0.0,10.0,3.191219333,101.7052061,"Setapak, Kuala Lumpur, 53200, Malaysia"
1377,11/01/2016,19:42:06,foreigner,female,thin,24.0,yes,young,16.0,4.0,13.0,3.10348407,101.7163839,"Sekolah Kebangsaan Seri Permaisuri, Jalan Sri Permaisuri, Bandar Sri Permaisuri, Cheras, Kuala Lumpur, 51020, Malaysia"
1378,05/02/2016,10:56:51,foreigner,female,thin,27.0,no,toddler ,31.0,1.0,15.0,3.110770918,101.7200031,"8, Jalan 2/89A, Perumahan Awam Seri Melaka, Cheras, Kuala Lumpur, 55300, Malaysia"
1379,17/02/2016,13:36:46,foreigner,male,fat,36.0,yes,toddler ,22.0,1.0,20.0,3.103154784,101.7605264,"Jalan Bukit Pandan Bistari 2B, Taman Bukit Permai, Ampang, Majlis Perbandaran Ampang Jaya, Hulu Langat, Selangor, 56100, Malaysia"
1380,01/03/2016,5:15:14,malay,male,thin,48.0,no,toddler,42.0,2.0,19.0,3.110453002,101.7200054,"8, Jalan 2/89A, Perumahan Awam Seri Melaka, Cheras, Kuala Lumpur, 55300, Malaysia"
1381,01/01/2016,10:16:21,malay,male,fat,36.0,no,young,36.0,2.0,12.0,3.108132132,101.7344642,"Cheras, Kuala Lumpur, 55300, Malaysia"
1382,20/01/2016,19:06:45,malay,female,moderate,35.0,no,toddler ,45.0,0.0,18.0,3.193200547,101.731638,"SMK Taman Seri Rampai, Jalan 14/26, Taman Sri Rampai, Wangsa Maju, Kuala Lumpur, 53300, Malaysia"
1383,16/01/2016,23:45:54,malay,male,moderate,39.40782991962665,yes,baby,17.0,0.0,7.0,3.119333993,101.705226,"Az-Zubair Mosque KL Air Base, Jalan Lapangan Terbang Lama, Kuala Lumpur, 55200, Malaysia"
1384,03/01/2016,7:20:06,indian,female,fat,55.0,no,young,38.0,5.0,17.0,3.125469715,101.7197169,"DBKL Engineering Dept.& Storage, Lebuhraya Maju, Cheras, Kuala Lumpur, 55100, Malaysia"
1385,13/12/2015,10:55:06,malay,male,moderate,53.0,yes,toddler,45.0,2.0,7.0,3.171333928,101.7090373,"Jalan Tun Razak, Kuala Lumpur, 50572, Malaysia"
1386,19/02/2016,8:26:22,foreigner,female,moderate,36.0,yes,young,23.0,3.0,21.0,3.102130084,101.7238193,"Bandar Tun Razak, Cheras, Kuala Lumpur, 56000, Malaysia"
1387,05/02/2016,11:50:07,malay,female,fat,39.0,no,baby,35.0,3.0,15.0,3.118261442,101.774113,"Jalan Saga 2, Taman Saga, Ampang, Majlis Perbandaran Ampang Jaya, Hulu Langat, Selangor, 56100, Malaysia"
1388,11/02/2016,16:53:13,foreigner,male,moderate,39.40782991962665,yes,toddler ,53.0,0.0,19.0,3.174502887,101.7504036,"Jalan AU 2A/23, AU2, Ulu Kelang, Majlis Perbandaran Ampang Jaya, Gombak, Selangor, 54200, Malaysia"
1389,11/12/2015,10:03:49,malay,male,fat,50.0,yes,baby,20.0,0.0,21.0,3.118324231,101.727395,"Jalan Ikan Ayu, Pudu Ulu, Cheras, Kuala Lumpur, 51500, Malaysia"
1390,29/02/2016,20:30:15,malay,female,moderate,43.0,yes,young,45.0,0.0,11.0,3.152256344,101.764685,"Jalan 3, Taman Kosas, Ampang, Majlis Perbandaran Ampang Jaya, Hulu Langat, Selangor, 68000, Malaysia"
1391,28/12/2015,7:02:55,foreigner,female,moderate,33.0,no,no_kids,22.0,3.0,18.0,3.128997877,101.7442852,"Jalan Bunga Melati 2, Taman Maju Jaya, Pandan Indah, Ampang, Majlis Perbandaran Ampang Jaya, Hulu Langat, Selangor, 51500, Malaysia"
1392,26/01/2016,13:58:50,malay,male,moderate,23.0,no,toddler ,30.0,2.0,12.0,3.185315121,101.7567063,"Lorong AU 3/12, Setiawangsa, Kuala Lumpur, 54200, Malaysia"
1393,04/02/2016,3:32:59,indian,female,moderate,36.0,no,young,41.0,3.0,17.0,3.145923398,101.7054583,"Hospital Tung Shin, 106, Jalan Pudu, Bukit Bintang, Kuala Lumpur, 55100, Malaysia"
1394,03/02/2016,23:18:55,indian,male,fat,46.0,yes,toddler ,37.0,5.0,8.0,3.105743588,101.7169529,"Bahagian Teknologi Pendidikan Negeri Wilayah Persekutuan, Jalan Sri Permaisuri, Bandar Sri Permaisuri, Cheras, Kuala Lumpur, 51020, Malaysia"
1395,08/02/2016,13:40:35,chinese,male,moderate,28.0,yes,young,27.0,4.0,18.0,3.155712927,101.7087259,"Parkview Service Apartment, Jalan Cangkat Perak, Bukit Bintang, Kuala Lumpur, 50250, Malaysia"
1396,27/02/2016,1:19:05,malay,male,moderate,47.0,no,no_kids,55.0,2.0,12.0,3.089313336,101.7310685,"Sekolah Menengah Kebangsaan Seri Mutiara, Jalan 31/119, Bandar Tun Razak, Cheras, Kuala Lumpur, 56000, Malaysia"
1397,04/01/2016,9:12:55,foreigner,female,fat,29.0,no,no_kids,32.0,3.0,7.0,3.166409093,101.7605557,"Jalan Taman Hijau, Taman Hijau, Ulu Kelang, Majlis Perbandaran Ampang Jaya, Gombak, Selangor, 68000, Malaysia"
1398,18/02/2016,11:56:13,malay,female,fat,24.0,no,baby,32.0,0.0,20.0,3.174657857,101.7608214,"Jalan Hill View 2334, Taman Sri Ukay, Bukit Antarabangsa, Ulu Kelang, Majlis Perbandaran Ampang Jaya, Gombak, Selangor, 54200, Malaysia"
1399,04/12/2015,11:28:12,foreigner,female,thin,53.0,yes,young,56.0,4.0,16.0,3.154610719,101.7422125,"السفاره العُمانيه, Jalan Kedondong, Kampung Desa Pahlawan, Kampung Pandan, Kuala Lumpur, 50600, Malaysia"
1400,30/01/2016,9:21:48,foreigner,male,moderate,28.0,yes,young,33.0,3.0,19.0,3.109373737,101.74951,"Jalan 34, Kampung Cheras Baru, Ampang, Majlis Perbandaran Ampang Jaya, Hulu Langat, Selangor, 56100, Malaysia"
1401,07/01/2016,14:46:52,malay,female,fat,36.0,yes,no_kids,27.0,5.0,16.0,3.157218987,101.7101105,"Food Court - Wisma BSN, Jalan P. Ramlee, Bukit Bintang, Kuala Lumpur, 50088, Malaysia"
1402,13/01/2016,22:02:09,foreigner,male,thin,58.0,yes,toddler ,27.0,1.0,7.0,3.149231033,101.7078079,"Menara PMI, Jalan Mesui, Bukit Bintang, Kuala Lumpur, 50200, Malaysia"
1403,22/02/2016,13:37:06,malay,female,fat,18.0,no,young,43.0,3.0,12.0,3.14721156,101.7132262,"7-Eleven, Jalan Walter Grenier, Kampung Dollah, Bukit Bintang, Kuala Lumpur, 50200, Malaysia"
1404,27/02/2016,19:04:53,foreigner,male,moderate,22.0,yes,baby,36.0,2.0,12.0,3.099373369,101.7091677,"Jalan Sri Permaisuri 1, Bandar Sri Permaisuri, Cheras, Kuala Lumpur, 51020, Malaysia"
1405,09/02/2016,22:28:41,malay,female,thin,45.0,no,baby,33.0,2.0,12.0,3.187884611,101.7521266,"Rumah Pam Air Keramat Wangsa 3, Jalan 13/56, Setiawangsa, Kuala Lumpur, 54200, Malaysia"
1406,21/12/2015,16:03:15,malay,female,thin,19.0,yes,toddler ,19.0,2.0,17.0,3.114029493,101.7054784,"Terowong Smart, Bandar Sri Permaisuri, Cheras, Kuala Lumpur, 55100, Malaysia"
1407,07/12/2015,4:13:03,malay,female,fat,45.0,no,young,35.0,4.0,12.0,3.145993947,101.7119759,"Lot 10, 50, Jalan Sultan Ismail, Kampung Dollah, Bukit Bintang, Kuala Lumpur, 50200, Malaysia"
1408,29/12/2015,5:03:27,chinese,female,moderate,32.0,no,baby,44.0,3.0,16.0,3.173063403,101.7430937,"Jalan Enggang Timur 5, AU1, Ulu Kelang, Majlis Perbandaran Ampang Jaya, Gombak, Selangor, 54200, Malaysia"
1409,07/12/2015,0:15:32,malay,female,moderate,35.0,no,baby,51.0,1.0,10.0,3.16725728,101.734202,"SRA Al-Alusi, Jalan Keramat Dalam, Kampung Datuk Keramat, Kuala Lumpur, 50538, Malaysia"
1410,05/02/2016,2:03:29,malay,male,fat,29.0,no,baby,26.0,2.0,9.0,3.164561064,101.7597909,"Jalan Chong Khoon Lin, Taman Ukay Height, Ulu Kelang, Majlis Perbandaran Ampang Jaya, Gombak, Selangor, 68000, Malaysia"
1411,08/02/2016,10:23:29,malay,female,thin,55.0,yes,toddler,60.0,0.0,14.0,3.14881406,101.7740629,"Jalan Bukit Indah Utama, Taman Kosas, Kampung Dato Mufti Shuib, Ampang, Majlis Perbandaran Ampang Jaya, Hulu Langat, Selangor, 68000, Malaysia"
1412,12/02/2016,2:24:10,malay,female,thin,27.0,yes,toddler ,44.0,1.0,20.0,3.151167325,101.7503571,"Kenanga A, Pesiaran Putra Sulaiman, Taman Putra Sulaiman, Ampang, Majlis Perbandaran Ampang Jaya, Hulu Langat, Selangor, 68000, Malaysia"
1413,24/01/2016,13:39:36,malay,male,moderate,57.0,no,baby,36.0,2.0,7.0,3.120491655,101.7816599,"Jalan Ampang - Hulu Langat, Bukit Ampang Permai, Kampung Tasek Permai, Ampang, Majlis Perbandaran Ampang Jaya, Hulu Langat, Selangor, 43100, Malaysia"
1414,16/02/2016,3:38:38,indian,male,thin,58.0,no,toddler,50.0,5.0,12.0,3.143865927,101.7338466,"Pusat Penjaja Jalan Thaver, Jalan Belangkas 2, Taman Maluri, Kampung Pandan, Kuala Lumpur, 50600, Malaysia"
1415,22/12/2015,6:00:00,chinese,male,fat,57.0,no,young,42.0,2.0,11.0,3.146604227,101.7120148,"Lot 10, 50, Jalan Sultan Ismail, Kampung Dollah, Bukit Bintang, Kuala Lumpur, 50200, Malaysia"
1416,01/01/2016,12:34:54,malay,female,fat,26.0,no,toddler ,41.0,4.0,13.0,3.115702075,101.7263147,"Jalan Cheras, Taman Tenaga, Cheras, Kuala Lumpur, 55300, Malaysia"
1417,20/02/2016,19:25:53,chinese,male,moderate,56.0,yes,young,47.0,5.0,7.0,3.143644562,101.7607561,"Jalan Mewah 6, Taman Dagang, Pandan Indah, Ampang, Majlis Perbandaran Ampang Jaya, Hulu Langat, Selangor, 68000, Malaysia"
1418,05/01/2016,22:59:45,malay,female,moderate,60.0,yes,young,45.0,0.0,19.0,3.118169315,101.7111754,"Jalan Empat, Kuala Lumpur, 55200, Malaysia"
1419,09/12/2015,23:57:50,foreigner,male,moderate,50.0,yes,toddler ,56.0,0.0,15.0,3.14856842,101.7748522,"Jalan Indah 3/2, Taman Kosas, Kampung Dato Mufti Shuib, Ampang, Majlis Perbandaran Ampang Jaya, Hulu Langat, Selangor, 68000, Malaysia"
1420,26/12/2015,19:29:09,foreigner,male,moderate,39.40782991962665,no,baby,45.0,0.0,7.0,3.132812525,101.7412923,"Jalan Pandan 3, Taman Pandan Jaya, Pandan Indah, Ampang, Majlis Perbandaran Ampang Jaya, Hulu Langat, Selangor, 51500, Malaysia"
1421,22/12/2015,3:24:58,indian,male,fat,45.0,no,no_kids,45.0,4.0,11.0,3.118393501,101.7707939,"Taman Permainan Taman Melur, Jalan Melur 11, Taman Melur, Kampung Tasik Tambahan, Ampang, Majlis Perbandaran Ampang Jaya, Hulu Langat, Selangor, 56100, Malaysia"
1422,15/01/2016,9:15:36,indian,male,thin,42.0,no,young,30.0,4.0,19.0,3.099557921,101.7143042,"Jalan Danau Lumayan, Bandar Sri Permaisuri, Cheras, Kuala Lumpur, 51020, Malaysia"
1423,25/02/2016,10:51:50,indian,female,moderate,39.40782991962665,no,toddler ,36.0,1.0,12.0,3.197823125,101.7595784,"SMK Lembah Keramat, Jalan AU 4, Taman Zooview, Bukit Antarabangsa, Ulu Kelang, Majlis Perbandaran Ampang Jaya, Gombak, Selangor, 54200, Malaysia"
1424,17/12/2015,8:05:40,indian,female,thin,34.0,yes,toddler,15.0,1.0,16.0,3.147320589,101.7695781,"Jalan Kosas 1/7, Taman Kosas, Ampang, Majlis Perbandaran Ampang Jaya, Hulu Langat, Selangor, 68000, Malaysia"
1425,26/12/2015,4:41:24,chinese,female,thin,51.0,yes,young,46.0,1.0,13.0,3.197479572,101.7160567,"Kawasan Perindustrain Jalan Usahawan, Setapak, Kuala Lumpur, 53000, Malaysia"
1426,07/01/2016,14:54:20,indian,female,fat,39.40782991962665,no,no_kids,59.0,4.0,14.0,3.174515111,101.7294574,"Lorong Beliong, Kementah, Semarak, Kuala Lumpur, 54100, Malaysia"
1427,02/12/2015,4:03:49,malay,male,fat,24.0,no,toddler ,29.0,3.0,11.0,3.167791893,101.7618322,"Jalan Taman Hijau, Taman Hijau, Ulu Kelang, Majlis Perbandaran Ampang Jaya, Gombak, Selangor, 68000, Malaysia"
1428,06/12/2015,22:40:02,chinese,female,thin,34.0,yes,young,50.0,2.0,7.0,3.197641347,101.7090589,"Rumah Pangsa Taman Danau Kota, Setapak, Kuala Lumpur, 53000, Malaysia"
1429,09/02/2016,16:52:33,indian,female,moderate,41.0,yes,toddler,20.0,3.0,19.0,3.086310539,101.7653863,"Taman Cheras Awana, Cheras, Majlis Perbandaran Kajang, Hulu Langat, Selangor, 56100, Malaysia"
1430,13/12/2015,19:08:15,foreigner,female,moderate,57.0,yes,toddler ,53.0,2.0,15.0,3.149636656,101.7603454,"AG18 Ampang, Lebuhraya Bertingkat Sungai Besi–Ulu Klang, Taman Sri Ampang, Kampung Indah Permai, Ampang, Majlis Perbandaran Ampang Jaya, Hulu Langat, Selangor, 68000, Malaysia"
1431,29/02/2016,22:24:53,foreigner,male,thin,38.0,no,toddler ,20.0,5.0,17.0,3.170283174,101.7428631,"Sekolah Menengah Kebangsaan Taman Keramat, Jalan Enggang Timur 5, AU1, Ulu Kelang, Majlis Perbandaran Ampang Jaya, Gombak, Selangor, 54200, Malaysia"
1432,13/02/2016,14:22:40,malay,female,moderate,53.0,no,young,34.0,3.0,11.0,3.125917516,101.7673874,"Jalan Mewah 2/11, Pandan Mewah, Kampung Tasik Tambahan, Ampang, Majlis Perbandaran Ampang Jaya, Hulu Langat, Selangor, 68000, Malaysia"
1433,24/01/2016,18:08:37,malay,male,thin,51.0,yes,no_kids,27.0,2.0,13.0,3.12855442,101.7542617,"Menara B, Persiaran MPAJ Jalan Pandan Utama, Taman Muda, Pandan Indah, Ampang, Majlis Perbandaran Ampang Jaya, Hulu Langat, Selangor, 55300, Malaysia"
1434,17/02/2016,19:43:54,malay,male,moderate,39.40782991962665,yes,young,43.0,3.0,10.0,3.185915568,101.7131795,"Plaza Tol Ayer Panas, Lebuhraya Duta-Ulu Kelang, Semarak, Kuala Lumpur, 53200, Malaysia"
1435,01/02/2016,4:37:51,chinese,male,moderate,29.0,no,no_kids,19.0,5.0,19.0,3.087068323,101.7218924,"Lorong Mewah 3, Bandar Tun Razak, Cheras, Kuala Lumpur, 51020, Malaysia"
1436,11/02/2016,9:03:55,malay,male,moderate,41.0,yes,toddler,12.0,2.0,8.0,3.175194459,101.7493575,"Pasar Malam AU2, Keramat, Jalan AU 2C, AU2, Ulu Kelang, Kuala Lumpur, Gombak, Selangor, 54200, Malaysia"
1437,10/02/2016,17:28:41,malay,male,moderate,60.0,no,toddler,53.0,3.0,19.0,3.191811183,101.7476788,"Bukit Dinding hiking trail, Setiawangsa, Kuala Lumpur, 54200, Malaysia"
1438,15/01/2016,9:45:32,malay,female,thin,23.0,no,no_kids,16.0,3.0,19.0,3.115775403,101.7669896,"Jalan Teratai 2/7D, Taman Bukit Teratai, Ampang, Majlis Perbandaran Ampang Jaya, Hulu Langat, Selangor, 56100, Malaysia"
1439,06/12/2015,14:35:02,malay,male,thin,60.0,no,no_kids,21.0,1.0,21.0,3.159557531,101.7718435,"Jalan Puncak Bukit Indah 1, Setiahills, Ulu Kelang, Majlis Perbandaran Ampang Jaya, Gombak, Selangor, 68000, Malaysia"
1440,17/01/2016,22:01:36,chinese,female,thin,38.0,yes,baby,59.0,5.0,14.0,3.160725157,101.739182,"NOVO Ampang, Jalan Ampang, Ampang Hilir, Kuala Lumpur, 50538, Malaysia"
1441,29/01/2016,22:29:33,malay,female,thin,20.0,yes,young,38.0,0.0,9.0,3.117038378,101.7040745,"Setiawangsa–Pantai Expressway, MRT Escape Shaft 3, Cheras, Ulu Kelang, Kuala Lumpur, Gombak, Selangor, 50600, Malaysia"
1442,12/01/2016,19:04:06,malay,female,thin,41.0,no,baby,57.0,3.0,15.0,3.120486418,101.7032471,"Az-Zubair Mosque KL Air Base, Jalan Lapangan Terbang Lama, Kuala Lumpur, 55200, Malaysia"
1443,06/02/2016,10:23:03,indian,female,fat,44.0,yes,no_kids,53.0,0.0,9.0,3.134130673,101.7191504,"Lebuhraya Maju, Cheras, Kuala Lumpur, 55100, Malaysia"
1444,11/12/2015,0:01:09,chinese,male,thin,22.0,no,no_kids,42.0,4.0,14.0,3.164709124,101.7186524,"RGB & the Beanhive, 35, Jalan Damai, Kampung Datuk Keramat, Kuala Lumpur, 54000, Malaysia"
1445,27/01/2016,16:04:04,chinese,male,moderate,22.0,no,toddler ,26.0,4.0,9.0,3.095173427,101.773448,"station 3a, MRT Trail, Majlis Perbandaran Kajang, Hulu Langat, Selangor, 56100, Malaysia"
1446,01/03/2016,13:01:54,malay,male,fat,59.0,no,young,50.0,1.0,15.0,3.092781985,101.7656675,"Taman Segar Perdana, Cheras, Ampang, Majlis Perbandaran Kajang, Hulu Langat, Selangor, 56100, Malaysia"
1447,28/02/2016,7:17:01,indian,male,fat,31.0,no,baby,12.0,1.0,9.0,3.189940904,101.7086388,"Taman Ayer Panas, Setapak, Kuala Lumpur, 53200, Malaysia"
1448,04/12/2015,16:29:55,indian,female,moderate,46.0,no,no_kids,13.0,1.0,21.0,3.148618681,101.7391623,"Desa Pandan, Kampung Pandan, Kuala Lumpur, 50600, Malaysia"
1449,17/02/2016,14:26:40,indian,female,fat,20.0,no,toddler,57.0,2.0,18.0,3.175332824,101.7543758,"Zon Perindustrian Bebas Hulu Kelang, Ulu Kelang, Majlis Perbandaran Ampang Jaya, Gombak, Selangor, 54200, Malaysia"
1450,21/02/2016,12:49:52,indian,male,moderate,48.0,no,toddler,55.0,4.0,17.0,3.117171452,101.6992797,"Kuala Lumpur, 50460, Malaysia"
1451,08/02/2016,19:46:05,chinese,male,fat,37.0,no,young,51.0,2.0,13.0,3.140035878,101.7783473,"TMpoint, Jalan Nilam, Taman Sri Watan, Kampung Dato Mufti Shuib, Ampang, Majlis Perbandaran Ampang Jaya, Hulu Langat, Selangor, 68000, Malaysia"
1452,28/01/2016,16:15:46,foreigner,male,moderate,18.0,yes,toddler ,51.0,1.0,21.0,3.187251838,101.7102481,"Jalan Tiara Titiwangsa 3, Tiara Titiwangsa, Setapak, Kuala Lumpur, 53200, Malaysia"
1453,05/12/2015,5:04:01,foreigner,male,moderate,46.0,yes,no_kids,45.0,4.0,15.0,3.182257934,101.7021994,"Iktikadraya, Jalan Titiwangsa, Sentul, Kuala Lumpur, 51000, Malaysia"
1454,18/12/2015,20:46:23,foreigner,female,fat,39.0,no,young,39.0,1.0,11.0,3.096393505,101.7847348,"Loji Rawatan Air Sungai Serai, Ah Meng trail, Ampang, Majlis Perbandaran Kajang, Hulu Langat, Selangor, 43100, Malaysia"
1455,08/02/2016,23:12:39,malay,male,moderate,43.0,no,toddler ,20.0,1.0,21.0,3.129318542,101.7054195,"The Association of Kwong Tong Cemetery Management Kuala Lumpur, Jalan Dewan Bahasa, Pudu, Kuala Lumpur, 55200, Malaysia"
1456,02/02/2016,7:30:05,foreigner,female,moderate,44.0,yes,baby,57.0,0.0,10.0,3.138648734,101.7032363,"Victoria Institution, Jalan Kenanga, Pudu, Kuala Lumpur, 50150, Malaysia"
1457,25/12/2015,15:55:16,indian,male,moderate,21.0,yes,young,56.0,1.0,20.0,3.087902461,101.7489079,"Lebuhraya Bertingkat Sungai Besi–Ulu Klang, Cheras, Ampang, Majlis Perbandaran Kajang, Hulu Langat, Selangor, 56000, Malaysia"
1458,04/12/2015,0:06:39,foreigner,female,fat,30.0,no,no_kids,50.0,0.0,17.0,3.109676358,101.7542369,"Taman Industri Bukit Permai, Ampang, Majlis Perbandaran Ampang Jaya, Hulu Langat, Selangor, 56100, Malaysia"
1459,08/02/2016,9:28:02,malay,female,thin,20.0,yes,baby,55.0,3.0,8.0,3.123477318,101.7108841,"Southgate, Jalan Dua, Pudu, Kuala Lumpur, 55200, Malaysia"
1460,10/01/2016,15:38:50,indian,female,fat,19.0,no,young,53.0,2.0,12.0,3.196084804,101.7212887,"Cfm Toppan Forms (M) Sdn. Bhd., Jalan Usahawan 6, Kawasan Perindustrain Jalan Usahawan, Setapak, Kuala Lumpur, 53300, Malaysia"
1461,06/01/2016,5:27:12,malay,female,moderate,34.0,yes,no_kids,21.0,4.0,17.0,3.092999269,101.7238482,"Lorong Jaya 3, Bandar Tun Razak, Cheras, Kuala Lumpur, 56000, Malaysia"
1462,28/01/2016,16:09:41,chinese,male,thin,51.0,no,toddler ,34.0,1.0,14.0,3.114201745,101.7256915,"99 Speedmart, Jalan Sembilang, Taman Tenaga, Cheras, Kuala Lumpur, 55300, Malaysia"
1463,19/01/2016,23:01:58,indian,male,fat,31.0,yes,baby,60.0,5.0,9.0,3.125821374,101.7704689,"Lorong 4/8A, Taman Seri Bayu, Kampung Tasik Tambahan, Ampang, Majlis Perbandaran Ampang Jaya, Hulu Langat, Selangor, 68000, Malaysia"
1464,25/01/2016,9:41:20,malay,female,fat,60.0,yes,toddler ,12.0,4.0,13.0,3.092754223,101.7305531,"Jalan Lingkaran Tengah 2, Taman Midah, Cheras, Kuala Lumpur, 56100, Malaysia"
1465,25/12/2015,17:56:58,malay,female,thin,50.0,yes,baby,42.0,2.0,15.0,3.097667094,101.7861499,"Ah Meng trail, Ampang, Majlis Perbandaran Kajang, Hulu Langat, Selangor, 43100, Malaysia"
1466,03/01/2016,11:49:19,foreigner,female,thin,58.0,no,toddler,30.0,3.0,15.0,3.10216257,101.7415812,"Jalan Durian, Taman Cheras, Cheras, Kuala Lumpur, 56100, Malaysia"
1467,19/12/2015,4:27:24,malay,female,moderate,42.0,no,toddler,16.0,0.0,20.0,3.139720249,101.7683442,"Regina Court, Jalan Wawasan Ampang 3/8A, Regal Regina Court, Ampang, Majlis Perbandaran Ampang Jaya, Hulu Langat, Selangor, 68000, Malaysia"
1468,17/02/2016,4:49:49,foreigner,female,moderate,30.0,no,toddler,57.0,4.0,8.0,3.116486666,101.7644996,"Jalan Bunga Dahlia 6, Taman Seraya, Ampang, Majlis Perbandaran Ampang Jaya, Hulu Langat, Selangor, 56100, Malaysia"
1469,08/12/2015,0:57:14,malay,male,moderate,58.0,no,toddler ,49.0,1.0,16.0,3.08901648,101.7812741,"Kampung Sungai Serai, Majlis Perbandaran Kajang, Hulu Langat, Selangor, 43100, Malaysia"
1470,23/01/2016,23:23:29,chinese,male,thin,44.0,yes,baby,30.0,5.0,8.0,3.0971318,101.7417402,"Jalan Desa Aman 7, Taman Sri Desa Aman, Cheras, Kuala Lumpur, 56100, Malaysia"
1471,16/01/2016,20:27:35,malay,female,moderate,36.0,no,toddler ,29.0,4.0,14.045362392295996,3.105454646,101.7318007,"Jalan Cheras, Taman Midah, Cheras, Kuala Lumpur, 56100, Malaysia"
1472,03/01/2016,1:30:48,chinese,male,fat,55.0,no,toddler,33.0,3.0,15.0,3.157821991,101.7117694,"Suria KLCC, Lorong Kuda, Bukit Bintang, Kuala Lumpur, 50088, Malaysia"
1473,20/02/2016,15:06:07,chinese,female,thin,39.40782991962665,no,toddler ,54.0,3.0,14.045362392295996,3.118382326,101.7593097,"Jalan Bunga Melur 2, Taman Muda, Pandan Indah, Ampang, Majlis Perbandaran Ampang Jaya, Hulu Langat, Selangor, 56100, Malaysia"
1474,30/12/2015,9:25:34,chinese,male,thin,36.0,no,toddler,55.0,0.0,19.0,3.180455056,101.7516669,"Jalan 26/56, Setiawangsa, Kuala Lumpur, 54200, Malaysia"
1475,13/12/2015,16:18:35,foreigner,female,thin,49.0,no,toddler,50.0,3.0,14.0,3.144519145,101.7088585,"The Federal Kuala Lumpur, 35, Jalan Bukit Bintang, Kampung Dollah, Bukit Bintang, Kuala Lumpur, 55100, Malaysia"
1476,16/01/2016,12:44:09,foreigner,male,thin,38.0,yes,toddler,36.0,3.0,17.0,3.102449639,101.7840236,"Ah Meng trail, Ampang, Majlis Perbandaran Kajang, Hulu Langat, Selangor, 43100, Malaysia"
1477,02/01/2016,16:28:15,chinese,male,moderate,19.0,no,young,40.0,2.0,14.045362392295996,3.086366357,101.7420581,"Petron, Jalan Cheras, Cheras, Kuala Lumpur, 56100, Malaysia"
1478,04/01/2016,4:10:06,malay,male,thin,21.0,yes,baby,22.0,5.0,7.0,3.170598038,101.7177476,"Jabatan Ukur dan Pemetaan Malaysia, Jalan Sultan Yahya Petra, Kampung Datuk Keramat, Kuala Lumpur, 10024, Malaysia"
1479,26/02/2016,15:49:09,malay,female,moderate,47.0,no,baby,32.0,1.0,14.045362392295996,3.137431539,101.7428236,"BHPetrol Pandan Jaya, Jalan Pandan 6/4, Taman Pandan Jaya, Pandan Indah, Ampang, Majlis Perbandaran Ampang Jaya, Hulu Langat, Selangor, 55100, Malaysia"
1480,26/12/2015,1:43:06,malay,female,fat,39.40782991962665,yes,baby,35.67082167387433,4.0,17.0,3.115173689,101.776987,"Trek C, Taman Saga, Ampang, Majlis Perbandaran Ampang Jaya, Hulu Langat, Selangor, 56100, Malaysia"
1481,16/01/2016,7:10:10,chinese,male,moderate,39.40782991962665,yes,young,46.0,3.0,18.0,3.189463805,101.7655238,"Bukit Antarabangsa, Ulu Kelang, Majlis Perbandaran Ampang Jaya, Gombak, Selangor, 54200, Malaysia"
1482,22/01/2016,14:35:43,malay,male,moderate,43.0,no,baby,35.67082167387433,0.0,15.0,3.087038197,101.7548581,"SP7 Taman Segar Perdana, Cheras, Majlis Perbandaran Kajang, Hulu Langat, Selangor, 56100, Malaysia"
1483,03/02/2016,6:00:06,indian,female,moderate,39.40782991962665,yes,young,37.0,3.0,15.0,3.112012668,101.7228161,"36, Jalan 3/89A, Taman Tenaga, Cheras, Kuala Lumpur, 55300, Malaysia"
1484,15/02/2016,20:54:21,chinese,male,moderate,39.0,yes,baby,35.67082167387433,3.0,19.0,3.106614019,101.7498523,"Jalan 9, Taman Cheras, Cheras, Kuala Lumpur, 56100, Malaysia"
1485,12/02/2016,19:47:45,chinese,female,moderate,21.0,no,baby,29.0,5.0,20.0,3.13599604,101.716295,"Lorong Yap Hing, Kampung Dollah, Pudu, Kuala Lumpur, 55720, Malaysia"
1486,19/12/2015,20:02:29,foreigner,male,fat,45.0,no,toddler,44.0,2.0,13.0,3.190300263,101.7203393,"Jalan Ayer Lombong, Setapak, Kuala Lumpur, 53200, Malaysia"
1487,05/12/2015,3:13:33,foreigner,male,moderate,22.0,no,young,60.0,0.0,15.0,3.173100949,101.7013367,"Hospital Kuala Lumpur, Jalan Tun Razak, Kuala Lumpur, 50572, Malaysia"
1488,08/12/2015,11:52:32,indian,female,fat,31.0,no,baby,27.0,2.0,19.0,3.106577827,101.7716825,"Lebuhraya Bertingkat Sungai Besi–Ulu Klang, Taman Dagang Jaya, Kampung Indah Permai, Ampang, Majlis Perbandaran Ampang Jaya, Hulu Langat, Selangor, 68000, Malaysia"
1489,04/12/2015,7:02:04,chinese,female,fat,55.0,yes,baby,47.0,0.0,13.0,3.146021343,101.7563801,"Klinik Dr Aishah, Jalan Dagang Besar, Taman Dagang, Ampang, Majlis Perbandaran Ampang Jaya, Hulu Langat, Selangor, 68000, Malaysia"
1490,18/01/2016,14:12:38,malay,male,fat,39.40782991962665,yes,baby,33.0,1.0,8.0,3.134004537,101.7377367,"Taman Pandan Jaya, Pandan Indah, Ampang, Majlis Perbandaran Ampang Jaya, Hulu Langat, Selangor, 51500, Malaysia"
1491,15/02/2016,18:05:59,malay,female,thin,19.0,yes,baby,45.0,0.0,19.0,3.100087536,101.7142957,"Bandar Sri Permaisuri, Cheras, Kuala Lumpur, 51020, Malaysia"
1492,07/01/2016,2:48:35,indian,female,thin,50.0,no,no_kids,58.0,3.0,17.0,3.188775495,101.7396854,"Jalan 3/27E, Seksyen 10, Setiawangsa, Kuala Lumpur, 54200, Malaysia"
1493,18/01/2016,8:58:56,indian,female,thin,34.0,yes,no_kids,57.0,1.0,11.0,3.138872214,101.7581714,"Touch Learning Center, Jalan Pandan Cahaya 2/1, Taman Nirwana, Pandan Indah, Ampang, Majlis Perbandaran Ampang Jaya, Hulu Langat, Selangor, 68000, Malaysia"
1494,21/02/2016,1:14:17,foreigner,male,fat,59.0,no,no_kids,11.0,1.0,18.0,3.087651773,101.7463342,"Pusat Rukun Tetangga Taman Segar, Persiaran Lemak, Taman Segar, Cheras, Kuala Lumpur, 56100, Malaysia"
1495,21/01/2016,22:14:45,foreigner,male,moderate,23.0,yes,toddler ,11.0,5.0,13.0,3.185013653,101.7361133,"Lebuhraya Duta-Ulu Kelang, Setiawangsa, Kuala Lumpur, 54200, Malaysia"
1496,19/01/2016,10:39:24,chinese,male,thin,48.0,no,baby,27.0,1.0,15.0,3.132183523,101.7393026,"Persiaran Pandan 3/1, Taman Pandan Jaya, Pandan Indah, Ampang, Majlis Perbandaran Ampang Jaya, Hulu Langat, Selangor, 51500, Malaysia"
1497,10/02/2016,23:47:14,indian,female,thin,33.0,yes,no_kids,11.0,2.0,11.0,3.181634909,101.7531818,"Ulu Kelang, Lebuhraya Duta-Ulu Kelang, Setiawangsa, Kuala Lumpur, 54200, Malaysia"
1498,29/02/2016,11:51:59,indian,female,moderate,27.0,yes,no_kids,60.0,3.0,7.0,3.169593184,101.7627614,"Jalan 11, Menara Mutiara Condominium, Ulu Kelang, Majlis Perbandaran Ampang Jaya, Gombak, Selangor, 68000, Malaysia"
1499,19/01/2016,12:49:22,malay,female,thin,20.0,yes,no_kids,56.0,0.0,18.0,3.091756845,101.785663,"Kampung Sungai Serai, Majlis Perbandaran Kajang, Hulu Langat, Selangor, 43100, Malaysia"
1500,30/12/2015,23:49:10,foreigner,female,fat,39.40782991962665,yes,toddler,21.0,5.0,18.0,3.16499528,101.7505355,"Lorong Awan 6, Kampung Baru Kuala Ampang, Ulu Kelang, Majlis Perbandaran Ampang Jaya, Gombak, Selangor, 54200, Malaysia"
1501,04/12/2015,13:57:42,indian,male,fat,52.0,no,toddler,24.0,0.0,14.0,3.091121722,101.7804707,"Kampung Sungai Serai, Majlis Perbandaran Kajang, Hulu Langat, Selangor, 43100, Malaysia"
1502,13/02/2016,1:35:02,malay,female,moderate,39.0,no,no_kids,49.0,5.0,13.0,3.138548318,101.7798605,"Jalan Dagang Permai Utama, Kampung Lembah Jaya Selatan, Kampung Muhibbah, Ampang, Majlis Perbandaran Ampang Jaya, Hulu Langat, Selangor, 68000, Malaysia"
1503,23/02/2016,4:22:08,chinese,female,thin,21.0,yes,toddler,54.0,1.0,17.0,3.132832065,101.7502857,"Public Bank, Jalan Pandan Indah 1/8, Taman Pandan Jaya, Pandan Indah, Ampang, Majlis Perbandaran Ampang Jaya, Hulu Langat, Selangor, 51500, Malaysia"
1504,04/02/2016,16:07:22,indian,female,fat,47.0,yes,no_kids,13.0,1.0,10.0,3.185950425,101.7399688,"Setiawangsa–Pantai Expressway, Cheras, Ulu Kelang, Kuala Lumpur, Gombak, Selangor, 50600, Malaysia"
1505,21/12/2015,2:41:10,indian,male,thin,36.0,no,baby,13.0,4.0,12.0,3.10613654,101.7368007,"Lorong Bukit A1, Taman Midah, Cheras, Kuala Lumpur, 56100, Malaysia"
1506,19/02/2016,3:54:57,malay,female,moderate,27.0,no,toddler,23.0,3.0,17.0,3.128721683,101.7638875,"Hospital Ampang, Jalan Mewah 4, Pandan Mewah, Kampung Tasik Tambahan, Ampang, Majlis Perbandaran Ampang Jaya, Hulu Langat, Selangor, 68000, Malaysia"
1507,12/01/2016,9:36:45,chinese,male,moderate,56.0,no,toddler ,53.0,3.0,16.0,3.180029166,101.7001534,"McDonald's, Lorong Setapak, Sentul, Kuala Lumpur, 50586, Malaysia"
1508,29/12/2015,13:36:11,malay,female,fat,48.0,yes,young,59.0,1.0,19.0,3.14137106,101.7228234,"Spark Club KL, 436, Jalan Tun Razak, Kampung Dollah, Pudu, Kuala Lumpur, 50400, Malaysia"
1509,27/12/2015,14:31:45,malay,male,thin,21.0,no,no_kids,33.0,3.0,14.0,3.104449184,101.758116,"Taman Bukit Permai, Ampang, Majlis Perbandaran Ampang Jaya, Hulu Langat, Selangor, 56100, Malaysia"
1510,26/02/2016,20:33:46,foreigner,female,moderate,53.0,yes,toddler,11.0,0.0,11.0,3.179449383,101.7473716,"Kelumpuk Bambu, Setiawangsa, Kuala Lumpur, 54200, Malaysia"
1511,22/01/2016,21:14:06,indian,male,moderate,49.0,no,toddler ,14.0,0.0,20.0,3.107730473,101.7656964,"Pangsapuri Anggerik, Jalan Teratai 1/2, Taman Bukit Teratai, Ampang, Majlis Perbandaran Ampang Jaya, Hulu Langat, Selangor, 56100, Malaysia"
1512,18/01/2016,17:00:15,foreigner,female,moderate,18.0,no,baby,45.0,4.0,8.0,3.144334526,101.7704223,"Jalan Wawasan 1/4, Taman Kosas, Ampang, Majlis Perbandaran Ampang Jaya, Hulu Langat, Selangor, 68000, Malaysia"
1513,05/02/2016,20:35:14,malay,female,fat,58.0,no,toddler ,26.0,2.0,17.0,3.193885574,101.7362946,"Jalan Seri Wangsa 1, Taman Sri Rampai, Wangsa Maju, Kuala Lumpur, 53300, Malaysia"
1514,10/12/2015,2:40:19,chinese,male,fat,60.0,yes,young,36.0,1.0,21.0,3.121723081,101.7241354,"Plaza Tol Loke Yew, Lebuhraya Sungai Besi, Pudu Ulu, Cheras, Kuala Lumpur, 51500, Malaysia"
1515,03/12/2015,4:43:04,malay,female,moderate,30.0,yes,young,52.0,2.0,7.0,3.163294179,101.7852359,"Jalan Lembah TTDI 8, The Valley TTDI, Ulu Kelang, Majlis Perbandaran Ampang Jaya, Gombak, Selangor, 68000, Malaysia"
1516,28/02/2016,2:26:27,indian,female,thin,24.0,no,toddler,43.0,2.0,7.0,3.118014701,101.740097,"Pandan Perdana, Ampang, Majlis Perbandaran Ampang Jaya, Hulu Langat, Selangor, 55300, Malaysia"
1517,29/02/2016,16:20:31,foreigner,male,fat,32.0,yes,baby,21.0,4.0,20.0,3.150480854,101.7836456,"Jalan Bukit Indah 3/4, Ulu Kelang, Majlis Perbandaran Ampang Jaya, Gombak, Selangor, 68000, Malaysia"
1518,07/02/2016,16:00:44,foreigner,male,moderate,58.0,no,no_kids,36.0,0.0,10.0,3.113692713,101.7843284,"Ampang Lookout Point trail, Batu 14 Hulu Langat, Majlis Perbandaran Kajang, Hulu Langat, Selangor, 43100, Malaysia"
1519,11/12/2015,3:54:29,foreigner,female,moderate,44.0,yes,toddler ,56.0,1.0,21.0,3.14463553,101.7636681,"Taman Kanak-Kanak Gereja Methodist Ampang, Jalan Lim Swee Hong, Ampang, Majlis Perbandaran Ampang Jaya, Hulu Langat, Selangor, 68000, Malaysia"
1520,13/12/2015,19:14:42,chinese,male,fat,53.0,no,no_kids,12.0,1.0,21.0,3.173391734,101.7137302,"Pusat Latihan Polis, Jalan Sultan Yahya Petra, Kampung Datuk Keramat, Kuala Lumpur, 10024, Malaysia"
1521,07/01/2016,13:42:12,malay,female,thin,39.0,yes,no_kids,60.0,0.0,18.0,3.195005558,101.7856117,"Lebuhraya Lembah Klang Timur, Ukay Perdana, Ulu Kelang, Majlis Perbandaran Ampang Jaya, Gombak, Selangor, 68000, Malaysia"
1522,09/01/2016,1:34:31,chinese,male,fat,35.0,no,toddler,49.0,5.0,9.0,3.182871814,101.7738517,"Bukit Antarabangsa, Ulu Kelang, Majlis Perbandaran Ampang Jaya, Gombak, Selangor, 54200, Malaysia"
1523,02/01/2016,10:22:16,foreigner,male,moderate,56.0,no,baby,11.0,1.0,11.0,3.122534682,101.7746233,"Pasar Pagi Tasik Tambahan, Jalan Taman Putra, Taman Seri Bayu, Kampung Tasik Tambahan, Ampang, Majlis Perbandaran Ampang Jaya, Hulu Langat, Selangor, 68000, Malaysia"
1524,03/01/2016,21:35:18,foreigner,male,thin,51.0,no,toddler,36.0,0.0,7.0,3.185348069,101.7227578,"Jalan Sultan Yahya Petra, Taman Setapak Jaya, Semarak, Kuala Lumpur, Malaysia"
1525,27/12/2015,15:18:30,foreigner,male,moderate,37.0,yes,no_kids,53.0,3.0,17.0,3.105144694,101.7662007,"Lebuhraya Bertingkat Sungai Besi–Ulu Klang, Taman Dagang Jaya, Kampung Indah Permai, Ampang, Majlis Perbandaran Ampang Jaya, Hulu Langat, Selangor, 68000, Malaysia"
1526,28/02/2016,10:51:22,foreigner,female,moderate,31.0,no,no_kids,43.0,0.0,9.0,3.150637799,101.7087038,"Holiday Inn Express, Jalan Raja Chulan, Bukit Bintang, Kuala Lumpur, 50540, Malaysia"
1527,20/01/2016,10:28:33,indian,male,thin,29.0,yes,toddler ,34.0,2.0,17.0,3.130719747,101.7285573,"Kompleks Kediaman Kakitangan Awam, Cheras, Kuala Lumpur, 55100, Malaysia"
1528,27/02/2016,1:47:50,malay,male,moderate,30.0,no,no_kids,42.0,3.0,17.0,3.15990849,101.736388,"Great Eastern Mall, 303, Jalan Ampang, Ampang Hilir, Kuala Lumpur, 50450, Malaysia"
1529,21/02/2016,17:48:09,chinese,female,thin,42.0,no,toddler,18.0,1.0,15.0,3.158565808,101.7699572,"Jalan 4M, Setiahills, Ulu Kelang, Majlis Perbandaran Ampang Jaya, Gombak, Selangor, 68000, Malaysia"
1530,21/12/2015,1:16:15,malay,female,moderate,49.0,no,toddler,33.0,3.0,12.0,3.165091879,101.7538492,"Lebuhraya Bertingkat Sungai Besi–Ulu Klang, Taman Dagang Jaya, Kampung Indah Permai, Ampang, Majlis Perbandaran Ampang Jaya, Hulu Langat, Selangor, 68000, Malaysia"
1531,29/12/2015,21:03:31,malay,male,moderate,23.0,no,baby,14.0,5.0,16.0,3.187375278,101.7210974,"PPR Sungai Bonus, Semarak, Kuala Lumpur, 54100, Malaysia"
1532,11/02/2016,2:47:49,chinese,female,thin,20.0,no,baby,28.0,0.0,9.0,3.142794971,101.7661239,"Taman Kosas, Ampang, Majlis Perbandaran Ampang Jaya, Hulu Langat, Selangor, 68000, Malaysia"
1533,19/12/2015,16:04:44,foreigner,male,moderate,46.0,yes,toddler ,22.0,0.0,12.0,3.11110997,101.7179009,"37, Jalan Jelawat 1, Taman Ikan Emas, Cheras, Kuala Lumpur, 55200, Malaysia"
1534,26/12/2015,17:59:56,foreigner,female,moderate,39.40782991962665,no,toddler,58.0,3.0,16.0,3.162543921,101.7682965,"Jalan 2/3, Taman Tun Abdul Razak, Ulu Kelang, Majlis Perbandaran Ampang Jaya, Gombak, Selangor, 68000, Malaysia"
1535,25/12/2015,1:39:37,malay,male,fat,34.0,yes,baby,31.0,2.0,17.0,3.185128675,101.73886,"C8, Setiawangsa–Pantai Expressway, Setiawangsa, Kuala Lumpur, 54100, Malaysia"
1536,09/01/2016,15:04:23,malay,female,thin,48.0,yes,baby,41.0,4.0,14.0,3.166122655,101.7142919,"Kampong Bharu, Kuala Lumpur, 50400, Malaysia"
1537,29/12/2015,18:52:55,indian,female,fat,34.0,no,no_kids,46.0,0.0,11.0,3.121248922,101.7551411,"Jalan Pandan Muhibbah, Taman Muda, Pandan Indah, Ampang, Majlis Perbandaran Ampang Jaya, Hulu Langat, Selangor, 55300, Malaysia"
1538,25/12/2015,16:06:12,foreigner,female,moderate,34.0,yes,toddler ,54.0,1.0,12.0,3.102599736,101.7838013,"Waterfall trail, Majlis Perbandaran Kajang, Hulu Langat, Selangor, 56100, Malaysia"
1539,19/12/2015,23:53:03,chinese,male,moderate,52.0,no,young,30.0,2.0,11.0,3.100361723,101.7679533,"Taman Segar Perdana, Cheras, Majlis Perbandaran Kajang, Hulu Langat, Selangor, 56100, Malaysia"
1540,06/02/2016,19:36:27,malay,female,thin,47.0,yes,no_kids,40.0,1.0,18.0,3.121679693,101.7640684,"Jalan 10, Pandan Mewah, Kampung Tasik Tambahan, Ampang, Majlis Perbandaran Ampang Jaya, Hulu Langat, Selangor, 56100, Malaysia"
1541,14/01/2016,23:16:50,foreigner,male,thin,36.0,yes,no_kids,17.0,5.0,15.0,3.131306696,101.7653725,"Kampung Ampang Campuran, Kampung Tasik Tambahan, Ampang, Majlis Perbandaran Ampang Jaya, Hulu Langat, Selangor, 68000, Malaysia"
1542,22/02/2016,15:47:20,foreigner,male,moderate,24.0,yes,toddler,26.0,3.0,21.0,3.186690289,101.7519544,"Rumah Pam Air Keramat Wangsa 3, Jalan 13/56, Setiawangsa, Kuala Lumpur, 54200, Malaysia"
1543,15/01/2016,2:37:39,foreigner,female,moderate,23.0,yes,no_kids,30.0,1.0,14.0,3.10439279,101.7833927,"Waterfall trail, Majlis Perbandaran Kajang, Hulu Langat, Selangor, 56100, Malaysia"
1544,24/01/2016,12:56:02,foreigner,female,moderate,43.0,no,baby,22.0,4.0,19.0,3.145580919,101.7203574,"Fukuya, Jalan Delima, Kampung Dollah, Pudu, Kuala Lumpur, 55100, Malaysia"
1545,01/12/2015,22:13:38,chinese,male,thin,32.0,yes,young,32.0,3.0,9.0,3.131716791,101.763022,"Petron, Jalan Pandan Utama, Pandan Mewah, Pandan Indah, Ampang, Majlis Perbandaran Ampang Jaya, Hulu Langat, Selangor, 68000, Malaysia"
1546,11/12/2015,11:10:55,malay,female,moderate,46.0,no,toddler ,30.0,3.0,15.0,3.190597473,101.7794526,"Jalan Mulia 2/1, Bukit Antarabangsa, Ulu Kelang, Majlis Perbandaran Ampang Jaya, Gombak, Selangor, 54200, Malaysia"
1547,06/02/2016,12:03:09,indian,male,thin,27.0,yes,toddler ,55.0,4.0,19.0,3.10175104,101.7763704,"Waterfall trail, Majlis Perbandaran Kajang, Hulu Langat, Selangor, 56100, Malaysia"
1548,07/12/2015,7:35:43,malay,male,thin,18.0,yes,baby,25.0,0.0,12.0,3.152027124,101.7354379,"Jalan U Thant, Taman U-Thant, Kuala Lumpur, 50600, Malaysia"
1549,01/03/2016,11:46:37,foreigner,male,thin,59.0,no,no_kids,47.0,3.0,7.0,3.137968333,101.7695341,"Bandar Baru Ampang Mosque, Jalan Wawasan, Taman Sri Watan, Ampang, Majlis Perbandaran Ampang Jaya, Hulu Langat, Selangor, 68000, Malaysia"
1550,27/01/2016,4:31:55,malay,male,fat,39.40782991962665,no,baby,13.0,1.0,13.0,3.180480819,101.7574243,"Flat AU3 (Selatan), Jalan AU 3/1, Taman Sri Ukay, Bukit Antarabangsa, Ulu Kelang, Majlis Perbandaran Ampang Jaya, Gombak, Selangor, 54200, Malaysia"
1551,09/02/2016,13:47:29,indian,female,fat,27.0,no,toddler ,36.0,1.0,7.0,3.092606355,101.7707611,"Midway Station, Bukit Hartamas trail, Taman Segar Perdana, Cheras, Majlis Perbandaran Kajang, Hulu Langat, Selangor, 56100, Malaysia"
1552,20/12/2015,0:10:13,foreigner,male,thin,42.0,no,no_kids,55.0,4.0,16.0,3.088950059,101.7334971,"Jalan 25/119, Taman Taynton View, Cheras, Kuala Lumpur, 56100, Malaysia"
1553,04/01/2016,10:05:03,chinese,female,fat,47.0,yes,young,24.0,5.0,19.0,3.135710929,101.7439792,"Jalan Pandan 4/4, Taman Pandan Jaya, Pandan Indah, Ampang, Majlis Perbandaran Ampang Jaya, Hulu Langat, Selangor, 51500, Malaysia"
1554,20/01/2016,3:19:39,foreigner,female,moderate,18.0,yes,toddler ,24.0,5.0,8.0,3.114677076,101.7362694,"Jalan 6/19, Pudu Ulu, Cheras, Kuala Lumpur, 55300, Malaysia"
1555,21/12/2015,15:00:49,malay,male,fat,47.0,no,young,45.0,3.0,14.0,3.174057518,101.7231776,"Universiti Teknologi Malaysia Kuala Lumpur, Jalan Laksamana, Kementah, Semarak, Kuala Lumpur, 54100, Malaysia"
1556,13/01/2016,3:05:21,indian,male,moderate,42.0,no,young,13.0,5.0,7.0,3.17695782,101.7002635,"Jalan Pahang, Sentul, Kuala Lumpur, 50586, Malaysia"
1557,01/12/2015,22:05:23,foreigner,male,moderate,41.0,no,young,20.0,1.0,20.0,3.102031497,101.7811102,"Waterfall trail, Majlis Perbandaran Kajang, Hulu Langat, Selangor, 56100, Malaysia"
1558,05/02/2016,0:18:05,chinese,female,fat,55.0,no,no_kids,55.0,5.0,16.0,3.13864254,101.7036491,"Victoria Institution, Jalan Kenanga, Pudu, Kuala Lumpur, 50150, Malaysia"
1559,13/12/2015,7:32:28,malay,male,moderate,24.0,yes,no_kids,57.0,2.0,10.0,3.154293075,101.7395415,"International School Of Kuala Lumpur City, Jalan Ampang Hilir, Ampang Hilir, Kuala Lumpur, 50538, Malaysia"
1560,16/12/2015,12:04:24,foreigner,female,fat,45.0,yes,no_kids,21.0,1.0,14.0,3.095973127,101.7299712,"Sekolah Kebangsaan Taman Midah, Jalan Midah Timur, Taman Midah, Cheras, Kuala Lumpur, 56100, Malaysia"
1561,03/01/2016,9:13:19,malay,female,moderate,24.0,no,young,12.0,2.0,11.0,3.154738177,101.7547503,"Jalan Mamanda 9, Taman Putra Sulaiman, Ampang, Majlis Perbandaran Ampang Jaya, Hulu Langat, Selangor, 68000, Malaysia"
1562,24/12/2015,14:57:35,foreigner,female,moderate,46.0,no,young,20.0,4.0,13.0,3.185188826,101.7427745,"Jalan Bukit Setiawangsa, Setiawangsa, Kuala Lumpur, 54200, Malaysia"
1563,13/12/2015,22:05:52,chinese,male,moderate,59.0,no,toddler ,56.0,3.0,13.0,3.097777983,101.7092078,"A, Jalan 6/106, Bandar Sri Permaisuri, Cheras, Kuala Lumpur, 51020, Malaysia"
1564,06/12/2015,12:22:23,indian,female,fat,22.0,yes,young,30.0,0.0,21.0,3.132652851,101.7155649,"Pudu, Kuala Lumpur, Malaysia"
1565,08/01/2016,23:56:57,foreigner,male,moderate,19.0,yes,toddler,30.0,2.0,19.0,3.188994172,101.7179349,"Jalan Ayer Pusing, Semarak, Kuala Lumpur, 53200, Malaysia"
1566,02/12/2015,10:27:10,indian,female,moderate,45.0,no,young,18.0,1.0,15.0,3.128134202,101.744535,"Lorong Bunga Melati 2C/1, Taman Maju Jaya, Pandan Indah, Ampang, Majlis Perbandaran Ampang Jaya, Hulu Langat, Selangor, 51500, Malaysia"
1567,11/12/2015,22:13:35,malay,male,thin,49.0,yes,toddler ,53.0,0.0,7.0,3.122997104,101.7580177,"Jalan Bunga Kemboja 1, Taman Muda, Pandan Indah, Ampang, Majlis Perbandaran Ampang Jaya, Hulu Langat, Selangor, 55300, Malaysia"
1568,07/12/2015,17:52:44,foreigner,female,moderate,40.0,no,toddler,49.0,1.0,17.0,3.153713325,101.7823562,"Lengkungan Bukit Indah 3/14, The Valley TTDI, Ulu Kelang, Majlis Perbandaran Ampang Jaya, Gombak, Selangor, 68000, Malaysia"
1569,07/12/2015,19:54:23,indian,female,moderate,57.0,yes,toddler,15.0,2.0,20.0,3.179048565,101.7525583,"Jalan Taman Setiawangsa, Setiawangsa, Kuala Lumpur, 54200, Malaysia"
1570,08/01/2016,6:14:12,indian,male,thin,49.0,yes,young,45.0,3.0,14.0,3.135995264,101.7536047,"Block R3, Jalan Pandan Indah 6/1, Taman Cempaka, Pandan Indah, Ampang, Kuala Lumpur, Hulu Langat, Selangor, 55100, Malaysia"
1571,14/02/2016,19:14:24,indian,female,moderate,29.0,no,no_kids,21.0,4.0,16.0,3.15570373,101.7230281,"Samsung Electronics Malaysia, Jalan Tun Razak, Kuala Lumpur, 50450, Malaysia"
1572,24/02/2016,11:38:18,foreigner,male,thin,24.0,no,no_kids,19.0,3.0,21.0,3.105967363,101.7451219,"BHPetrol Jalan Kuari, Jalan 20, Taman Cheras, Kampung Cheras Baru, Kuala Lumpur, 56100, Malaysia"
1573,20/01/2016,13:50:29,indian,male,moderate,26.0,no,young,27.0,2.0,7.0,3.120411194,101.7332723,"Kompleks Seri Bintang, Jalan 2/91A, Pudu Ulu, Cheras, Kuala Lumpur, 51500, Malaysia"
1574,21/01/2016,23:23:34,malay,female,thin,47.0,no,toddler ,25.0,4.0,11.0,3.086258934,101.7595308,"Jalan Awana 4, Taman Cheras Awana, Cheras, Majlis Perbandaran Kajang, Hulu Langat, Selangor, 56100, Malaysia"
1575,03/12/2015,19:04:47,foreigner,female,thin,40.0,no,no_kids,39.0,2.0,18.0,3.09255653,101.7642957,"C, Jalan SP 1/1, Taman Segar Perdana, Cheras, Majlis Perbandaran Kajang, Hulu Langat, Selangor, 56100, Malaysia"
1576,15/02/2016,15:36:55,malay,male,moderate,49.0,yes,toddler ,36.0,0.0,16.0,3.109313561,101.713744,"59, Jalan Jelawat 1, Taman Ikan Emas, Cheras, Kuala Lumpur, 55200, Malaysia"
1577,30/12/2015,0:58:30,foreigner,male,moderate,23.0,no,toddler ,14.0,2.0,13.0,3.153188151,101.786263,"Kampung Lembah Jaya Selatan, Kampung Muhibbah, Ampang, Majlis Perbandaran Ampang Jaya, Hulu Langat, Selangor, 68000, Malaysia"
1578,10/12/2015,6:14:43,indian,female,moderate,47.0,yes,baby,43.0,1.0,20.0,3.133241385,101.7761515,"Jalan Ikan Emas 7, Taman Dagang Jaya, Kampung Indah Permai, Ampang, Majlis Perbandaran Ampang Jaya, Hulu Langat, Selangor, 68000, Malaysia"
1579,11/02/2016,22:00:03,indian,female,thin,39.40782991962665,no,no_kids,35.0,1.0,16.0,3.09298404,101.7442061,"Jalan Bayu Segar Utama, Bayu Segar, Cheras, Kuala Lumpur, 56100, Malaysia"
1580,06/12/2015,11:57:54,malay,female,fat,54.0,yes,young,59.0,2.0,21.0,3.162263731,101.7324006,"IPPF/ESEAO Regional Office - Main Building, 246, Lorong Enau, Taman U-Thant, Kuala Lumpur, 50450, Malaysia"
1581,23/01/2016,16:25:04,indian,female,fat,42.0,no,toddler,48.0,3.0,21.0,3.100541877,101.7005143,"Bandar Sri Permaisuri, Salak Selatan, Kuala Lumpur, 58100, Malaysia"
1582,04/02/2016,10:44:49,foreigner,male,fat,54.0,yes,young,32.0,5.0,21.0,3.129293389,101.7649394,"Taman Komersial Pandan Indah, Kampung Tasik Tambahan, Ampang, Majlis Perbandaran Ampang Jaya, Hulu Langat, Selangor, 68000, Malaysia"
1583,13/01/2016,9:00:44,malay,female,fat,41.0,no,toddler,20.0,3.0,21.0,3.196772083,101.7401673,"Jalan Wangsa Delima 9, Wangsa Link, Wangsa Maju, Kuala Lumpur, 53300, Malaysia"
1584,18/02/2016,17:13:29,chinese,female,moderate,23.0,yes,young,17.0,4.0,7.0,3.119031472,101.7298564,"Jalan 1/92B, Pudu Ulu, Cheras, Kuala Lumpur, 51500, Malaysia"
1585,01/02/2016,5:36:47,chinese,female,thin,59.0,no,toddler,41.0,1.0,8.0,3.096346769,101.7390194,"Jalan Desa Aman 1, Taman Cheras, Cheras, Kuala Lumpur, 56100, Malaysia"
1586,15/02/2016,12:16:37,indian,female,thin,39.0,no,toddler ,31.0,3.0,11.0,3.156157748,101.7543844,"Sports Planet Ampang, Lebuhraya Bertingkat Sungai Besi–Ulu Klang, Taman Sri Ampang, Kampung Indah Permai, Ampang, Majlis Perbandaran Ampang Jaya, Hulu Langat, Selangor, 68000, Malaysia"
1587,17/01/2016,17:00:42,malay,male,moderate,39.40782991962665,no,toddler,49.0,4.0,15.0,3.087500018,101.7552839,"SP7 Taman Segar Perdana, Cheras, Majlis Perbandaran Kajang, Hulu Langat, Selangor, 56100, Malaysia"
1588,15/02/2016,10:27:36,malay,male,fat,56.0,yes,baby,14.0,3.0,13.0,3.160466774,101.7436176,"Bangunan Risda (KL2290), Jalan Ampang, Ampang Hilir, Kuala Lumpur, 50538, Malaysia"
1589,22/12/2015,15:48:09,malay,female,fat,27.0,yes,toddler,51.0,5.0,18.0,3.191667962,101.7220065,"Sky Awani 3 Residences, Jalan Santuari 2, Taman Setapak Jaya, Semarak, Kuala Lumpur, 53300, Malaysia"
1590,19/12/2015,22:59:37,malay,male,moderate,33.0,no,young,22.0,0.0,14.0,3.181278842,101.7145817,"Lorong Ayer Bersih 5, Semarak, Kuala Lumpur, 53200, Malaysia"
1591,28/02/2016,23:32:20,malay,female,moderate,38.0,no,toddler,39.0,3.0,15.0,3.115347805,101.717299,"15, Lebuhraya Sungai Besi, Bandar Sri Permaisuri, Cheras, Kuala Lumpur, 55200, Malaysia"
1592,14/12/2015,5:02:43,indian,female,thin,59.0,no,toddler ,15.0,2.0,13.0,3.185011858,101.769438,"Jalan Bukit Jaya 6A, Bukit Antarabangsa, Ulu Kelang, Majlis Perbandaran Ampang Jaya, Gombak, Selangor, 54200, Malaysia"
1593,24/02/2016,10:08:32,foreigner,female,fat,45.0,no,baby,55.0,5.0,8.0,3.136416811,101.7326339,"Jalan Pria 2, Maluri, Kampung Pandan, Kuala Lumpur, 50988, Malaysia"
1594,07/12/2015,17:39:34,chinese,male,moderate,35.0,no,no_kids,17.0,5.0,12.0,3.087514799,101.7613255,"Taman Cheras Awana, Cheras, Majlis Perbandaran Kajang, Hulu Langat, Selangor, 56100, Malaysia"
1595,18/01/2016,2:02:57,malay,male,thin,49.0,no,toddler,32.0,0.0,8.0,3.193909635,101.7681087,"Jalan Andaman 3, Taman Ukay Bistari, Bukit Antarabangsa, Ulu Kelang, Majlis Perbandaran Ampang Jaya, Gombak, Selangor, 54200, Malaysia"
1596,10/01/2016,21:34:32,chinese,female,fat,46.0,no,toddler,53.0,1.0,18.0,3.112120484,101.7225785,"36, Jalan 3/89A, Taman Tenaga, Cheras, Kuala Lumpur, 55300, Malaysia"
1597,27/12/2015,5:13:57,foreigner,male,moderate,29.0,yes,no_kids,59.0,0.0,8.0,3.133323332,101.7352654,"Jalan Jejaka, Maluri, Cheras, Kuala Lumpur, 50988, Malaysia"
1598,31/12/2015,20:55:09,chinese,female,fat,57.0,no,toddler,19.0,4.0,20.0,3.112037903,101.769269,"Jalan Teratai 2/7G, Taman Bukit Teratai, Ampang, Majlis Perbandaran Ampang Jaya, Hulu Langat, Selangor, 56100, Malaysia"
1599,06/12/2015,16:13:07,malay,female,thin,45.0,no,young,18.0,5.0,14.0,3.17392199,101.7617269,"Jalan Hill View 2334, Taman Sri Ukay, Bukit Antarabangsa, Ulu Kelang, Majlis Perbandaran Ampang Jaya, Gombak, Selangor, 54200, Malaysia"
1600,16/12/2015,3:28:15,indian,male,moderate,53.0,yes,no_kids,22.0,3.0,15.0,3.049713911,101.6508144,"Bandar Kinrara 9, Bandar Kinrara, Subang Jaya, Petaling, Selangor, 47180, Malaysia"
1601,02/02/2016,22:05:28,malay,male,fat,24.0,no,toddler,48.0,1.0,19.0,3.094409521,101.5592956,"Lebuhraya Baru Lembah Klang, Section U1, Glenmarie, Shah Alam, Petaling, Selangor, 40250, Malaysia"
1602,07/01/2016,20:30:35,foreigner,female,thin,39.40782991962665,yes,no_kids,41.0,3.0,9.0,3.134705877,101.6322977,"Jalan Damansara, Kuala Lumpur, 60000, Malaysia"
1603,29/01/2016,0:42:50,malay,female,thin,24.0,yes,toddler ,32.0,5.0,21.0,3.139213365,101.5965905,"Lebuhraya Baru Lembah Klang, Petaling Jaya, Petaling, Selangor, 47410, Malaysia"
1604,19/02/2016,21:55:32,foreigner,male,thin,25.0,yes,toddler,47.0,5.0,16.0,3.164773774,101.5930466,"Kota Damansara, Petaling Jaya, Petaling, Selangor, 47810, Malaysia"
1605,02/01/2016,5:54:30,chinese,female,fat,53.0,no,no_kids,29.0,2.0,15.0,3.121380306,101.6512653,"Fakulti Seni & Sains Sosial, Lengkok Bahasa, Kuala Lumpur, 50603, Malaysia"
1606,01/02/2016,10:11:18,chinese,female,thin,39.40782991962665,yes,toddler ,36.0,5.0,11.0,3.146864396,101.5660779,"Damansara–Shah Alam Elevated Expressway, Puncak Perdana, Seksyen U10, Subang, Shah Alam, Petaling, Selangor, 47820, Malaysia"
1607,11/12/2015,9:52:08,malay,male,moderate,49.0,yes,toddler ,49.0,3.0,21.0,3.153481884,101.6491987,"The Bread Shop, Jalan Setiakasih 5, Bukit Damansara, Kuala Lumpur, 50490, Malaysia"
1608,13/12/2015,0:34:23,indian,male,moderate,40.0,yes,toddler ,23.0,5.0,14.0,3.159965839,101.6054327,"Jalan PJU 7/17, Mutiara Homes, Mutiara Damansara, Petaling Jaya, Petaling, Selangor, 46800, Malaysia"
1609,03/02/2016,6:13:01,malay,female,fat,28.0,yes,young,40.0,3.0,9.0,3.159933521,101.5641169,"Jalan Sungai Buloh - Subang, Petaling Jaya, Petaling, Selangor, 47810, Malaysia"
1610,30/12/2015,20:52:34,chinese,female,thin,44.0,no,toddler ,13.0,4.0,15.0,3.083211145,101.6456119,"Chapati King, Jalan Pasar 1/21, Seksyen 2, PJ Old Town, Petaling Jaya, Petaling, Selangor, 46000, Malaysia"
1611,29/02/2016,7:08:54,indian,female,thin,27.0,yes,young,50.0,3.0,12.0,3.054609126,101.5973256,"Jalan Subang 2, USJ 1, UEP Subang Jaya, Puchong, Subang Jaya, Petaling, Selangor, 47200, Malaysia"
1612,23/12/2015,7:47:08,malay,male,fat,39.40782991962665,no,no_kids,54.0,2.0,21.0,3.164680227,101.602249,"Damansara–Shah Alam Elevated Expressway, Puncak Perdana, Seksyen U10, Subang, Shah Alam, Petaling, Selangor, 47820, Malaysia"
1613,20/12/2015,6:56:21,foreigner,female,moderate,52.0,yes,baby,54.0,1.0,9.0,3.060418922,101.6036145,"PJS 11, Bandar Sunway, Subang Jaya, Petaling, Selangor, 41100, Malaysia"
1614,06/12/2015,11:25:49,chinese,female,thin,45.0,no,toddler ,39.0,1.0,11.0,3.147445014,101.5889147,"Petaling Jaya, Petaling, Selangor, 47810, Malaysia"
1615,06/01/2016,13:37:11,chinese,female,fat,33.0,no,toddler,32.0,5.0,14.0,3.170870069,101.6532264,"Mont Kiara International School, Jalan Kiara, Mont Kiara, Kuala Lumpur, 50480, Malaysia"
1616,22/02/2016,17:04:28,malay,male,moderate,55.0,yes,young,38.0,4.0,19.0,3.071592211,101.5659459,"Tower B, Paloma Serviced Residences & Courtyard Villas at Tropicana Metropark, Jalan MP 1, Tropicana Metropark, Batu Tiga, Subang Jaya, Petaling, Selangor, 40150, Malaysia"
1617,06/12/2015,6:27:13,chinese,female,fat,27.0,yes,toddler,19.0,2.0,11.0,3.089275897,101.6046373,"Jalan SS 7/1, SS7, Petaling Jaya, Petaling Jaya, Petaling, Selangor, 43701, Malaysia"
1618,15/02/2016,23:59:23,indian,female,moderate,30.0,yes,baby,60.0,2.0,12.0,3.070147386,101.5812081,"SMK Subang Utama, Jalan SS 18/1B, SS 18, Pusat Bandar Subang Jaya, Subang Jaya, Petaling, Selangor, 47500, Malaysia"
1619,27/12/2015,6:26:57,indian,male,fat,52.0,yes,toddler,35.67082167387433,1.0,12.0,3.174467224,101.6299577,"Kampung Palimbayan Indah, Kuala Lumpur, 52200, Malaysia"
1620,22/02/2016,18:59:39,foreigner,female,moderate,25.0,yes,young,15.0,5.0,14.0,3.129401353,101.6292445,"Jalan 19/26, Seksyen 19, Damansara Utama, Petaling Jaya, Petaling, Selangor, 47308, Malaysia"
1621,13/12/2015,20:29:18,malay,male,fat,51.0,no,no_kids,60.0,2.0,9.0,3.0494136,101.5713156,"Jalan USJ 3B/4, USJ 3, UEP Subang Jaya, Subang Jaya, Petaling, Selangor, 47620, Malaysia"
1622,08/12/2015,7:59:55,indian,female,moderate,37.0,yes,no_kids,35.67082167387433,4.0,8.0,3.142007092,101.6299668,"Perumahan Abang HJ Openg, Jalan Datuk Sulaiman, Taman Tun Dr Ismail, TTDI, Kuala Lumpur, 60000, Malaysia"
1623,22/01/2016,6:10:06,indian,female,moderate,21.0,yes,baby,23.0,3.0,20.0,3.163672759,101.6166372,"BMW Ingress, Jalan Damansara, Kampung Sungai Penchala, Kuala Lumpur, 47820, Malaysia"
1624,19/02/2016,9:48:50,chinese,male,thin,35.0,no,toddler,40.0,2.0,17.0,3.123932489,101.5972828,"Jalan BM 1/4, Taman Bukit Mayang Mas, Petaling Jaya, Petaling, Selangor, 47410, Malaysia"
1625,30/12/2015,0:27:20,foreigner,female,fat,53.0,no,toddler,37.0,5.0,14.0,3.158778937,101.644083,"Jalan Lanai Kiara, Bukit Kiara, Kuala Lumpur, 50490, Malaysia"
1626,01/12/2015,3:07:43,foreigner,male,thin,27.0,yes,toddler ,35.67082167387433,4.0,15.0,3.109733923,101.5950122,"Mayang Court Apartments, Jalan PJU 1A/4F, SS 6, Kelana Jaya, Petaling Jaya, Petaling, Selangor, 47301, Malaysia"
1627,26/02/2016,9:52:50,foreigner,male,fat,51.0,yes,toddler,12.0,2.0,21.0,3.0558209,101.6379087,"Jalan 23, Taman Bukit Kuchai, Puchong, Subang Jaya, Petaling, Selangor, 47170, Malaysia"
1628,18/02/2016,20:00:47,malay,male,moderate,42.0,no,toddler,56.0,5.0,12.0,3.139495038,101.6015638,"Bukit Utama Golf Course, Changkat Bukit Utama, Bandar Utama, Petaling Jaya, Petaling, Selangor, 47410, Malaysia"
1629,13/02/2016,10:10:15,indian,female,fat,22.0,no,toddler,59.0,4.0,14.045362392295996,3.116868666,101.6486179,"Jalan 12/5, Seksyen 12, PJ State, Petaling Jaya, Petaling, Selangor, 50603, Malaysia"
1630,04/12/2015,14:13:50,indian,female,fat,35.0,yes,toddler ,35.67082167387433,4.0,7.0,3.166992186,101.5747724,"Seksyen 7, Kota Damansara, Petaling Jaya, Petaling, Selangor, 47810, Malaysia"
1631,31/01/2016,23:46:11,malay,male,fat,59.0,no,toddler,31.0,4.0,16.0,3.16314014,101.6088288,"10, Mutiara Damansara, Petaling Jaya, Petaling, Selangor, 46800, Malaysia"
1632,06/02/2016,7:40:54,chinese,male,thin,60.0,no,toddler,27.0,4.0,19.0,3.063307787,101.5884092,"Lebuhraya Shah Alam, Subang Jaya, Petaling, Selangor, 47200, Malaysia"
1633,17/12/2015,1:19:22,chinese,male,fat,50.0,yes,toddler ,54.0,4.0,17.0,3.141361448,101.6483482,"Institut Tadbiran Awam Negara, Lebuhraya Sprint, Bukit Kiara, Kuala Lumpur, 46350, Malaysia"
1634,12/02/2016,3:53:58,indian,female,fat,49.0,yes,baby,35.67082167387433,2.0,13.0,3.063607703,101.6191197,"Kampung Lembah Kinrara, Subang Jaya, Petaling, Selangor, 41100, Malaysia"
1635,23/02/2016,23:27:24,foreigner,male,thin,39.40782991962665,yes,young,30.0,5.0,21.0,3.140176614,101.5847727,"Tropicana Golf & Country Resort, Petaling Jaya, Petaling, Selangor, 47410, Malaysia"
1636,26/01/2016,8:32:09,foreigner,female,fat,18.0,no,toddler,22.0,4.0,14.045362392295996,3.150727286,101.5669698,"Toshiba Transmission & Distribution Systems, Jalan Teknologi, Kota Damansara, Petaling Jaya, Petaling, Selangor, 47810, Malaysia"
1637,01/02/2016,13:04:57,indian,female,fat,54.0,no,baby,44.0,1.0,20.0,3.081255903,101.5563779,"Jalan Penyelenggara U1/77, Prima U1, Shah Alam, Petaling, Selangor, 40675, Malaysia"
1638,26/01/2016,23:19:44,foreigner,male,fat,29.0,yes,no_kids,54.0,2.0,16.0,3.11660696,101.5834604,"Ara Damansara, Petaling Jaya, Petaling, Selangor, 47301, Malaysia"
1639,18/01/2016,23:51:41,malay,male,thin,39.40782991962665,no,young,34.0,1.0,18.0,3.059538267,101.6470553,"Jalan Kinrara 1, Bukit Jalil, Subang Jaya, Petaling, Selangor, 47180, Malaysia"
1640,18/12/2015,11:39:36,foreigner,female,moderate,18.0,yes,baby,28.0,1.0,19.0,3.07574458,101.6147595,"6, Lorong PJS 6/3B, PJS 6, Bandar Sunway, Petaling Jaya, Petaling, Selangor, 46150, Malaysia"
1641,27/01/2016,23:03:53,chinese,male,moderate,37.0,no,young,60.0,3.0,21.0,3.085527758,101.6178679,"Jalan SS 9/7, SS9A Sungai Way, Sungai Way, Petaling Jaya, Petaling, Selangor, 46150, Malaysia"
1642,10/12/2015,19:27:03,malay,male,moderate,30.0,yes,toddler,28.0,3.0,19.0,3.136973948,101.6310609,"TTDI Plaza, Jalan Damansara, Kuala Lumpur, 60000, Malaysia"
1643,01/02/2016,7:54:05,indian,male,thin,54.0,no,no_kids,41.0,2.0,8.0,3.088787988,101.5611945,"Jalan Jururancang U1/21, Section U1, Glenmarie, Shah Alam, Petaling, Selangor, 40250, Malaysia"
1644,18/02/2016,14:31:58,malay,male,thin,39.40782991962665,yes,no_kids,49.0,5.0,21.0,3.164250437,101.6561615,"D, Jalan Sri Hartamas 17, Desa Sri Hartamas, Kuala Lumpur, 50480, Malaysia"
1645,17/02/2016,15:40:28,chinese,female,thin,59.0,no,toddler,51.0,2.0,13.0,3.168141251,101.5648359,"Shah Alam, Petaling, Selangor, 47810, Malaysia"
1646,03/01/2016,5:43:48,malay,female,moderate,26.0,no,young,16.0,0.0,7.0,3.154556623,101.6063842,"Jalan BU 5/1, BU5, Bandar Utama, Petaling Jaya, Petaling, Selangor, 47800, Malaysia"
1647,05/12/2015,16:24:27,chinese,female,fat,26.0,no,young,33.0,3.0,16.0,3.133993954,101.6193321,"Jalan SS 21/7, SS 21, Damansara Utama, Petaling Jaya, Petaling, Selangor, 47400, Malaysia"
1648,17/12/2015,1:46:26,chinese,male,moderate,58.0,no,toddler,11.0,4.0,16.0,3.120946656,101.6258582,"SS 2, Petaling Jaya, Petaling, Selangor, 57300, Malaysia"
1649,10/02/2016,5:18:48,indian,female,thin,56.0,yes,no_kids,23.0,0.0,19.0,3.131870707,101.6157401,"SMK Damansara Jaya, Jalan SS 22 A/1, SS 22A, Damansara Jaya, Petaling Jaya, Petaling, Selangor, 47400, Malaysia"
1650,01/02/2016,23:14:02,indian,male,thin,54.0,no,baby,25.0,2.0,11.0,3.068240546,101.6454132,"Taman Kinrara Seksyen 1, Subang Jaya, Petaling, Selangor, 47180, Malaysia"
1651,24/12/2015,5:50:50,malay,male,moderate,43.0,no,baby,58.0,3.0,17.0,3.150304626,101.6556543,"Pinggiran Setiabudi, Bukit Damansara, Kuala Lumpur, 50490, Malaysia"
1652,01/03/2016,6:56:46,malay,female,moderate,56.0,no,no_kids,54.0,5.0,20.0,3.155444469,101.6163252,"Lorong Rahim Kajai 1, Taman Tun Dr Ismail, TTDI, Kuala Lumpur, 60000, Malaysia"
1653,08/12/2015,16:39:56,chinese,female,moderate,39.40782991962665,yes,toddler ,37.0,1.0,20.0,3.172299457,101.6237143,"Jalan Penchala Indah, Kampung Palimbayan Indah, Kuala Lumpur, 47820, Malaysia"
1654,23/12/2015,2:27:13,indian,female,moderate,38.0,no,no_kids,41.0,2.0,17.0,3.090723595,101.5744036,"Temasya Anggun, Glenmarie, Shah Alam, Petaling, Selangor, 40250, Malaysia"
1655,31/12/2015,5:16:18,chinese,male,thin,19.0,yes,young,17.0,5.0,10.0,3.130256271,101.6321509,"34, Jalan 17A/5, Seksyen 17A (Kampung Seri Damansara), Seksyen 17, Damansara Utama, Petaling Jaya, Petaling, Selangor, 47308, Malaysia"
1656,19/02/2016,1:29:38,chinese,female,fat,26.0,no,baby,23.0,1.0,10.0,3.159801065,101.5857111,"Kota Damansara, Petaling Jaya, Petaling, Selangor, 47810, Malaysia"
1657,28/12/2015,6:14:27,indian,female,thin,31.0,no,no_kids,18.0,3.0,15.0,3.170261208,101.6158566,"Lebuhraya Damansara–Puchong, Mutiara Damansara, Petaling Jaya, Petaling, Selangor, 47820, Malaysia"
1658,17/01/2016,17:22:21,malay,male,moderate,51.0,yes,baby,54.0,0.0,13.0,3.14621905,101.6395625,"Bukit Kiara Equestrian & Country Resort, Persiaran Bukit Kiara, Bukit Kiara, Bukit Damansara, Kuala Lumpur, 50490, Malaysia"
1659,12/12/2015,6:07:57,foreigner,female,fat,22.0,no,baby,46.0,5.0,11.0,3.174196204,101.5861954,"Jalan Rimba Riang 9/15, Kota Damansara, Petaling Jaya, Petaling, Selangor, 47930, Malaysia"
1660,26/02/2016,17:24:48,foreigner,female,fat,39.40782991962665,yes,no_kids,40.0,3.0,17.0,3.101788319,101.6490211,"7, Jalan Pantai 9/7, Seksyen 9, PJ State, Petaling Jaya, Petaling, Selangor, 46000, Malaysia"
1661,17/02/2016,2:15:35,malay,female,moderate,47.0,no,no_kids,26.0,4.0,11.0,3.161187097,101.5974371,"Lebuhraya Baru Lembah Klang, Mutiara Damansara, Petaling Jaya, Petaling, Selangor, 46800, Malaysia"
1662,31/12/2015,14:31:41,chinese,female,fat,45.0,yes,toddler,38.0,0.0,10.0,3.111849831,101.6301913,"The Sports Garage, Jalan 19/1, Seksyen 19, Petaling Jaya, Petaling, Selangor, 57300, Malaysia"
1663,29/02/2016,0:34:14,indian,female,thin,59.0,yes,no_kids,51.0,1.0,20.0,3.057278229,101.59416,"Persiaran Subang, UEP Subang Jaya, Puchong, Subang Jaya, Petaling, Selangor, 47200, Malaysia"
1664,04/01/2016,4:36:28,foreigner,female,thin,34.0,no,no_kids,16.0,3.0,7.0,3.07676122,101.6097616,"Jalan PJS 8/9, PJS 8, Sungai Way, Petaling Jaya, Petaling, Selangor, 46150, Malaysia"
1665,24/01/2016,15:33:44,chinese,male,moderate,20.0,no,toddler,25.0,3.0,21.0,3.1528051,101.5697092,"Kota Damansara, Petaling Jaya, Petaling, Selangor, 47810, Malaysia"
1666,20/02/2016,5:08:57,malay,female,fat,56.0,yes,baby,14.0,1.0,14.0,3.1816481,101.6044384,"Persiaran Meranti, Bandar Sri Damansara, Petaling Jaya, Petaling, Selangor, 52200, Malaysia"
1667,05/01/2016,9:30:41,foreigner,male,moderate,30.0,no,young,42.0,0.0,11.0,3.152927962,101.5926251,"BannerSHOP Kota Damansara, 11-1, Jalan PJU 5/11, Dataran Sunway Kota Damansara, Kota Damansara, Petaling Jaya, Petaling, Selangor, 47810, Malaysia"
1668,10/02/2016,7:33:35,malay,female,thin,39.0,no,toddler ,48.0,4.0,16.0,3.114644808,101.6557053,"Kolej Kediaman Ibnu Sina (KK6), Persiaran Gagasan, Bangsar, Kuala Lumpur, 50603, Malaysia"
1669,29/01/2016,2:22:56,malay,female,moderate,20.0,yes,baby,14.0,3.0,8.0,3.14180712,101.5589695,"Ara Damansara, Petaling Jaya, Petaling, Selangor, 47302, Malaysia"
1670,07/01/2016,8:33:42,foreigner,female,thin,19.0,no,baby,26.0,1.0,12.0,3.080221855,101.5830304,"Maybank, Persiaran Kemajuan, Pusat Bandar Subang Jaya, Subang Jaya, Petaling, Selangor, 47500, Malaysia"
1671,07/02/2016,12:14:44,malay,male,thin,56.0,yes,toddler ,58.0,3.0,13.0,3.177908539,101.6355905,"Thunder Valley, Kuala Lumpur, 52200, Malaysia"
1672,23/01/2016,7:24:16,foreigner,female,moderate,51.0,no,young,41.0,2.0,16.0,3.140244033,101.5635012,"Ara Damansara, Petaling Jaya, Petaling, Selangor, 47302, Malaysia"
1673,14/12/2015,19:03:40,foreigner,male,fat,59.0,no,toddler ,22.0,2.0,8.0,3.157066683,101.5750391,"Jalan Cecawi 6/24, Kota Damansara, Petaling Jaya, Petaling, Selangor, 47810, Malaysia"
1674,20/12/2015,7:14:54,foreigner,female,fat,39.40782991962665,no,toddler ,40.0,1.0,15.0,3.069040926,101.6458161,"Balai Masyarakat Taman Kinrara, Jalan Taman Kinrara 1/14, Taman Kinrara Seksyen 1, Subang Jaya, Petaling, Selangor, 47180, Malaysia"
1675,09/12/2015,1:12:37,chinese,female,moderate,40.0,yes,baby,11.0,2.0,8.0,3.049724197,101.562845,"Petron, Lebuhraya Shah Alam, Subang Jaya, Petaling, Selangor, 47600, Malaysia"
1676,20/02/2016,2:44:35,malay,female,fat,36.0,no,young,16.0,2.0,7.0,3.172600266,101.5822368,"Temuan Trail, Kota Damansara, Petaling Jaya, Petaling, Selangor, 47810, Malaysia"
1677,08/02/2016,9:37:47,foreigner,male,thin,45.0,yes,young,43.0,4.0,8.0,3.153105561,101.6240141,"Jalan Burhanuddin Helmi, Taman Tun Dr Ismail, TTDI, Kuala Lumpur, 60000, Malaysia"
1678,02/12/2015,10:39:45,foreigner,female,moderate,41.0,no,toddler ,48.0,4.0,21.0,3.064129464,101.6382025,"Jalan TK 4/3, Taman Kinrara Seksyen 4, Subang Jaya, Petaling, Selangor, 47170, Malaysia"
1679,30/12/2015,22:18:53,foreigner,male,fat,41.0,yes,no_kids,19.0,2.0,14.0,3.076917211,101.6279541,"Jalan PJS 2D/7, PJS 2, Petaling Jaya Selatan, Petaling Jaya, Petaling, Selangor, 46150, Malaysia"
1680,06/12/2015,8:44:48,chinese,male,thin,28.0,no,toddler,49.0,5.0,14.0,3.100227686,101.6124359,"Jalan SS 3/76, SS 3, Kelana Jaya, Petaling Jaya, Petaling, Selangor, 47300, Malaysia"
1681,19/02/2016,9:15:57,chinese,male,moderate,39.40782991962665,no,baby,50.0,0.0,20.0,3.176201806,101.5830221,"Kota Damansara, Petaling Jaya, Petaling, Selangor, 47930, Malaysia"
1682,10/01/2016,22:42:11,indian,female,moderate,21.0,no,toddler ,50.0,4.0,8.0,3.089510081,101.5864565,"Temasya Sinar, Glenmarie, Shah Alam, Petaling, Selangor, 43701, Malaysia"
1683,23/12/2015,0:13:53,malay,female,fat,40.0,no,young,45.0,2.0,11.0,3.09877223,101.6157177,"4, Jalan SS 1/23, SS 1, Sungai Way, Petaling Jaya, Petaling, Selangor, 47300, Malaysia"
1684,31/12/2015,18:11:31,chinese,male,moderate,22.0,no,young,21.0,2.0,17.0,3.15658783,101.6483152,"Jalan Sri Hartamas 1, Desa Sri Hartamas, Kuala Lumpur, 50490, Malaysia"
1685,20/12/2015,10:59:05,indian,female,moderate,29.0,no,young,37.0,2.0,19.0,3.057270063,101.6232852,"Jalan Merak 7, Bandar Puchong Jaya, Puchong, Subang Jaya, Petaling, Selangor, 47170, Malaysia"
1686,05/12/2015,8:34:12,malay,female,moderate,53.0,yes,toddler,20.0,3.0,16.0,3.12865668,101.6182222,"Jalan SS 22/41, SS 22, Damansara Jaya, Petaling Jaya, Petaling, Selangor, 47400, Malaysia"
1687,21/12/2015,19:37:38,foreigner,male,fat,52.0,yes,baby,48.0,2.0,10.0,3.155658181,101.6529236,"Jalan Beringin, Bukit Damansara, Kuala Lumpur, 50490, Malaysia"
1688,13/02/2016,5:21:24,foreigner,female,moderate,31.0,yes,no_kids,14.0,4.0,21.0,3.149600556,101.5740041,"Kota Damansara, Petaling Jaya, Petaling, Selangor, 47810, Malaysia"
1689,06/02/2016,9:06:30,chinese,male,fat,43.0,no,toddler,32.0,5.0,9.0,3.177336635,101.6454408,"Bukit Prima Pelangi, Kuala Lumpur, 52200, Malaysia"
1690,25/02/2016,2:55:17,malay,male,thin,21.0,no,toddler ,26.0,1.0,21.0,3.089316027,101.5689189,"Jalan Jurutera U1/23, Glenmarie, Shah Alam, Petaling, Selangor, 40250, Malaysia"
1691,30/01/2016,6:54:31,indian,female,thin,59.0,no,toddler,36.0,5.0,9.0,3.157359111,101.6568885,"SK Bukit Damansara, Lorong Batai Barat, Bukit Damansara, Kuala Lumpur, 50490, Malaysia"
1692,11/01/2016,3:58:45,chinese,female,fat,58.0,yes,young,49.0,2.0,16.0,3.066179449,101.6234153,"B, Jalan Tiong 2, Bandar Puchong Jaya, Subang Jaya, Petaling, Selangor, 41100, Malaysia"
1693,10/01/2016,10:26:11,malay,male,moderate,39.40782991962665,yes,young,44.0,0.0,13.0,3.050369203,101.559983,"Futsal Seri Kayan, Jalan Pinggiran USJ 2/1, Subang Jaya, Petaling, Selangor, 47600, Malaysia"
1694,30/01/2016,19:29:47,indian,female,moderate,30.0,no,toddler,55.0,0.0,16.0,3.154562807,101.6403299,"Captain Haddock, Kuala Lumpur, 50490, Malaysia"
1695,20/02/2016,12:57:20,malay,male,moderate,60.0,yes,toddler ,45.0,3.0,16.0,3.095993642,101.6024658,"Visitor Parking, Jalan SS 5A/8, SS5A, Petaling Jaya, Kelana Jaya, Petaling Jaya, Petaling, Selangor, 43701, Malaysia"
1696,21/01/2016,15:48:07,foreigner,male,thin,54.0,no,young,29.0,3.0,14.0,3.153796148,101.6446682,"Playmate, Kuala Lumpur, 50490, Malaysia"
1697,10/01/2016,6:13:17,foreigner,male,fat,32.0,yes,toddler ,15.0,2.0,11.0,3.086150666,101.6371065,"Continental AG, Jalan Tandang 51/204, Zon Perindustrian Seksyen 51, PJ Old Town, Petaling Jaya, Petaling, Selangor, 46050, Malaysia"
1698,29/01/2016,6:45:41,indian,female,moderate,55.0,no,no_kids,38.0,4.0,16.0,3.07604198,101.6024022,"PJS 10, Bandar Sunway, Petaling Jaya, Petaling, Selangor, 41100, Malaysia"
1699,30/12/2015,3:51:56,chinese,female,fat,59.0,yes,toddler ,43.0,2.0,21.0,3.145655204,101.6269624,"Lengkok Zaaba, Taman Tun Dr Ismail, TTDI, Kuala Lumpur, 60000, Malaysia"
1700,07/01/2016,19:08:19,indian,female,thin,43.0,yes,toddler,26.0,1.0,21.0,3.11654664,101.6253222,"SJK (C) Puay Chai, Petaling Jaya 八打灵培才华文小学, Jalan SS 2/56, SS 2, Petaling Jaya, Petaling, Selangor, 57300, Malaysia"
1701,27/02/2016,0:49:18,chinese,male,moderate,57.0,no,no_kids,45.0,0.0,12.0,3.055838074,101.586018,"Jalan USJ 6/3C, USJ 6, UEP Subang Jaya, Subang Jaya, Petaling, Selangor, 47200, Malaysia"
1702,17/12/2015,14:22:15,malay,female,fat,60.0,no,toddler ,52.0,3.0,13.0,3.078110802,101.5647518,"Lebuhraya Persekutuan, Shah Alam, Petaling, Selangor, 40250, Malaysia"
1703,09/01/2016,13:10:02,chinese,female,thin,55.0,no,baby,51.0,0.0,13.0,3.076957277,101.6449077,"Jalan PJS 1/41, PJS 1, Petaling Jaya Selatan, Petaling Jaya, Petaling, Selangor, 46050, Malaysia"
1704,30/12/2015,22:33:58,malay,female,thin,39.40782991962665,no,no_kids,60.0,4.0,9.0,3.169492435,101.6112356,"Damansara Perdana (PJU 8), Mutiara Damansara, Petaling Jaya, Petaling, Selangor, 47820, Malaysia"
1705,04/02/2016,8:22:30,chinese,female,moderate,32.0,no,no_kids,59.0,5.0,9.0,3.114141993,101.6040321,"Jalan SS 25/11, Taman Mayang, Kelana Jaya, Petaling Jaya, Petaling, Selangor, 47301, Malaysia"
1706,24/12/2015,18:25:25,chinese,female,thin,26.0,no,toddler ,28.0,1.0,20.0,3.177927093,101.6532287,"Sekolah Perancis Kuala Lumpur, Jalan Dutamas Raya, Segambut, Kuala Lumpur, 50480, Malaysia"
1707,11/02/2016,0:47:14,chinese,male,moderate,36.0,no,toddler,16.0,5.0,10.0,3.078139689,101.5661112,"Lorong Motosikal Lebuhraya Persekutuan, Glenmarie, Shah Alam, Petaling, Selangor, 40250, Malaysia"
1708,01/12/2015,6:26:55,indian,male,thin,44.0,no,no_kids,58.0,4.0,12.0,3.056355488,101.5931655,"Persiaran Subang Permai, UEP Subang Jaya, Puchong, Subang Jaya, Petaling, Selangor, 47200, Malaysia"
1709,26/02/2016,6:28:11,chinese,male,moderate,39.0,yes,young,34.0,5.0,10.0,3.10515815,101.5818372,"Saujana Golf and Country Club, Jalan Sastera U2/1, TTDI Jaya, Shah Alam, Petaling, Selangor, 40150, Malaysia"
1710,07/01/2016,11:09:40,indian,female,thin,22.0,no,young,58.0,2.0,8.0,3.172710337,101.6425516,"Jalan Kiara 8, Kiaramas, Kuala Lumpur, 52200, Malaysia"
1711,02/02/2016,20:01:53,malay,female,fat,32.0,no,baby,30.0,3.0,16.0,3.149090828,101.6061671,"Jalan BU 6/2, BU6, Bandar Utama, Petaling Jaya, Petaling, Selangor, 47800, Malaysia"
1712,27/12/2015,0:11:44,malay,female,fat,54.0,yes,baby,17.0,2.0,8.0,3.168177676,101.6536786,"Venus Tower, Mont' Kiara Pelangi, 1, Jalan Kiara 1, Mont Kiara, Kuala Lumpur, 50480, Malaysia"
1713,28/02/2016,2:40:43,foreigner,female,moderate,34.0,no,toddler,17.0,5.0,8.0,3.168335742,101.5832467,"Petaling Trail, Kota Damansara, Petaling Jaya, Petaling, Selangor, 47810, Malaysia"
1714,28/02/2016,8:46:47,foreigner,female,moderate,32.0,yes,young,60.0,4.0,21.0,3.165185172,101.592414,"Kota Damansara, Petaling Jaya, Petaling, Selangor, 47810, Malaysia"
1715,07/12/2015,0:10:47,indian,male,moderate,45.0,no,young,20.0,0.0,16.0,3.065612501,101.6329181,"99 Speedmart, Jalan TK 5/32A, Taman Kinrara Seksyen 5, Bukit Tandang, Subang Jaya, Petaling, Selangor, 41100, Malaysia"
1716,27/02/2016,3:24:33,chinese,female,moderate,29.0,yes,toddler,33.0,3.0,20.0,3.157748012,101.6579626,"Jalan Beringin, Bukit Damansara, Kuala Lumpur, 50490, Malaysia"
1717,18/02/2016,18:30:43,chinese,female,thin,50.0,no,baby,54.0,1.0,12.0,3.113680029,101.5821819,"Jalan PJU 1A/4, PJU 1A, Ara Damansara, Ara Damansara, Petaling Jaya, Petaling, Selangor, 47302, Malaysia"
1718,11/01/2016,23:55:28,indian,female,moderate,32.0,no,no_kids,52.0,3.0,18.0,3.057834828,101.5988839,"USJ 1, UEP Subang Jaya, Puchong, Subang Jaya, Petaling, Selangor, 47200, Malaysia"
1719,18/12/2015,22:25:22,chinese,female,fat,44.0,no,toddler ,51.0,0.0,17.0,3.126644157,101.6074651,"Kampung Sungai Kayu Ara, Petaling Jaya, Petaling, Selangor, 47410, Malaysia"
1720,19/02/2016,1:55:17,malay,male,fat,31.0,no,no_kids,53.0,2.0,15.0,3.070923259,101.5945954,"Jalan SS 13/1, SS 13, Pusat Bandar Subang Jaya, Subang Jaya, Petaling, Selangor, 47500, Malaysia"
1721,13/01/2016,1:37:21,chinese,male,thin,49.0,yes,baby,58.0,0.0,14.0,3.172398752,101.6036332,"Armanee Terrace 1, Green trail, Damansara Perdana (PJU 8), Mutiara Damansara, Petaling Jaya, Petaling, Selangor, 46800, Malaysia"
1722,08/02/2016,10:49:08,indian,male,thin,19.0,yes,young,38.0,4.0,16.0,3.117881658,101.6049327,"Jalan SS 26/7, Taman Mayang Jaya, Kelana Jaya, Petaling Jaya, Petaling, Selangor, 47301, Malaysia"
1723,20/12/2015,2:50:18,malay,female,fat,43.0,no,toddler,30.0,5.0,18.0,3.100746664,101.5625717,"Jalan Novelis U1/90C, Laman Glenmarie, Glenmarie, Shah Alam, Petaling, Selangor, 40250, Malaysia"
1724,23/12/2015,9:34:29,foreigner,female,moderate,55.0,yes,baby,44.0,2.0,21.0,3.0798459,101.6078255,"Jalan PJS 10/11, PJS 10, Sungai Way, Petaling Jaya, Petaling, Selangor, 46150, Malaysia"
1725,12/12/2015,9:39:47,foreigner,male,fat,36.0,no,toddler,59.0,5.0,21.0,3.127585407,101.605574,"Jalan BU 11/11, BU11, Bandar Utama, Petaling Jaya, Petaling, Selangor, 47410, Malaysia"
1726,12/12/2015,19:05:23,foreigner,male,moderate,30.0,no,baby,47.0,4.0,18.0,3.097948466,101.639085,"Lorong 8/4B, Seksyen 8, PJ State, Petaling Jaya, Petaling, Selangor, 46050, Malaysia"
1727,03/01/2016,21:52:06,malay,female,thin,56.0,yes,toddler,25.0,5.0,21.0,3.14241231,101.6537026,"Jalan Setiabistari, Bukit Damansara, Kuala Lumpur, 50490, Malaysia"
1728,08/12/2015,11:27:09,malay,male,moderate,48.0,yes,young,24.0,5.0,19.0,3.05277449,101.6329652,"Kolam Air Bukit Dengkil 1, Jalan BK 3/1A, Bandar Kinrara 3, Bandar Kinrara, Puchong, Subang Jaya, Petaling, Selangor, 47170, Malaysia"
1729,27/12/2015,12:57:04,malay,female,thin,56.0,yes,baby,34.0,5.0,11.0,3.057295191,101.5862973,"Jalan USJ 2/4R, USJ 2, UEP Subang Jaya, Subang Jaya, Petaling, Selangor, 47200, Malaysia"
1730,18/01/2016,18:46:24,chinese,male,moderate,56.0,no,toddler,57.0,3.0,14.0,3.172290644,101.6361865,"Serene Mont Kiara (U/C), Kuala Lumpur, 52200, Malaysia"
1731,10/02/2016,7:58:48,indian,male,moderate,40.0,no,toddler ,52.0,1.0,13.0,3.138011728,101.5974948,"Sunway Damansara, Petaling Jaya, Petaling, Selangor, 47410, Malaysia"
1732,24/01/2016,18:03:53,malay,male,moderate,21.0,yes,young,56.0,2.0,14.0,3.055743287,101.5831326,"Jalan USJ 5/3C, USJ 5, UEP Subang Jaya, Subang Jaya, Petaling, Selangor, 47610, Malaysia"
1733,21/02/2016,21:51:37,indian,female,thin,41.0,no,no_kids,27.0,4.0,10.0,3.113668114,101.5998722,"Lebuhraya Damansara–Puchong, SS 4, Kelana Jaya, Petaling Jaya, Petaling, Selangor, 47301, Malaysia"
1734,26/02/2016,1:44:45,chinese,female,fat,42.0,yes,no_kids,20.0,4.0,11.0,3.11061273,101.5594493,"Jalan Riyal U3/37, Taman Perindustrian Saujana Indah, Shah Alam, Petaling, Selangor, 40150, Malaysia"
1735,22/12/2015,9:06:16,chinese,male,fat,44.0,no,no_kids,27.0,1.0,9.0,3.13412199,101.6027754,"Lebuhraya Sprint, Petaling Jaya, Petaling, Selangor, 47410, Malaysia"
1736,03/12/2015,18:34:42,chinese,male,fat,25.0,yes,no_kids,29.0,3.0,15.0,3.051303414,101.6530633,"Bandar Kinrara 9, Bandar Kinrara, Subang Jaya, Petaling, Selangor, 47180, Malaysia"
1737,09/12/2015,5:01:42,indian,male,moderate,34.0,no,young,43.0,4.0,14.0,3.075614959,101.5737945,"Twinkle Little House, Jalan SS 19/1, SS 19, Pusat Bandar Subang Jaya, Subang Jaya, Petaling, Selangor, 47500, Malaysia"
1738,11/12/2015,18:19:21,chinese,female,thin,55.0,yes,no_kids,51.0,0.0,21.0,3.150519455,101.5922385,"Sunway Giza Mall, Jalan PJU 5/17, Dataran Sunway Kota Damansara, Kota Damansara, Petaling Jaya, Petaling, Selangor, 47810, Malaysia"
1739,06/12/2015,0:20:55,malay,female,fat,36.0,no,toddler ,23.0,5.0,16.0,3.131229289,101.5569418,"Shah Alam, Petaling, Selangor, 40150, Malaysia"
1740,08/01/2016,8:39:17,indian,female,moderate,39.40782991962665,no,young,30.0,1.0,15.0,3.107024877,101.5588852,"Jalan Saujana Indah 7, Taman Perindustrian Saujana Indah, Shah Alam, Petaling, Selangor, 40150, Malaysia"
1741,08/01/2016,22:43:50,chinese,female,fat,45.0,no,toddler,16.0,3.0,20.0,3.077208939,101.5763826,"Jalan SS 19/1F, SS 19, Pusat Bandar Subang Jaya, Subang Jaya, Petaling, Selangor, Malaysia"
1742,04/02/2016,1:30:23,indian,female,moderate,47.0,yes,toddler ,12.0,2.0,16.0,3.179523806,101.5874749,"Kota Damansara, Petaling Jaya, Petaling, Selangor, 47930, Malaysia"
1743,29/01/2016,3:35:35,malay,female,thin,39.40782991962665,yes,young,18.0,0.0,17.0,3.161828811,101.5996639,"Jalan PJU 3/41, Kompleks Premis Usahawan Sunway Damansara, Mutiara Damansara, Petaling Jaya, Petaling, Selangor, 46800, Malaysia"
1744,06/01/2016,0:48:30,foreigner,female,moderate,28.0,no,baby,12.0,5.0,10.0,3.164903229,101.6245923,"Jalan Penchala Indah, Kampung Sungai Penchala, Kuala Lumpur, 47820, Malaysia"
1745,06/12/2015,17:54:01,malay,female,thin,20.0,yes,toddler,24.0,5.0,14.0,3.050000393,101.5678218,"Jalan USJ 3A/8, USJ 3, UEP Subang Jaya, Subang Jaya, Petaling, Selangor, 47620, Malaysia"
1746,06/12/2015,4:24:26,malay,male,moderate,38.0,no,toddler ,44.0,4.0,20.0,3.053259539,101.5656429,"PLUS Section C6 Office, Lebuhraya Shah Alam, UEP Subang Jaya, Subang Jaya, Petaling, Selangor, 47620, Malaysia"
1747,08/01/2016,15:37:12,malay,male,moderate,46.0,yes,no_kids,38.0,5.0,16.0,3.07865386,101.6372399,"PJS 2, Petaling Jaya Selatan, Petaling Jaya, Petaling, Selangor, 46050, Malaysia"
1748,05/01/2016,23:26:25,indian,female,thin,19.0,no,toddler ,56.0,2.0,18.0,3.147641846,101.5815321,"Jalan PJU 3/20, Petaling Jaya, Petaling, Selangor, 47810, Malaysia"
1749,27/02/2016,1:05:13,foreigner,male,fat,34.0,no,baby,13.0,3.0,17.0,3.101513682,101.6448519,"Bangunan Persekutuan, PJ State, Petaling Jaya, Petaling, Selangor, 46661, Malaysia"
1750,19/01/2016,3:10:06,indian,female,moderate,39.40782991962665,yes,baby,22.0,2.0,16.0,3.058766057,101.6145016,"The Suitel (D'Latour), Lebuhraya Damansara–Puchong, Bandar Sunway, Puchong, Subang Jaya, Petaling, Selangor, 47100, Malaysia"
1751,18/02/2016,20:57:17,chinese,female,thin,45.0,no,no_kids,57.0,5.0,10.0,3.06450516,101.6587118,"Parklane OUG, Bukit Jalil, Kuala Lumpur, 47180, Malaysia"
1752,23/02/2016,22:06:17,malay,male,fat,51.0,no,young,32.0,4.0,16.0,3.108397236,101.6505974,"Lorong Motosikal Lebuhraya Persekutuan, PJ State, Petaling Jaya, Petaling, Selangor, 46661, Malaysia"
1753,10/12/2015,6:47:07,malay,female,moderate,38.0,yes,baby,27.0,0.0,7.0,3.069605638,101.6583257,"Jalan 2/152, OUG Industrial Park, Taman OUG, Kuala Lumpur, 58200, Malaysia"
1754,05/12/2015,16:14:24,malay,female,fat,22.0,no,toddler ,24.0,0.0,16.0,3.057016757,101.5623962,"Jalan USJ Heights 4/2A, USJ Heights, UEP Subang Jaya, Subang Jaya, Petaling, Selangor, 47620, Malaysia"
1755,19/01/2016,3:14:31,malay,male,fat,46.0,no,no_kids,47.0,2.0,15.0,3.159676761,101.6363139,"Pure Quill, Kuala Lumpur, 60000, Malaysia"
1756,25/12/2015,4:11:42,foreigner,female,moderate,60.0,yes,toddler ,25.0,3.0,12.0,3.082365897,101.5817517,"Lorong Motosikal Lebuhraya Persekutuan, Subang Jaya, Petaling, Selangor, 43701, Malaysia"
1757,03/12/2015,15:39:28,chinese,female,fat,28.0,no,toddler ,22.0,4.0,15.0,3.112564323,101.6535154,"Pusat Perubatan Universiti Malaya, Jalan Universiti, PJ State, Kuala Lumpur, Petaling, Selangor, 50603, Malaysia"
1758,22/02/2016,12:27:30,indian,female,thin,18.0,yes,baby,43.0,5.0,20.0,3.133156098,101.6420753,"Kelab Golf Perkhidmatan Awam, Lebuhraya Sprint (Hubungan Damansara), Kuala Lumpur, 47308, Malaysia"
1759,04/12/2015,14:46:35,chinese,female,moderate,28.0,no,no_kids,39.0,5.0,14.0,3.165571665,101.5701752,"Persiaran Sungai Buloh, Taman Industri Sungai Buloh, Petaling Jaya, Petaling, Selangor, 47810, Malaysia"
1760,16/02/2016,10:27:22,malay,female,fat,20.0,no,young,52.0,4.0,14.0,3.126829594,101.6579791,"Blok E (Episcia), Lingkaran Wawasan, Bukit Bandaraya, Bangsar, Kuala Lumpur, 50603, Malaysia"
1761,12/12/2015,9:36:53,foreigner,female,moderate,30.0,no,baby,22.0,1.0,9.0,3.061900432,101.6020112,"PJS 11, Bandar Sunway, Subang Jaya, Petaling, Selangor, 41100, Malaysia"
1762,14/12/2015,23:54:52,malay,female,fat,50.0,no,baby,35.67082167387433,2.0,13.0,3.15183094,101.6582506,"Jalan Batai Barat, Bukit Damansara, Kuala Lumpur, 50490, Malaysia"
1763,20/02/2016,10:42:02,foreigner,female,thin,55.0,no,toddler ,29.0,4.0,8.0,3.065135155,101.5979833,"Monash University Parking, Persiaran Tasik Barat, Bandar Sunway, Subang Jaya, Petaling, Selangor, 47500, Malaysia"
1764,27/12/2015,9:56:01,malay,female,fat,50.0,yes,baby,14.0,5.0,14.0,3.15023275,101.6175157,"Lebuh Bandar Utama, Mutiara Damansara, Petaling Jaya, Petaling, Selangor, 47800, Malaysia"
1765,09/02/2016,21:40:02,malay,female,moderate,29.0,yes,baby,11.0,1.0,19.0,3.167123746,101.5668481,"Shah Alam, Petaling, Selangor, 47810, Malaysia"
1766,17/01/2016,19:22:21,indian,female,moderate,32.0,yes,young,35.67082167387433,5.0,16.0,3.121952015,101.6190724,"SS 22, Damansara Jaya, Petaling Jaya, Petaling, Selangor, 57300, Malaysia"
1767,22/12/2015,12:56:46,indian,female,thin,30.0,no,baby,35.67082167387433,4.0,14.0,3.158470992,101.6434238,"Jalan Lanai Kiara, Bukit Kiara, Kuala Lumpur, 50490, Malaysia"
1768,21/12/2015,8:03:39,indian,male,moderate,39.40782991962665,yes,toddler,22.0,5.0,19.0,3.11276724,101.6185709,"Jalan SS 2/20, SS 2, Petaling Jaya, Petaling, Selangor, 46300, Malaysia"
1769,12/01/2016,9:39:54,malay,female,thin,21.0,yes,toddler ,19.0,4.0,14.045362392295996,3.050102565,101.6272951,"A, Lebuhraya Bukit Jalil, Bandar Puchong Jaya, Puchong, Subang Jaya, Petaling, Selangor, 47170, Malaysia"
1770,27/01/2016,11:33:24,malay,female,moderate,59.0,yes,baby,35.67082167387433,2.0,14.045362392295996,3.051122985,101.6229754,"Yap's Auto Car City, Jalan Rajawali 2, Bandar Puchong Jaya, Puchong, Subang Jaya, Petaling, Selangor, 47170, Malaysia"
1771,18/12/2015,20:38:09,foreigner,male,thin,43.0,no,toddler ,60.0,4.0,21.0,3.11703136,101.6545925,"Fakulti Kejuruteraan, Persiaran Akal, Kuala Lumpur, 50603, Malaysia"
1772,28/02/2016,12:20:23,malay,male,thin,52.0,yes,toddler,57.0,4.0,7.0,3.070961742,101.5958551,"The Grand Subang, Jalan SS 13/4, Subang Jaya Industrial Estate, Pusat Bandar Subang Jaya, Subang Jaya, Petaling, Selangor, 47500, Malaysia"
1773,24/02/2016,3:57:58,foreigner,female,moderate,40.0,no,baby,35.67082167387433,1.0,14.0,3.164253917,101.6092775,"Emerald Perdana Block 2, Damansara–Shah Alam Elevated Expressway, Puncak Perdana, Damansara Perdana (PJU 8), Subang, Petaling Jaya, Petaling, Selangor, 47820, Malaysia"
1774,25/01/2016,14:12:09,indian,female,fat,21.0,yes,baby,57.0,3.0,14.045362392295996,3.158519343,101.6085906,"Mutiara Homes, Mutiara Damansara, Petaling Jaya, Petaling, Selangor, 46800, Malaysia"
1775,07/02/2016,15:17:49,chinese,female,moderate,53.0,no,young,21.0,4.0,7.0,3.140750844,101.6471234,"Badminton Association Malaysia, Lebuhraya Sprint, Bukit Kiara, Kuala Lumpur, 46350, Malaysia"
1776,12/12/2015,1:56:53,chinese,male,thin,55.0,yes,toddler ,51.0,0.0,9.0,3.05641363,101.6470529,"Jalan Kinrara 1, Bandar Kinrara, Subang Jaya, Petaling, Selangor, 47180, Malaysia"
1777,20/12/2015,15:04:11,foreigner,male,moderate,39.40782991962665,yes,toddler,12.0,0.0,14.045362392295996,3.073096643,101.6341205,"Donnero Works Garage (Bodywork & Paint), Jalan PJS 3/6, Taman Medan, Petaling Jaya Selatan, Petaling Jaya, Petaling, Selangor, 46150, Malaysia"
1778,12/12/2015,4:01:25,chinese,female,moderate,39.0,yes,no_kids,22.0,1.0,7.0,3.125085643,101.5906173,"Jalan PJU 1A/54, Damansara Idaman, Ara Damansara, Petaling Jaya, Petaling, Selangor, 47410, Malaysia"
1779,26/12/2015,7:07:12,foreigner,female,fat,44.0,yes,toddler,13.0,3.0,15.0,3.177855161,101.6429923,"Lebuhraya Baru Lembah Klang, Bukit Prima Pelangi, Kuala Lumpur, 52200, Malaysia"
1780,15/01/2016,16:26:47,malay,female,moderate,35.0,yes,baby,58.0,1.0,21.0,3.087421461,101.5772031,"Jalan Juruhebah U1/50, Temasya Industrial Park, Glenmarie, Shah Alam, Petaling, Selangor, 40250, Malaysia"
1781,07/12/2015,18:50:21,malay,male,moderate,52.0,yes,baby,31.0,4.0,11.0,3.097289685,101.5905342,"Bangunan GLOMAC, Jalan SS 7/19, SS7, Petaling Jaya, Petaling Jaya, Petaling, Selangor, 43701, Malaysia"
1782,28/02/2016,12:41:18,foreigner,male,fat,43.0,no,young,32.0,1.0,12.0,3.070516015,101.6528774,"Checkers, Seri Sentosa, Taman OUG, Kuala Lumpur, 58000, Malaysia"
1783,27/02/2016,12:25:38,indian,female,moderate,39.40782991962665,no,baby,31.0,3.0,14.0,3.168329422,101.6464336,"Verve Specialist Clinic, Jalan Kiara 5, Kiaramas, Mont Kiara, Kuala Lumpur, 50490, Malaysia"
1784,08/01/2016,10:51:29,indian,male,moderate,39.40782991962665,yes,toddler,28.0,4.0,16.0,3.110287362,101.6376537,"Plaza33, Jalan Kemajuan, PJ State, Petaling Jaya, Petaling, Selangor, 46200, Malaysia"
1785,21/01/2016,4:08:15,indian,male,moderate,57.0,no,baby,36.0,4.0,20.0,3.097473406,101.6449663,"Majlis Bandaraya Petaling Jaya, Jalan Yong Shook Lin, Seksyen 7, PJ State, Petaling Jaya, Petaling, Selangor, 46200, Malaysia"
1786,17/12/2015,10:21:44,malay,male,moderate,47.0,no,toddler ,52.0,5.0,20.0,3.170858518,101.6117705,"Damansara Perdana (PJU 8), Mutiara Damansara, Petaling Jaya, Petaling, Selangor, 47820, Malaysia"
1787,24/12/2015,8:09:30,indian,female,fat,39.40782991962665,no,no_kids,59.0,0.0,12.0,3.113039657,101.6111937,"Nova Autocare, Jalan SS 24/2, Taman Megah, Kelana Jaya, Petaling Jaya, Petaling, Selangor, 57300, Malaysia"
1788,29/02/2016,8:48:09,foreigner,male,thin,24.0,yes,baby,41.0,4.0,16.0,3.081046981,101.5657885,"Jalan Penerbit U1/43, Glenmarie, Shah Alam, Petaling, Selangor, 40250, Malaysia"
1789,04/12/2015,4:57:18,chinese,male,thin,39.40782991962665,no,no_kids,16.0,3.0,21.0,3.101042944,101.6370845,"Lebuhraya Persekutuan, PJ State, Petaling Jaya, Petaling, Selangor, 46000, Malaysia"
1790,29/02/2016,2:11:14,indian,female,moderate,39.40782991962665,yes,no_kids,26.0,3.0,9.0,3.140663464,101.6429346,"Jalan Bukit Kiara 1, Bukit Kiara, Kuala Lumpur, 60000, Malaysia"
1791,16/01/2016,13:29:27,foreigner,female,moderate,52.0,yes,toddler ,34.0,1.0,17.0,3.109717165,101.569127,"Palm Course, Persiaran Golf, Shah Alam, Petaling, Selangor, 40250, Malaysia"
1792,30/12/2015,9:32:51,indian,female,moderate,39.40782991962665,no,baby,42.0,2.0,18.0,3.119279486,101.5603947,"Spirit Aerosystems Malaysia, Jalan Lapangan Terbang Subang, Shah Alam, Petaling, Selangor, 40150, Malaysia"
1793,03/12/2015,5:26:39,chinese,male,fat,58.0,no,toddler ,24.0,0.0,12.0,3.106948886,101.5770726,"Saujana Golf and Country Club, Jalan Sastera U2/1, TTDI Jaya, Shah Alam, Petaling, Selangor, 40150, Malaysia"
1794,06/12/2015,8:54:55,malay,female,moderate,46.0,yes,toddler ,22.0,5.0,9.0,3.162500263,101.5696063,"Taman Industri Sungai Buloh, Petaling Jaya, Petaling, Selangor, 47810, Malaysia"
1795,10/02/2016,15:01:17,indian,female,moderate,19.0,yes,no_kids,36.0,2.0,14.0,3.112830717,101.5959953,"Jalan SS 25/31, Taman Mayang, Kelana Jaya, Petaling Jaya, Petaling, Selangor, 47301, Malaysia"
1796,16/12/2015,17:59:26,foreigner,female,thin,27.0,yes,no_kids,24.0,3.0,13.0,3.16265308,101.6141729,"Jalan PJU 7/2, Mutiara Damansara, Petaling Jaya, Petaling, Selangor, 47820, Malaysia"
1797,17/02/2016,1:58:41,foreigner,female,thin,50.0,no,no_kids,26.0,1.0,20.0,3.112873347,101.6177334,"Jalan SS 2/18, SS 2, Petaling Jaya, Petaling, Selangor, 57300, Malaysia"
1798,05/01/2016,3:34:57,malay,female,thin,29.0,no,young,23.0,5.0,20.0,3.080243219,101.6100282,"Jalan PJS 8/9, SS 10, Sungai Way, Petaling Jaya, Petaling, Selangor, 46150, Malaysia"
1799,22/01/2016,20:41:47,indian,female,thin,24.0,no,young,22.0,4.0,18.0,3.096086551,101.5675455,"The Valley Course, Lebuhraya Baru Lembah Klang, Section U1, Glenmarie, Shah Alam, Petaling, Selangor, 40250, Malaysia"
1800,08/12/2015,23:19:36,foreigner,female,moderate,25.0,no,young,38.0,5.0,15.0,3.155411625,101.5934881,"Encorp Strand Mall, Jalan PJU 5/23, Kota Damansara, Petaling Jaya, Petaling, Selangor, 47810, Malaysia"
1801,21/01/2016,10:07:07,malay,male,moderate,28.0,yes,no_kids,34.0,5.0,10.0,3.086528348,101.556386,"Politeknik Sultan Salahuddin Abdul Aziz Shah, Jalan Subang, Section U1, Shah Alam, Petaling, Selangor, 40675, Malaysia"
1802,21/01/2016,6:28:18,foreigner,male,thin,30.0,no,toddler ,51.0,4.0,21.0,3.054154463,101.5822665,"SAM Bestari, Jalan USJ 5/3A, USJ 5, UEP Subang Jaya, Subang Jaya, Petaling, Selangor, 47610, Malaysia"
1803,30/12/2015,2:06:32,foreigner,female,thin,55.0,no,young,21.0,3.0,19.0,3.093330716,101.6283353,"Jalan 51A/229, Sungai Way, Petaling Jaya, Petaling, Selangor, 46100, Malaysia"
1804,25/01/2016,3:40:39,chinese,male,thin,39.40782991962665,yes,toddler ,17.0,2.0,12.0,3.098561697,101.6383669,"Jalan Sungai Jernih 8/1A, Seksyen 8, PJ State, Petaling Jaya, Petaling, Selangor, 46050, Malaysia"
1805,12/12/2015,18:09:48,indian,male,moderate,41.0,yes,baby,16.0,3.0,16.0,3.127952728,101.5924346,"Tropicana Golf & Country Resort, Petaling Jaya, Petaling, Selangor, 47410, Malaysia"
1806,06/02/2016,7:13:45,indian,female,moderate,41.0,no,toddler,14.0,3.0,12.0,3.070198905,101.5564684,"Kuil Hindu, Persiaran Jubli Perak, Seksyen 22, Batu Tiga, Subang Jaya, Petaling, Selangor, 47600, Malaysia"
1807,16/02/2016,22:41:23,foreigner,male,thin,55.0,no,young,52.0,5.0,16.0,3.100531518,101.5982182,"Pejabat Pos Kelana Jaya, Kelana Jaya, SS6 Kelana Jaya, Kelana Jaya, Petaling Jaya, Petaling, Selangor, 43701, Malaysia"
1808,25/01/2016,17:18:12,chinese,female,moderate,37.0,no,young,25.0,5.0,20.0,3.09794826,101.6389724,"Lorong 8/4B, Seksyen 8, PJ State, Petaling Jaya, Petaling, Selangor, 46050, Malaysia"
1809,27/02/2016,4:13:56,indian,male,thin,49.0,yes,baby,53.0,4.0,7.0,3.061888339,101.5681619,"99 Speedmart, Jalan USJ Heights 1/1B, USJ Heights, UEP Subang Jaya, Subang Jaya, Petaling, Selangor, 47620, Malaysia"
1810,07/02/2016,17:31:49,chinese,male,thin,46.0,yes,toddler ,33.0,2.0,13.0,3.0804209,101.6092402,"KB, Jalan PJS 10/24A, PJS 10, Bandar Sunway, Petaling Jaya, Petaling, Selangor, 46150, Malaysia"
1811,25/02/2016,16:07:51,foreigner,female,thin,19.0,no,toddler ,41.0,1.0,13.0,3.146596446,101.6494018,"Perpustakaan Awam Bukit Damansara, Persiaran Bukit Kiara, Bukit Damansara, Kuala Lumpur, 50490, Malaysia"
1812,27/01/2016,14:52:18,malay,male,thin,43.0,no,toddler,50.0,3.0,20.0,3.084940422,101.5694903,"Jalan Jurutera U1/23, Glenmarie, Shah Alam, Petaling, Selangor, 40250, Malaysia"
1813,12/12/2015,12:17:57,chinese,male,moderate,20.0,no,no_kids,48.0,3.0,7.0,3.117477305,101.5871844,"Ara Damansara, Petaling Jaya, Petaling, Selangor, 47301, Malaysia"
1814,17/02/2016,18:56:45,foreigner,female,fat,34.0,no,baby,40.0,1.0,16.0,3.181346756,101.560431,"Shah Alam, Petaling, Selangor, 47930, Malaysia"
1815,21/02/2016,15:35:25,foreigner,male,moderate,18.0,no,young,43.0,5.0,15.0,3.074700427,101.6339415,"Graphic Press Group Sdn Bhd, Taman Medan, Petaling Jaya Selatan, Petaling Jaya, Petaling, Selangor, 46050, Malaysia"
1816,28/02/2016,15:51:22,chinese,male,moderate,22.0,yes,toddler ,27.0,2.0,7.0,3.100970052,101.6142361,"Jalan SS 3/78, SS 3, Kelana Jaya, Petaling Jaya, Petaling, Selangor, 47300, Malaysia"
1817,04/12/2015,5:00:49,malay,female,thin,37.0,no,no_kids,32.0,0.0,18.0,3.158630541,101.6250121,"Jalan Penchala Hilir, Pinggiran TTDI, Kuala Lumpur, 60000, Malaysia"
1818,07/01/2016,2:46:23,indian,male,fat,31.0,no,baby,30.0,2.0,10.0,3.130154575,101.626553,"Damansara Utama, Petaling Jaya, Petaling, Selangor, 47308, Malaysia"
1819,08/12/2015,3:37:40,malay,female,moderate,36.0,no,baby,34.0,0.0,21.0,3.057680709,101.5664004,"Jalan USJ Heights 2/2F, USJ Heights, UEP Subang Jaya, Subang Jaya, Petaling, Selangor, 47620, Malaysia"
1820,30/12/2015,8:26:07,indian,male,moderate,37.0,yes,toddler ,19.0,3.0,9.0,3.130691831,101.5942141,"Tropicana Golf & Country Resort, Jalan TR 4/1, Tropicana Golf & Country Resort, Petaling Jaya, Petaling, Selangor, 47410, Malaysia"
1821,17/02/2016,15:17:30,malay,female,thin,28.0,no,toddler,19.0,2.0,16.0,3.182854828,101.6408526,"The Mansions, Kuala Lumpur, 52200, Malaysia"
1822,12/12/2015,4:20:35,chinese,male,fat,55.0,no,baby,26.0,2.0,18.0,3.173550687,101.5749145,"Pangsapuri Ixora, Persiaran Jati, Kota Damansara, Petaling Jaya, Petaling, Selangor, 47930, Malaysia"
1823,12/02/2016,5:09:10,indian,female,fat,26.0,yes,baby,57.0,0.0,21.0,3.13300072,101.5591986,"Shah Alam, Petaling, Selangor, 40150, Malaysia"
1824,12/12/2015,7:12:49,chinese,female,thin,35.0,no,toddler,40.0,3.0,11.0,3.147838273,101.560676,"Hentian Sebelah RRIM (Kwasa Damansara), Damansara–Shah Alam Elevated Expressway, Puncak Perdana, Seksyen U10, Subang, Petaling Jaya, Petaling, Selangor, 47820, Malaysia"
1825,17/12/2015,8:48:16,malay,female,moderate,31.0,no,young,45.0,4.0,9.0,3.139632444,101.5782007,"Petaling Jaya, Petaling, Selangor, 47810, Malaysia"
1826,30/01/2016,8:49:56,indian,female,thin,55.0,yes,no_kids,24.0,5.0,20.0,3.128493591,101.5847519,"Jalan TR 7/1, Tropicana Golf & Country Resort, Petaling Jaya, Petaling, Selangor, 47410, Malaysia"
1827,02/02/2016,12:54:05,indian,male,fat,24.0,yes,young,23.0,3.0,7.0,3.052057856,101.6269355,"Jalan Bangau 2, Residensi Jalan Bangau, Puchong, Subang Jaya, Petaling, Selangor, 47170, Malaysia"
1828,29/01/2016,17:12:31,indian,male,thin,54.0,no,baby,12.0,2.0,18.0,3.109339666,101.6309208,"Jalan 14/44, Seksyen 14, Petaling Jaya, Petaling, Selangor, 46300, Malaysia"
1829,02/12/2015,0:08:36,malay,female,moderate,40.0,yes,toddler,22.0,3.0,12.0,3.056610995,101.6109366,"Lebuhraya Shah Alam, Bukit Tandang, Puchong, Subang Jaya, Petaling, Selangor, 41100, Malaysia"
1830,19/12/2015,7:29:46,indian,female,fat,42.0,no,toddler ,16.0,4.0,21.0,3.056339795,101.5711431,"Taska Permata MPSJ, Jalan USJ 3C/1, USJ 3, UEP Subang Jaya, Subang Jaya, Petaling, Selangor, 47620, Malaysia"
1831,23/01/2016,15:41:13,foreigner,male,moderate,57.0,no,baby,39.0,5.0,18.0,3.154459473,101.5798799,"Roadside Shrine, Persiaran Kenanga, Kota Damansara, Petaling Jaya, Petaling, Selangor, 47810, Malaysia"
1832,29/12/2015,5:15:33,chinese,male,thin,18.0,no,no_kids,27.0,4.0,13.0,3.061588427,101.5709332,"Jalan USJ 3D/4, USJ 3, UEP Subang Jaya, Subang Jaya, Petaling, Selangor, 47610, Malaysia"
1833,03/02/2016,14:40:01,indian,male,fat,46.0,no,toddler,47.0,4.0,21.0,3.068053441,101.6432385,"Jalan Taman Kinrara 2/4, Taman Kinrara Seksyen 2, Subang Jaya, Petaling, Selangor, 47180, Malaysia"
1834,24/02/2016,12:01:59,chinese,female,thin,41.0,no,young,21.0,2.0,17.0,3.12832582,101.6379368,"Jalan 17/58, Seksyen 17, Petaling Jaya, Petaling, Selangor, 47350, Malaysia"
1835,27/02/2016,7:08:31,malay,male,thin,32.0,yes,toddler ,28.0,4.0,8.0,3.083613286,101.6208385,"Heineken Malaysia Berhad, Jalan Klang Lama, SS 10, Bandar Sunway, Petaling Jaya, Petaling, Selangor, 46000, Malaysia"
1836,12/02/2016,10:36:55,indian,male,moderate,49.0,yes,young,37.0,4.0,17.0,3.16984562,101.6113231,"Damansara Perdana (PJU 8), Mutiara Damansara, Petaling Jaya, Petaling, Selangor, 47820, Malaysia"
1837,09/12/2015,13:04:18,malay,male,thin,54.0,no,young,38.0,3.0,17.0,3.166059562,101.5787854,"Persiaran Mahogani, Kota Damansara, Petaling Jaya, Petaling, Selangor, 47930, Malaysia"
1838,21/02/2016,15:09:58,foreigner,female,moderate,21.0,yes,toddler,42.0,2.0,20.0,3.178986265,101.5645354,"Kwasa Damamsara City Centre, Shah Alam, Petaling, Selangor, 47930, Malaysia"
1839,12/12/2015,16:27:00,indian,female,thin,36.0,yes,toddler ,39.0,5.0,17.0,3.151327679,101.5771037,"Jalan Camar 4/5B, Section 4, Gugusan Melur, Kota Damansara, Petaling Jaya, Petaling, Selangor, 47810, Malaysia"
1840,21/01/2016,23:48:53,foreigner,female,thin,21.0,no,young,18.0,1.0,9.0,3.064755064,101.6139052,"Jalan PJS 7/3A, PJS 7, Bandar Sunway, Subang Jaya, Petaling, Selangor, 41100, Malaysia"
1841,20/02/2016,2:06:38,malay,male,fat,26.0,yes,toddler,27.0,2.0,7.0,3.091649846,101.5792462,"DRB Hicom, Persiaran Kerjaya, Glenmarie, Shah Alam, Petaling, Selangor, 40250, Malaysia"
1842,25/01/2016,12:02:26,malay,male,moderate,26.0,yes,young,16.0,2.0,18.0,3.108058205,101.6581316,"Lorong 5/21D, Seksyen 5, Bukit Gasing, Petaling Jaya, Petaling, Selangor, 46000, Malaysia"
1843,16/12/2015,20:23:13,foreigner,female,thin,37.0,yes,toddler ,14.0,0.0,11.0,3.134068701,101.5850226,"Tropicana Golf & Country Resort, Jalan TR 4/1, Tropicana Golf & Country Resort, Petaling Jaya, Petaling, Selangor, 47410, Malaysia"
1844,04/12/2015,19:13:32,malay,male,fat,23.0,yes,toddler ,47.0,5.0,21.0,3.181536259,101.5850806,"Jalan Rimba Riang 9/1A, Kota Damansara, Petaling Jaya, Petaling, Selangor, 47930, Malaysia"
1845,27/02/2016,4:56:51,malay,male,fat,37.0,no,baby,24.0,5.0,7.0,3.145756577,101.5834498,"Jalan PJU 3/20, Petaling Jaya, Petaling, Selangor, 47810, Malaysia"
1846,24/02/2016,14:38:52,chinese,female,fat,33.0,no,baby,20.0,1.0,13.0,3.153101284,101.6226557,"Jalan Burhanuddin Helmi, Taman Tun Dr Ismail, TTDI, Kuala Lumpur, 60000, Malaysia"
1847,29/12/2015,6:45:40,chinese,male,moderate,29.0,no,toddler ,23.0,2.0,17.0,3.12600963,101.6035921,"Jalan BU 11/17A, BU11, Bandar Utama, Petaling Jaya, Petaling, Selangor, 47410, Malaysia"
1848,28/01/2016,16:13:21,foreigner,male,fat,42.0,yes,toddler,39.0,3.0,8.0,3.081681411,101.6190964,"99 Speedmart, Jalan Klang Lama, SS 10, Bandar Sunway, Petaling Jaya, Petaling, Selangor, 46150, Malaysia"
1849,24/02/2016,14:57:13,indian,female,moderate,48.0,no,baby,30.0,1.0,7.0,3.166545156,101.5595517,"Pusat Penyelidikan Getah Malaysia, Jalan Sungai Buloh - Subang, Petaling Jaya, Petaling, Selangor, 47810, Malaysia"
1850,17/02/2016,8:15:25,indian,female,moderate,20.0,no,no_kids,53.0,3.0,15.0,3.147505998,101.6469566,"Bahagian Teknologi Pendidikan, Persiaran Bukit Kiara, Bukit Kiara, Bukit Damansara, Kuala Lumpur, 50490, Malaysia"
1851,04/02/2016,19:21:20,malay,female,fat,54.0,yes,young,12.0,2.0,20.0,3.131946816,101.5829449,"Driving Range, Jalan TR 8/3, Tropicana Golf & Country Resort, Petaling Jaya, Petaling, Selangor, 47410, Malaysia"
1852,15/02/2016,21:38:49,malay,male,fat,22.0,yes,toddler,16.0,5.0,16.0,3.09627973,101.6334519,"BHPetrol Jalan 222, Jalan 51A/225, Sungai Way, Petaling Jaya, Petaling, Selangor, 46000, Malaysia"
1853,12/12/2015,9:11:30,indian,female,moderate,35.0,yes,toddler,51.0,5.0,10.0,3.098342154,101.5571589,"Jalan Montfort, Section U1, Shah Alam, Petaling, Selangor, 40150, Malaysia"
1854,26/12/2015,23:01:47,foreigner,female,fat,54.0,no,young,21.0,2.0,17.0,3.063227204,101.5857165,"Lebuhraya Shah Alam, Subang Jaya, Petaling, Selangor, 47200, Malaysia"
1855,12/12/2015,10:22:21,foreigner,female,thin,53.0,no,young,12.0,4.0,16.0,3.101882815,101.5938516,"Jalan SS 7/17, SS7, Petaling Jaya, Petaling Jaya, Petaling, Selangor, 47302, Malaysia"
1856,29/02/2016,15:00:23,foreigner,female,fat,52.0,no,no_kids,53.0,2.0,9.0,3.157417853,101.5791497,"Jalan Cecawi 6/28A, Kota Damansara, Petaling Jaya, Petaling, Selangor, 47810, Malaysia"
1857,04/01/2016,23:00:17,chinese,male,thin,40.0,yes,no_kids,11.0,5.0,9.0,3.10418662,101.6401901,"Oversea Restaurant, Lorong Utara C, PJ State, Petaling Jaya, Petaling, Selangor, 46200, Malaysia"
1858,02/12/2015,11:46:51,malay,male,fat,39.0,yes,young,57.0,2.0,17.0,3.155672152,101.5774649,"Kota Damansara, Petaling Jaya, Petaling, Selangor, 47810, Malaysia"
1859,17/12/2015,2:05:11,indian,male,fat,25.0,yes,toddler,41.0,4.0,10.0,3.097972687,101.5724271,"The Valley Course, Lebuhraya Baru Lembah Klang, Section U1, Glenmarie, Shah Alam, Petaling, Selangor, 40250, Malaysia"
1860,02/12/2015,23:02:24,chinese,female,moderate,23.0,no,young,16.0,4.0,8.0,3.061155238,101.6134075,"Pejabat Plaza Tol Sunway, Lebuhraya Damansara–Puchong, Bandar Sunway, Subang Jaya, Petaling, Selangor, 41100, Malaysia"
1861,17/12/2015,8:16:20,chinese,male,moderate,47.0,no,toddler ,18.0,4.0,18.0,3.091981768,101.6092357,"Jalan SS 3/2, SS 3, Sungai Way, Petaling Jaya, Petaling, Selangor, 47300, Malaysia"
1862,03/01/2016,4:34:34,foreigner,male,moderate,37.0,no,no_kids,22.0,3.0,21.0,3.128052667,101.6187632,"Jalan SS 22/27, SS 22, Damansara Jaya, Petaling Jaya, Petaling, Selangor, 47400, Malaysia"
1863,03/01/2016,19:57:43,foreigner,female,moderate,31.0,yes,no_kids,17.0,3.0,9.0,3.175470592,101.5804955,"Kota Damansara, Petaling Jaya, Petaling, Selangor, 47930, Malaysia"
1864,14/01/2016,15:36:30,indian,male,fat,21.0,yes,baby,46.0,5.0,14.0,3.169735117,101.561612,"Shah Alam, Petaling, Selangor, 47810, Malaysia"
1865,10/01/2016,5:09:34,foreigner,male,moderate,21.0,no,baby,53.0,3.0,7.0,3.05313024,101.5675301,"Plaza Tol Seafield, Jalan USJ 3A/1, USJ 3, UEP Subang Jaya, Subang Jaya, Petaling, Selangor, 47620, Malaysia"
1866,11/02/2016,11:19:16,malay,male,thin,53.0,no,toddler,46.0,2.0,14.0,3.135548477,101.6109459,"Kampung Sungai Kayu Ara, Damansara Utama, Petaling Jaya, Petaling, Selangor, 47400, Malaysia"
1867,16/02/2016,12:07:35,foreigner,female,thin,53.0,no,toddler ,55.0,5.0,15.0,3.070833966,101.5715611,"BNM Disaster Recovery Centre, Jalan Delima 1/2, Taman Perindustrian Subang Hi-Tech, Batu Tiga, Subang Jaya, Petaling, Selangor, 47620, Malaysia"
1868,22/02/2016,11:22:31,indian,male,fat,58.0,no,baby,18.0,0.0,8.0,3.120193842,101.6551019,"University of Malaya, Lorong 12/14A, Seksyen 12, PJ State, Kuala Lumpur, Petaling, Selangor, 50603, Malaysia"
1869,02/01/2016,23:19:46,malay,male,thin,34.0,no,young,48.0,0.0,14.0,3.073603182,101.5830169,"Jalan SS 17/2, SS 17, Pusat Bandar Subang Jaya, Subang Jaya, Petaling, Selangor, 47500, Malaysia"
1870,24/12/2015,14:08:22,chinese,female,fat,25.0,yes,baby,13.0,3.0,15.0,3.065251691,101.6175694,"Taylor's University Lakeside Campus, Jalan Taylors, PJS 7, Bandar Sunway, Subang Jaya, Petaling, Selangor, 41100, Malaysia"
1871,07/02/2016,18:41:40,foreigner,female,fat,38.0,yes,young,32.0,5.0,12.0,3.173589772,101.5808422,"Kota Damansara, Petaling Jaya, Petaling, Selangor, 47930, Malaysia"
1872,01/01/2016,6:32:02,indian,female,fat,27.0,no,no_kids,19.0,5.0,18.0,3.112532902,101.6498088,"Jalan 11/4F, Seksyen 11, PJ State, Petaling Jaya, Petaling, Selangor, 50603, Malaysia"
1873,23/12/2015,8:02:49,foreigner,male,thin,49.0,yes,toddler,55.0,3.0,16.0,3.144228842,101.6107392,"BU7, Bandar Utama, Petaling Jaya, Petaling, Selangor, 47800, Malaysia"
1874,03/02/2016,15:12:33,chinese,male,fat,36.0,yes,young,38.0,2.0,14.0,3.134959557,101.6316015,"Jalan Damansara, Kuala Lumpur, 60000, Malaysia"
1875,01/01/2016,23:45:16,malay,female,thin,20.0,no,no_kids,46.0,1.0,13.0,3.146942759,101.6062784,"BU6, Bandar Utama, Petaling Jaya, Petaling, Selangor, 47800, Malaysia"
1876,18/02/2016,3:36:28,indian,female,moderate,58.0,yes,toddler,29.0,4.0,7.0,3.086873012,101.5775627,"Temasya Industrial Park, Glenmarie, Shah Alam, Petaling, Selangor, 40250, Malaysia"
1877,22/02/2016,2:47:22,chinese,male,thin,46.0,no,toddler ,16.0,3.0,18.0,3.172493819,101.5623266,"Shah Alam, Petaling, Selangor, 47810, Malaysia"
1878,16/12/2015,13:49:20,chinese,female,fat,51.0,yes,young,21.0,2.0,11.0,3.09434435,101.6274003,"Jalan 51A/231, Sungai Way, Petaling Jaya, Petaling, Selangor, 46100, Malaysia"
1879,21/01/2016,19:06:47,malay,female,moderate,49.0,no,no_kids,45.0,4.0,13.0,3.129686653,101.6009475,"Persiaran Tropicana, Petaling Jaya, Petaling, Selangor, 47410, Malaysia"
1880,13/12/2015,15:18:22,chinese,male,moderate,52.0,no,toddler ,29.0,0.0,20.0,3.063054463,101.5706983,"Lebuhraya Shah Alam, UEP Subang Jaya, Subang Jaya, Petaling, Selangor, 47620, Malaysia"
1881,15/01/2016,4:49:01,foreigner,female,fat,21.0,no,toddler,21.0,2.0,19.0,3.142648457,101.6061466,"BU7, Bandar Utama, Petaling Jaya, Petaling, Selangor, 47800, Malaysia"
1882,11/12/2015,10:49:42,chinese,male,moderate,56.0,yes,young,16.0,3.0,9.0,3.094677297,101.5949299,"Kompleks Sukan Kelana Jaya, Jalan SS 7/2, SS7, Petaling Jaya, Petaling Jaya, Petaling, Selangor, 43701, Malaysia"
1883,19/02/2016,2:16:02,malay,female,fat,59.0,yes,toddler ,57.0,0.0,7.0,3.106655603,101.62668,"Jalan 20/10, Paramount Garden, Petaling Jaya, Petaling, Selangor, 46300, Malaysia"
1884,09/02/2016,16:45:42,malay,female,moderate,45.0,no,toddler,58.0,0.0,8.0,3.129804744,101.5635869,"GE Engine Services Malaysia Sdn Bhd, Persiaran A, Shah Alam, Petaling, Selangor, 40150, Malaysia"
1885,22/12/2015,23:24:27,chinese,male,thin,40.0,no,no_kids,25.0,2.0,17.0,3.070209711,101.5635944,"Persiaran Teknologi Subang, Batu Tiga, Subang Jaya, Petaling, Selangor, 47620, Malaysia"
1886,06/02/2016,20:46:40,malay,male,moderate,21.0,yes,toddler ,56.0,4.0,18.0,3.05369563,101.6362534,"Jalan BK 3/1, Bandar Kinrara 3, Bandar Kinrara, Puchong, Subang Jaya, Petaling, Selangor, 47170, Malaysia"
1887,19/02/2016,0:56:34,malay,male,fat,58.0,yes,toddler,48.0,0.0,7.0,3.163402109,101.5991923,"Brick & Metal studio, Jalan PJU 3/45, Sunway Damansara, Mutiara Damansara, Petaling Jaya, Petaling, Selangor, 46800, Malaysia"
1888,03/02/2016,15:34:22,indian,male,thin,57.0,no,toddler,22.0,5.0,19.0,3.179243486,101.6452752,"Residensi Harmoni 2, Jalan Prima Pelangi 7, Bukit Prima Pelangi, Kuala Lumpur, 52200, Malaysia"
1889,02/12/2015,23:16:01,malay,female,fat,23.0,yes,toddler ,47.0,0.0,19.0,3.164668826,101.5941462,"Kota Damansara, Petaling Jaya, Petaling, Selangor, 46800, Malaysia"
1890,20/01/2016,11:36:31,foreigner,female,moderate,60.0,no,baby,18.0,5.0,11.0,3.177295783,101.6334647,"Jalan Palimbayan, Kuala Lumpur, 52200, Malaysia"
1891,21/02/2016,22:10:25,foreigner,male,thin,54.0,yes,young,34.0,3.0,7.0,3.096577708,101.6478743,"Jalan 6/21, Seksyen 6, PJ State, Petaling Jaya, Petaling, Selangor, 46990, Malaysia"
1892,21/02/2016,12:30:31,foreigner,male,moderate,60.0,yes,no_kids,30.0,4.0,16.0,3.049599913,101.6151994,"Puchong, Subang Jaya, Petaling, Selangor, 47170, Malaysia"
1893,27/01/2016,1:25:46,chinese,male,fat,36.0,no,no_kids,15.0,2.0,12.0,3.118949919,101.5647515,"Masjid Lapangan Terbang Subang, Persiaran A, Shah Alam, Petaling, Selangor, 40150, Malaysia"
1894,23/12/2015,17:55:53,malay,female,moderate,53.0,yes,young,25.0,2.0,7.0,3.164933756,101.5853427,"Kota Damansara, Petaling Jaya, Petaling, Selangor, 47810, Malaysia"
1895,16/12/2015,19:22:36,foreigner,male,fat,29.0,yes,young,25.0,4.0,15.0,3.099622522,101.6052666,"SK Sri Kelana, Kelana Jaya, SS6 Kelana Jaya, Kelana Jaya, Petaling Jaya, Petaling, Selangor, 47300, Malaysia"
1896,16/12/2015,14:50:07,malay,male,fat,45.0,yes,toddler,48.0,5.0,13.0,3.158829835,101.6176041,"Pinggiran TTDI, Kuala Lumpur, 60000, Malaysia"
1897,29/12/2015,5:36:01,malay,female,moderate,60.0,no,toddler ,19.0,5.0,17.0,3.124833821,101.5936511,"Damansara Legenda, Petaling Jaya, Petaling, Selangor, 47410, Malaysia"
1898,10/02/2016,23:39:12,foreigner,male,fat,44.0,yes,no_kids,23.0,3.0,19.0,3.086632288,101.6055722,"Sunway Serene Sales Gallery, Jalan SS 7/4, SS7, Petaling Jaya, Petaling Jaya, Petaling, Selangor, 43701, Malaysia"
1899,28/12/2015,23:05:26,chinese,male,thin,34.0,no,young,37.0,3.0,10.0,3.08341365,101.5912959,"SS 16, Pusat Bandar Subang Jaya, Subang Jaya, Petaling, Selangor, 43701, Malaysia"
1900,27/02/2016,0:52:17,chinese,male,fat,19.0,yes,baby,34.0,1.0,21.0,3.108226593,101.6432053,"Kompleks Sukan Astaka MBPJ, Lorong Utara B, PJ State, Petaling Jaya, Petaling, Selangor, 46200, Malaysia"
1901,27/01/2016,6:17:07,foreigner,male,fat,23.0,no,no_kids,25.0,4.0,9.0,3.174092544,101.6417881,"Lightning Ridge, Kiaramas, Kuala Lumpur, 52200, Malaysia"
1902,28/01/2016,5:46:17,foreigner,female,thin,59.0,no,toddler,15.0,5.0,9.0,3.119692646,101.6296155,"Kanna Curry House, Jalan Harapan, Petaling Jaya, Petaling, Selangor, 46400, Malaysia"
1903,27/02/2016,10:38:25,malay,female,fat,38.0,yes,young,44.0,1.0,18.0,3.094093788,101.6036232,"Jalan SS 5A/1, SS5A, Petaling Jaya, Kelana Jaya, Petaling Jaya, Petaling, Selangor, 43701, Malaysia"
1904,15/02/2016,10:31:29,malay,female,fat,29.0,yes,toddler ,59.0,0.0,19.0,3.175433563,101.5928858,"Unity Trail, Kota Damansara, Petaling Jaya, Petaling, Selangor, 47930, Malaysia"
1905,14/12/2015,7:49:25,indian,male,moderate,34.0,no,young,56.0,3.0,9.0,3.072293706,101.6049515,"Sunway Lagoon, Jalan University, PJS 11, Bandar Sunway, Subang Jaya, Petaling, Selangor, 41100, Malaysia"
1906,19/12/2015,19:15:29,foreigner,male,thin,22.0,yes,baby,53.0,3.0,12.0,3.136744822,101.5693579,"Petaling Jaya, Petaling, Selangor, Malaysia"
1907,17/02/2016,7:24:05,malay,female,thin,21.0,no,baby,42.0,3.0,16.0,3.065455702,101.587607,"Jalan SS 14/7E, SS 14, Pusat Bandar Subang Jaya, Subang Jaya, Petaling, Selangor, 47500, Malaysia"
1908,17/02/2016,3:32:01,malay,female,thin,19.0,yes,toddler,38.0,0.0,17.0,3.171020334,101.6258094,"Kampung Palimbayan Indah, Kuala Lumpur, 47820, Malaysia"
1909,21/12/2015,2:27:30,chinese,male,thin,27.0,yes,no_kids,34.0,4.0,14.0,3.078871573,101.6184846,"Jalan PJS 6/6G, PJS 6, Sungai Way, Petaling Jaya, Petaling, Selangor, 46150, Malaysia"
1910,10/02/2016,1:16:27,indian,female,moderate,58.0,yes,baby,34.0,5.0,12.0,3.137772616,101.6102003,"Centrepoint Bandar Utama, Jalan BU 1/11, BU1, Bandar Utama, Petaling Jaya, Petaling, Selangor, 47400, Malaysia"
1911,25/01/2016,20:04:44,indian,male,fat,18.0,yes,baby,54.0,5.0,15.0,3.151095747,101.5588754,"Subang Airport, Damansara–Shah Alam Elevated Expressway, Puncak Perdana, Seksyen U10, Subang, Petaling Jaya, Petaling, Selangor, 47820, Malaysia"
1912,14/01/2016,12:42:31,malay,male,moderate,34.0,yes,no_kids,31.0,4.0,18.0,3.074730286,101.6558606,"Jalan 9, Seri Sentosa, Kuala Lumpur, 58200, Malaysia"
1913,01/03/2016,7:28:24,chinese,female,thin,20.0,no,baby,40.0,2.0,11.0,3.115935322,101.5642081,"Jalan Lapangan Terbang Subang, Shah Alam, Petaling, Selangor, 40150, Malaysia"
1914,14/01/2016,4:33:30,malay,male,fat,21.0,yes,toddler,38.0,3.0,7.0,3.090461548,101.5565099,"Montfort Boys Town, Jalan Montfort, Section U1, Shah Alam, Petaling, Selangor, 40150, Malaysia"
1915,16/12/2015,10:20:06,chinese,male,fat,22.0,no,toddler ,30.0,3.0,17.0,3.126910991,101.6592704,"University of Malaya, Lorong 12/14A, Seksyen 12, PJ State, Kuala Lumpur, Petaling, Selangor, 50603, Malaysia"
1916,26/02/2016,12:43:31,foreigner,male,fat,30.0,yes,toddler,37.0,4.0,11.0,3.128346913,101.6191629,"Jalan SS 22/41, SS 22, Damansara Jaya, Petaling Jaya, Petaling, Selangor, 47400, Malaysia"
1917,14/02/2016,9:41:02,foreigner,female,thin,25.0,yes,toddler,29.0,0.0,14.0,3.093088331,101.5807409,"Glenmarie, Shah Alam, Petaling, Selangor, 40250, Malaysia"
1918,16/02/2016,21:47:16,chinese,female,thin,33.0,yes,young,38.0,2.0,19.0,3.117335137,101.6490025,"Jalan Prof Diraja Ungku Aziz, PJ State, Petaling Jaya, Petaling, Selangor, 50603, Malaysia"
1919,30/12/2015,3:03:12,foreigner,female,fat,53.0,yes,toddler,54.0,1.0,17.0,3.050357675,101.6149996,"Puchong, Subang Jaya, Petaling, Selangor, 47170, Malaysia"
1920,21/02/2016,10:45:53,chinese,male,moderate,59.0,no,baby,29.0,5.0,18.0,3.106632098,101.6203068,"Jalan 21/27, SEA Park, Petaling Jaya, Petaling, Selangor, 46300, Malaysia"
1921,05/12/2015,22:23:48,indian,female,thin,47.0,yes,toddler ,48.0,2.0,14.045362392295996,3.161923772,101.6025774,"Block L, Lorong PJU 7/15B, Mutiara Damansara (PJU 7), Mutiara Damansara, Petaling Jaya, Petaling, Selangor, 46800, Malaysia"
1922,29/12/2015,11:31:07,chinese,male,moderate,43.0,yes,no_kids,25.0,2.0,9.0,3.078300258,101.5951167,"Jalan SS 12/1C, SS 12, Pusat Bandar Subang Jaya, Subang Jaya, Petaling, Selangor, 47500, Malaysia"
1923,04/02/2016,5:44:55,indian,male,fat,46.0,no,baby,60.0,3.0,17.0,3.069278905,101.5650717,"Visitors Parking at Tropicana Metropark Sales Gallery, Jalan MP 1, Tropicana Metropark, Batu Tiga, Subang Jaya, Petaling, Selangor, 40150, Malaysia"
1924,19/01/2016,9:34:34,foreigner,male,moderate,19.0,yes,toddler,12.0,0.0,14.045362392295996,3.099558861,101.6207723,"3, Jalan SS 1/39, SS 1, Sungai Way, Petaling Jaya, Petaling, Selangor, 47300, Malaysia"
1925,19/01/2016,19:30:31,chinese,female,thin,27.0,no,baby,43.0,0.0,16.0,3.084368016,101.6506399,"Jalan 1/8, Seksyen 1, PJ Old Town, Petaling Jaya, Petaling, Selangor, 46000, Malaysia"
1926,26/02/2016,2:02:28,chinese,female,moderate,30.0,yes,toddler,29.0,4.0,19.0,3.141630962,101.6270155,"Nizra AutoHaus, Jalan Tun Mohd Fuad 3, Taman Tun Dr Ismail, TTDI, Kuala Lumpur, 60000, Malaysia"
1927,27/01/2016,10:56:43,malay,female,moderate,59.0,no,no_kids,25.0,0.0,17.0,3.142001778,101.5565008,"Jalan Lapangan Terbang Subang, Petaling Jaya, Petaling, Selangor, 40150, Malaysia"
1928,19/02/2016,3:09:35,malay,female,fat,22.0,no,baby,35.67082167387433,4.0,9.0,3.158301966,101.6508381,"Lim Tayar Hartamas, Jalan Sri Hartamas 9, Desa Sri Hartamas, Kuala Lumpur, 50480, Malaysia"
1929,11/01/2016,22:27:35,foreigner,female,moderate,33.0,yes,no_kids,50.0,1.0,21.0,3.051654057,101.6179497,"Puchong, Subang Jaya, Petaling, Selangor, 47170, Malaysia"
1930,29/02/2016,2:36:25,chinese,male,thin,25.0,no,toddler ,16.0,2.0,11.0,3.139967896,101.5765397,"Petaling Jaya, Petaling, Selangor, 47810, Malaysia"
1931,05/02/2016,18:26:47,foreigner,female,fat,49.0,no,baby,13.0,5.0,14.045362392295996,3.161689036,101.620786,"Jalan Seri Penchala 1, Kampung Sungai Penchala, Kuala Lumpur, 47820, Malaysia"
1932,17/01/2016,19:50:13,chinese,female,fat,41.0,no,no_kids,35.67082167387433,2.0,20.0,3.079290972,101.6559449,"Taman Kanagapuram, PJ Old Town, Petaling Jaya, Petaling, Selangor, 46000, Malaysia"
1933,18/12/2015,10:53:19,malay,male,fat,30.0,no,toddler ,32.0,4.0,20.0,3.078056062,101.6262197,"Tadika Khalifah Mentari, Jalan PJS 5/28, Petaling Jaya Commercial City, Sungai Way, Petaling Jaya, Petaling, Selangor, 46150, Malaysia"
1934,21/12/2015,23:37:02,foreigner,male,thin,33.0,no,young,19.0,4.0,12.0,3.112730246,101.6308234,"Kulitkraf Sdn Bhd, Jalan 19/1, Seksyen 19, Petaling Jaya, Petaling, Selangor, 57300, Malaysia"
1935,08/01/2016,3:17:00,malay,male,fat,31.0,no,toddler,35.67082167387433,2.0,17.0,3.062184499,101.6544365,"Jalan Tiara, Mutiara Bukit Jalil, Bukit Jalil, Kuala Lumpur, 47180, Malaysia"
1936,03/02/2016,22:53:09,foreigner,female,thin,43.0,no,baby,46.0,4.0,9.0,3.076527236,101.5790262,"Foot Path, SS 19, Pusat Bandar Subang Jaya, Subang Jaya, Petaling, Selangor, 47500, Malaysia"
1937,07/12/2015,7:42:18,foreigner,female,thin,36.0,no,young,42.0,5.0,21.0,3.123499572,101.5923488,"Damansara Idaman, Ara Damansara, Petaling Jaya, Petaling, Selangor, 47410, Malaysia"
1938,23/12/2015,20:08:33,malay,female,thin,41.0,no,toddler,36.0,1.0,9.0,3.108462215,101.5601484,"Jalan Saujana Indah 10, Taman Perindustrian Saujana Indah, Shah Alam, Petaling, Selangor, 40150, Malaysia"
1939,18/02/2016,14:05:16,indian,female,moderate,56.0,yes,baby,26.0,3.0,15.0,3.080611878,101.6359988,"PJS 2, Petaling Jaya Selatan, Petaling Jaya, Petaling, Selangor, 46050, Malaysia"
1940,13/02/2016,13:55:18,indian,female,fat,37.0,yes,young,26.0,0.0,19.0,3.170290102,101.5803748,"Kota Damansara, Petaling Jaya, Petaling, Selangor, Malaysia"
1941,04/01/2016,7:59:07,malay,male,fat,41.0,no,young,34.0,2.0,7.0,3.152972619,101.5593088,"Damansara–Shah Alam Elevated Expressway, Puncak Perdana, Seksyen U10, Subang, Shah Alam, Petaling, Selangor, 47820, Malaysia"
1942,10/01/2016,21:16:56,indian,female,fat,41.0,yes,young,20.0,4.0,17.0,3.055057492,101.596806,"Jalan Subang 2, USJ 1, UEP Subang Jaya, Puchong, Subang Jaya, Petaling, Selangor, 47200, Malaysia"
1943,08/01/2016,15:38:57,malay,male,thin,42.0,no,baby,31.0,4.0,12.0,3.068924103,101.5734391,"SS 19/5B, SS 19, Pusat Bandar Subang Jaya, Subang Jaya, Petaling, Selangor, 47500, Malaysia"
1944,22/12/2015,12:15:51,foreigner,female,moderate,32.0,yes,baby,16.0,3.0,8.0,3.133359085,101.6447155,"Jalan KGPA, Kuala Lumpur, 46350, Malaysia"
1945,04/01/2016,11:52:23,foreigner,male,moderate,50.0,no,toddler,31.0,4.0,19.0,3.153727618,101.5909851,"Kota Damansara, Petaling Jaya, Petaling, Selangor, 47810, Malaysia"
1946,02/01/2016,3:38:09,malay,male,fat,52.0,no,baby,15.0,2.0,16.0,3.166661857,101.6429833,"Jalan Desa Kiara, Kiaramas, Mont Kiara, Kuala Lumpur, 50490, Malaysia"
1947,12/01/2016,18:11:40,malay,female,moderate,54.0,yes,no_kids,53.0,3.0,21.0,3.119492681,101.6053411,"Jalan SS 26/7B, Taman Mayang Jaya, Petaling Jaya, Petaling, Selangor, 47301, Malaysia"
1948,14/01/2016,17:19:38,indian,male,moderate,43.0,yes,toddler ,60.0,5.0,17.0,3.056903671,101.571831,"Jalan USJ 3D/6, USJ 3, UEP Subang Jaya, Subang Jaya, Petaling, Selangor, 47620, Malaysia"
1949,11/01/2016,2:17:00,chinese,female,moderate,27.0,yes,no_kids,49.0,4.0,14.0,3.060525411,101.6105832,"Jalan PJS 9/1B, PJS 9, Bandar Sunway, Puchong, Subang Jaya, Petaling, Selangor, 41100, Malaysia"
1950,28/12/2015,0:51:43,indian,female,thin,57.0,no,no_kids,27.0,5.0,11.0,3.139976325,101.6200599,"Jalan SS 21/21, SS 21, Damansara Utama, Petaling Jaya, Petaling, Selangor, 47400, Malaysia"
1951,18/01/2016,13:04:16,chinese,male,fat,30.0,yes,no_kids,58.0,5.0,10.0,3.166348646,101.6241716,"Jalan Penchala Indah, Kampung Sungai Penchala, Kuala Lumpur, 47820, Malaysia"
1952,11/12/2015,19:04:53,chinese,female,thin,32.0,yes,toddler ,60.0,2.0,18.0,3.160546296,101.5707907,"Taman Industri Sungai Buloh, Petaling Jaya, Petaling, Selangor, 47810, Malaysia"
1953,07/02/2016,20:58:23,malay,male,moderate,41.0,no,toddler,56.0,0.0,18.0,3.072113954,101.6509209,"Jalan Sri Sentosa 13, Kuala Lumpur, 46990, Malaysia"
1954,18/12/2015,2:00:31,foreigner,female,moderate,48.0,yes,toddler ,42.0,1.0,12.0,3.096713738,101.5786775,"The Garden Course, Jalan Rektor U1/7, Glenmarie Gardens, Glenmarie, Shah Alam, Petaling, Selangor, 40250, Malaysia"
1955,04/12/2015,21:41:38,indian,male,moderate,26.0,no,toddler ,21.0,1.0,19.0,3.171614327,101.656245,"Changkat Suria, The Residence at Mont Kiara, Mont Kiara, Kuala Lumpur, 50480, Malaysia"
1956,26/02/2016,2:45:07,malay,male,thin,40.0,no,young,17.0,4.0,11.0,3.134752994,101.596325,"Lebuhraya Baru Lembah Klang, Petaling Jaya, Petaling, Selangor, 47410, Malaysia"
1957,30/12/2015,7:27:49,malay,male,thin,27.0,no,young,29.0,2.0,13.0,3.141554963,101.5579298,"Jalan Lapangan Terbang Subang, Petaling Jaya, Petaling, Selangor, 40150, Malaysia"
1958,31/12/2015,2:01:09,chinese,female,thin,44.0,no,no_kids,11.0,0.0,21.0,3.068494229,101.5943038,"3K Sport Complex, Jalan SS 13/1, SS 13, Pusat Bandar Subang Jaya, Subang Jaya, Petaling, Selangor, 47500, Malaysia"
1959,14/02/2016,1:37:07,foreigner,male,thin,36.0,yes,baby,21.0,0.0,10.0,3.160884514,101.5876709,"SRA Kota Damansara, Jalan Sepah Puteri 5/20, Kota Damansara, Petaling Jaya, Petaling, Selangor, 47810, Malaysia"
1960,05/02/2016,8:10:40,malay,male,thin,42.0,yes,toddler,58.0,2.0,13.0,3.056824314,101.5953359,"CLLS, Persiaran Subang Permai, USJ 1, UEP Subang Jaya, Puchong, Subang Jaya, Petaling, Selangor, 47200, Malaysia"
1961,30/01/2016,12:31:29,foreigner,male,moderate,36.0,no,toddler,54.0,2.0,10.0,3.081467861,101.5621013,"Jalan Juruanalisis U1/35, Prima U1, Glenmarie, Shah Alam, Petaling, Selangor, 40250, Malaysia"
1962,08/12/2015,18:09:19,foreigner,male,fat,56.0,no,young,51.0,3.0,17.0,3.102656119,101.5925226,"Jalan SS 7/19, SS7, Petaling Jaya, Petaling Jaya, Petaling, Selangor, 47302, Malaysia"
1963,21/01/2016,5:27:27,chinese,male,moderate,22.0,yes,young,52.0,5.0,21.0,3.14766326,101.5628372,"Plaza Tol RRIM (Kwasa Damansara), Damansara–Shah Alam Elevated Expressway, Sunway Damansara, Kota Damansara, Petaling Jaya, Petaling, Selangor, 47820, Malaysia"
1964,12/02/2016,14:18:43,foreigner,female,fat,25.0,yes,toddler,54.0,1.0,8.0,3.099985944,101.5915969,"Kelana Centre Point, Jalan SS 7/19, SS7, Petaling Jaya, Petaling Jaya, Petaling, Selangor, 43701, Malaysia"
1965,26/02/2016,10:07:18,malay,female,thin,40.0,no,baby,52.0,0.0,19.0,3.135969417,101.6477804,"Jalan Bukit Kiara 1, Bukit Kiara, Kuala Lumpur, 60000, Malaysia"
1966,03/02/2016,1:10:11,chinese,female,fat,19.0,no,baby,41.0,2.0,17.0,3.068262754,101.6403989,"Lebuhraya Shah Alam, Rumah Pangsa Mawar (Blok A,B,C), Subang Jaya, Petaling, Selangor, 46150, Malaysia"
1967,18/12/2015,21:00:17,malay,male,fat,20.0,no,young,15.0,3.0,15.0,3.130984042,101.5593393,"Shah Alam, Petaling, Selangor, 40150, Malaysia"
1968,10/01/2016,17:57:03,indian,male,thin,38.0,no,no_kids,36.0,1.0,20.0,3.152104459,101.6117075,"SK Bandar Utama Damansara (4), Jalan BU 4/6, BU4, Bandar Utama, Petaling Jaya, Petaling, Selangor, 47800, Malaysia"
1969,22/12/2015,21:11:07,malay,female,fat,56.0,yes,no_kids,41.0,3.0,7.0,3.156544509,101.5984395,"Lebuhraya Baru Lembah Klang, Mutiara Damansara, Petaling Jaya, Petaling, Selangor, 46800, Malaysia"
1970,27/12/2015,4:57:45,malay,female,moderate,35.0,no,toddler ,21.0,1.0,16.0,3.138479871,101.5768035,"Petaling Jaya, Petaling, Selangor, 47810, Malaysia"
1971,16/12/2015,11:48:25,chinese,female,fat,26.0,yes,toddler ,58.0,0.0,17.0,3.07482803,101.5913733,"At-Tamimi International School, Jalan SS 15/7, SS 15, Pusat Bandar Subang Jaya, Subang Jaya, Petaling, Selangor, 47500, Malaysia"
1972,18/12/2015,20:35:04,indian,male,thin,49.0,yes,toddler,14.0,3.0,9.0,3.118851512,101.6301273,"Jalan 17/43, Seksyen 17, Petaling Jaya, Petaling, Selangor, 46400, Malaysia"
1973,11/12/2015,12:40:30,indian,female,fat,49.0,no,young,40.0,1.0,9.0,3.138654842,101.6409232,"TPC Kuala Lumpur, Lebuhraya Sprint, Bukit Kiara, Kuala Lumpur, 46350, Malaysia"
1974,18/12/2015,14:11:35,chinese,female,moderate,27.0,yes,no_kids,41.0,2.0,20.0,3.10634799,101.650315,"Jalan 10/10B, Seksyen 10, PJ State, Petaling Jaya, Petaling, Selangor, 46000, Malaysia"
1975,04/12/2015,5:09:37,indian,male,thin,36.0,yes,no_kids,33.0,5.0,18.0,3.063717627,101.5756087,"Jalan SS 19/6A, SS 19, Pusat Bandar Subang Jaya, Subang Jaya, Petaling, Selangor, 47610, Malaysia"
1976,12/02/2016,3:54:31,chinese,male,moderate,47.0,no,young,48.0,3.0,14.0,3.140927636,101.5824651,"Jalan PJU 3/20, Petaling Jaya, Petaling, Selangor, 47810, Malaysia"
1977,30/12/2015,7:53:39,indian,male,moderate,23.0,no,toddler ,20.0,1.0,16.0,3.071165539,101.6476334,"Bayview Court, Jalan Taman Seri Sentosa, PJS 3, Petaling Jaya Selatan, Kuala Lumpur, Petaling, Selangor, 46050, Malaysia"
1978,06/02/2016,3:09:23,chinese,female,moderate,28.0,no,toddler,43.0,2.0,15.0,3.058239232,101.6584457,"Bandar Kinrara Industrial Park, Bandar Kinrara, Subang Jaya, Petaling, Selangor, 47100, Malaysia"
1979,10/02/2016,22:02:42,chinese,male,moderate,18.0,no,young,17.0,0.0,21.0,3.164965043,101.6457551,"Lebuhraya Sprint, Kiaramas, Kuala Lumpur, 50480, Malaysia"
1980,19/02/2016,17:18:03,indian,male,moderate,45.0,no,toddler ,36.0,5.0,13.0,3.133535938,101.5794868,"Jalan TR 8/3, Tropicana Golf & Country Resort, Petaling Jaya, Petaling, Selangor, 47410, Malaysia"
1981,05/12/2015,4:41:40,foreigner,female,fat,26.0,no,baby,57.0,0.0,19.0,3.15629761,101.5618686,"Jalan Sungai Buloh - Subang, Petaling Jaya, Petaling, Selangor, 47810, Malaysia"
1982,31/01/2016,9:34:08,indian,female,thin,40.0,no,toddler ,16.0,2.0,8.0,3.127273975,101.6015594,"Kampung Chempaka, Petaling Jaya, Petaling, Selangor, 47410, Malaysia"
1983,29/02/2016,10:38:04,foreigner,male,thin,52.0,yes,toddler ,21.0,5.0,17.0,3.149889571,101.5587754,"Hentian Sebelah RRIM (Kwasa Damansara), Damansara–Shah Alam Elevated Expressway, Puncak Perdana, Seksyen U10, Subang, Petaling Jaya, Petaling, Selangor, 47820, Malaysia"
1984,07/12/2015,18:22:18,malay,female,thin,50.0,yes,toddler ,37.0,2.0,19.0,3.101024871,101.6054666,"Jalan SS 5/1, SS5B, Petaling Jaya, Kelana Jaya, Petaling Jaya, Petaling, Selangor, 47300, Malaysia"
1985,02/01/2016,17:16:16,indian,female,thin,34.0,yes,toddler,44.0,5.0,9.0,3.069521851,101.5990422,"Spirax Sarco, Jalan PJS 11/1, PJS 11, Bandar Sunway, Subang Jaya, Petaling, Selangor, 47500, Malaysia"
1986,20/02/2016,0:18:36,chinese,male,fat,48.0,no,toddler,40.0,4.0,13.0,3.17140045,101.6045952,"Damansara Perdana (PJU 8), Mutiara Damansara, Petaling Jaya, Petaling, Selangor, Malaysia"
1987,07/01/2016,12:20:01,indian,male,fat,52.0,yes,young,34.0,3.0,13.0,3.082881847,101.6111562,"KD08 Setia Jaya, Lorong Motosikal Lebuhraya Persekutuan, Sungai Way, Petaling Jaya, Petaling, Selangor, 46150, Malaysia"
1988,28/12/2015,13:03:56,chinese,male,thin,26.0,yes,toddler,16.0,4.0,21.0,3.057223506,101.5866361,"Jalan USJ 2/1, USJ 2, UEP Subang Jaya, Subang Jaya, Petaling, Selangor, 47610, Malaysia"
1989,21/01/2016,4:17:24,foreigner,female,moderate,43.0,no,no_kids,51.0,5.0,8.0,3.154355122,101.6224425,"Lorong Rahim Kajai 13, Taman Tun Dr Ismail, TTDI, Kuala Lumpur, 60000, Malaysia"
1990,17/02/2016,18:01:40,foreigner,female,fat,35.0,yes,toddler ,60.0,4.0,7.0,3.052270456,101.6150228,"Puchong, Subang Jaya, Petaling, Selangor, 47170, Malaysia"
1991,29/01/2016,14:15:55,foreigner,female,thin,18.0,no,baby,17.0,2.0,12.0,3.078254205,101.6568265,"Block E, Jalan Taman Seri Sentosa, Seri Sentosa, Kuala Lumpur, 46990, Malaysia"
1992,25/02/2016,16:20:48,malay,female,moderate,60.0,no,toddler ,36.0,4.0,13.0,3.154361875,101.5695015,"Kota Damansara, Petaling Jaya, Petaling, Selangor, 47810, Malaysia"
1993,09/12/2015,18:43:30,indian,male,fat,38.0,no,toddler ,19.0,1.0,16.0,3.100858259,101.6067927,"Jalan SS 5B/1, SS5B, Petaling Jaya, Kelana Jaya, Petaling Jaya, Petaling, Selangor, 47300, Malaysia"
1994,26/01/2016,15:53:16,chinese,male,fat,39.0,yes,no_kids,34.0,2.0,17.0,3.073555034,101.6288663,"Jalan PJS 4/14, PJS 4, Petaling Jaya Selatan, Petaling Jaya, Petaling, Selangor, 46150, Malaysia"
1995,30/12/2015,23:46:31,foreigner,male,thin,27.0,yes,baby,53.0,0.0,11.0,3.162114695,101.5567872,"Pusat Penyelidikan Getah Malaysia, Jalan Sungai Buloh - Subang, Petaling Jaya, Petaling, Selangor, 47810, Malaysia"
1996,29/12/2015,23:32:54,malay,male,thin,32.0,no,toddler,45.0,4.0,16.0,3.066950311,101.5855231,"Jalan SS 18/4E, SS 18, Pusat Bandar Subang Jaya, Subang Jaya, Petaling, Selangor, 47500, Malaysia"
1997,04/01/2016,2:35:48,foreigner,male,fat,26.0,yes,baby,58.0,5.0,7.0,3.181295447,101.5979924,"PLUS, Petaling Jaya, Petaling, Selangor, 47930, Malaysia"
1998,28/01/2016,11:29:19,foreigner,female,fat,29.0,no,toddler,41.0,5.0,20.0,3.07192634,101.5687825,"Bank Negara Malaysia, Jalan Delima 1/2, Taman Perindustrian Subang Hi-Tech, Batu Tiga, Subang Jaya, Petaling, Selangor, 47620, Malaysia"
1999,20/02/2016,18:29:30,chinese,male,fat,27.0,no,toddler ,11.0,5.0,13.0,3.170174668,101.6397799,"Jalan Kiara 8, Serene Mont Kiara (U/C), Kuala Lumpur, 52200, Malaysia"
2000,17/12/2015,2:46:03,malay,male,fat,45.0,yes,baby,22.0,4.0,15.0,3.13227106,101.6119143,"Shell, Jalan Kenanga, Kampung Sungai Kayu Ara, Damansara Utama, Petaling Jaya, Petaling, Selangor, 47400, Malaysia"
2001,11/02/2016,14:40:04,foreigner,male,fat,51.0,no,no_kids,59.0,3.0,8.0,3.153483916,101.5890958,"Section 4, Villa Damansara, Kota Damansara, Petaling Jaya, Petaling, Selangor, 47810, Malaysia"
2002,29/01/2016,19:30:50,chinese,male,fat,26.0,yes,no_kids,29.0,4.0,17.0,3.135033185,101.6322201,"Damansara Regional Sewage Treatment Plant, Jalan Damansara, Kuala Lumpur, 60000, Malaysia"
2003,08/12/2015,4:11:52,indian,female,thin,27.0,no,no_kids,12.0,5.0,11.0,3.126404968,101.5737062,"Ara Idaman, Ara Damansara, Ara Damansara, Petaling Jaya, Petaling, Selangor, 47410, Malaysia"
2004,13/12/2015,12:17:04,malay,male,fat,53.0,yes,no_kids,17.0,4.0,17.0,3.181536607,101.6398779,"Jalan Desa Bistari, The Ridgewood, Kuala Lumpur, 52200, Malaysia"
2005,02/01/2016,21:10:54,foreigner,female,thin,21.0,yes,toddler,23.0,4.0,17.0,3.114979445,101.6201823,"Jalan SS 2/48, SS 2, Petaling Jaya, Petaling, Selangor, 57300, Malaysia"
2006,23/02/2016,15:07:32,indian,female,thin,60.0,yes,baby,17.0,0.0,16.0,3.151188946,101.6035602,"The Club @ Bukit Utama, Club Drive, Bandar Utama, Petaling Jaya, Petaling, Selangor, 47800, Malaysia"
2007,14/02/2016,21:54:19,malay,female,fat,26.0,no,no_kids,27.0,1.0,14.0,3.148372297,101.6359365,"4K, Kuala Lumpur, 60000, Malaysia"
2008,10/01/2016,3:50:44,foreigner,male,moderate,47.0,yes,baby,38.0,2.0,7.0,3.110730299,101.5756669,"The Japanese School of Kuala Lumpur, Persiaran Golf, Glenmarie, Shah Alam, Petaling, Selangor, 40150, Malaysia"
2009,01/12/2015,16:48:47,malay,female,fat,56.0,no,toddler,41.0,0.0,10.0,3.129377309,101.6134173,"Jalan SS 22 A/1, SS 22A, Damansara Jaya, Petaling Jaya, Petaling, Selangor, 47400, Malaysia"
2010,23/02/2016,22:58:49,malay,male,fat,36.0,yes,young,28.0,3.0,21.0,3.116305372,101.5623611,"PGU PDRM Hangar, Jalan Lapangan Terbang Subang, Shah Alam, Petaling, Selangor, 40150, Malaysia"
2011,16/02/2016,5:24:30,malay,male,fat,30.0,no,toddler,43.0,2.0,20.0,3.153538937,101.6118126,"SMK Bandar Utama Damansara (4), Dataran Bandar Utama, Bandar Utama, Petaling Jaya, Petaling, Selangor, 47800, Malaysia"
2012,07/01/2016,10:19:26,foreigner,female,fat,53.0,yes,no_kids,49.0,1.0,21.0,3.10691973,101.6402587,"VSQ PJ, Jalan Utara, PJ State, Petaling Jaya, Petaling, Selangor, 46200, Malaysia"
2013,17/01/2016,19:39:31,chinese,female,moderate,52.0,no,toddler ,38.0,4.0,18.0,3.075505338,101.5843097,"Jalan SS 17/3A, SS 17, Pusat Bandar Subang Jaya, Subang Jaya, Petaling, Selangor, 47500, Malaysia"
2014,31/01/2016,6:34:32,indian,male,fat,21.0,no,young,49.0,3.0,14.0,3.135016035,101.5965021,"Lebuhraya Baru Lembah Klang, Petaling Jaya, Petaling, Selangor, 47410, Malaysia"
2015,20/01/2016,21:18:53,malay,female,moderate,30.0,no,no_kids,19.0,5.0,10.0,3.089774794,101.582552,"Dewan Anggerik, Jalan Pendaftar U1/54, Glenmarie, Shah Alam, Petaling, Selangor, 40250, Malaysia"
2016,07/02/2016,7:09:59,foreigner,male,fat,58.0,yes,toddler ,24.0,4.0,15.0,3.114321482,101.6362052,"Colgate-Palmolive (Malaysia) Sdn Bhd, Jalan 13/1, Seksyen 13, PJ State, Petaling Jaya, Petaling, Selangor, 46200, Malaysia"
2017,15/02/2016,21:33:16,malay,male,fat,18.0,no,baby,50.0,4.0,7.0,3.157269794,101.6377535,"Dirty Deeds, Kuala Lumpur, 60000, Malaysia"
2018,27/01/2016,22:47:57,malay,male,thin,60.0,yes,young,36.0,1.0,8.0,3.16806338,101.5615536,"Shah Alam, Petaling, Selangor, 47810, Malaysia"
2019,05/12/2015,5:51:05,malay,female,fat,28.0,no,baby,29.0,2.0,13.0,3.181041009,101.6002515,"PLUS, Petaling Jaya, Petaling, Selangor, 47930, Malaysia"
2020,06/01/2016,6:42:46,chinese,male,moderate,31.0,yes,no_kids,20.0,5.0,21.0,3.074980896,101.6562366,"Jalan 9, Seri Sentosa, Kuala Lumpur, 58200, Malaysia"
2021,19/02/2016,18:41:26,indian,female,thin,47.0,yes,toddler ,44.0,3.0,15.0,3.159938162,101.6520859,"Jalan Sri Hartamas 11, Desa Sri Hartamas, Kuala Lumpur, 50490, Malaysia"
2022,21/02/2016,2:59:14,malay,female,fat,26.0,yes,baby,41.0,4.0,18.0,3.119350507,101.6333424,"F, Jalan 17/1A, Seksyen 17, Petaling Jaya, Petaling, Selangor, 46400, Malaysia"
2023,07/01/2016,17:53:21,foreigner,male,moderate,59.0,yes,young,40.0,0.0,9.0,3.118854674,101.611889,"SS 23, Petaling Jaya, Petaling, Selangor, 57300, Malaysia"
2024,05/01/2016,16:41:51,indian,male,fat,42.0,no,baby,48.0,1.0,20.0,3.1769133,101.6323758,"Country Heights Damansara, Kuala Lumpur, 52200, Malaysia"
2025,18/01/2016,13:41:23,indian,female,thin,20.0,no,no_kids,35.0,4.0,7.0,3.125212863,101.5967778,"Jalan BM 1/5, Taman Bukit Mayang Mas, Petaling Jaya, Petaling, Selangor, 47410, Malaysia"
2026,01/12/2015,11:36:11,foreigner,male,thin,25.0,yes,no_kids,49.0,5.0,12.0,3.071130208,101.5682472,"Bank Negara Malaysia, Jalan Delima 1/2, Taman Perindustrian Subang Hi-Tech, Batu Tiga, Subang Jaya, Petaling, Selangor, 47620, Malaysia"
2027,19/01/2016,14:29:44,chinese,male,thin,34.0,yes,toddler ,16.0,5.0,13.0,3.089317468,101.627684,"Sungai Way, Petaling Jaya, Petaling, Selangor, 46100, Malaysia"
2028,27/01/2016,8:43:39,indian,male,moderate,22.0,no,baby,56.0,3.0,18.0,3.074788796,101.5698675,"Taman Perindustrian Subang Hi-Tech, Batu Tiga, Subang Jaya, Petaling, Selangor, 47500, Malaysia"
2029,10/12/2015,21:22:29,indian,female,thin,22.0,yes,toddler,43.0,4.0,7.0,3.059496595,101.6434883,"Jalan Puchong, Taman Kinrara, Subang Jaya, Petaling, Selangor, 47180, Malaysia"
2030,20/01/2016,18:06:39,indian,male,thin,26.0,no,baby,47.0,2.0,11.0,3.081459216,101.5770143,"Lorong Motosikal Lebuhraya Persekutuan, Glenmarie, Shah Alam, Petaling, Selangor, 40250, Malaysia"
2031,18/01/2016,15:29:33,malay,male,thin,46.0,no,young,39.0,3.0,13.0,3.101571592,101.6211624,"15, Jalan SS 1/37, SS 1, Petaling Jaya, Petaling, Selangor, 47300, Malaysia"
2032,13/12/2015,17:11:09,indian,female,moderate,45.0,no,young,58.0,5.0,9.0,3.127830915,101.6514612,"University of Malaya, Lorong 12/14A, Seksyen 12, PJ State, Kuala Lumpur, Petaling, Selangor, 50603, Malaysia"
2033,09/02/2016,5:09:00,chinese,male,fat,31.0,no,young,51.0,5.0,19.0,3.140693077,101.6142086,"SK Bandar Utama Damansara 2, Jalan BU 1/1A, BU1, Bandar Utama, Petaling Jaya, Petaling, Selangor, 47400, Malaysia"
2034,06/01/2016,21:29:29,foreigner,male,moderate,44.0,yes,no_kids,21.0,2.0,17.0,3.144674327,101.6246888,"58, Taman Zaaba, Taman Tun Dr Ismail, TTDI, Kuala Lumpur, 60000, Malaysia"
2035,06/01/2016,15:24:47,chinese,female,moderate,36.0,no,baby,36.0,0.0,12.0,3.152183697,101.6152854,"1 Utama (new wing), Lebuhraya Damansara–Puchong, Mutiara Damansara, Petaling Jaya, Petaling, Selangor, 47800, Malaysia"
2036,31/12/2015,13:31:16,malay,female,moderate,47.0,no,no_kids,18.0,4.0,8.0,3.157533836,101.6490304,"Petronas, Jalan Sri Hartamas 1, Desa Sri Hartamas, Kuala Lumpur, 50490, Malaysia"
2037,20/12/2015,3:23:35,malay,male,moderate,51.0,no,no_kids,34.0,1.0,14.0,3.142642269,101.5931611,"Petaling Jaya, Petaling, Selangor, 47410, Malaysia"
2038,08/01/2016,12:59:55,chinese,male,thin,21.0,yes,no_kids,13.0,3.0,9.0,3.086671738,101.6219554,"高记家乡小厨, 58, Jalan SS 9A/14, SS9A Sungai Way, Sungai Way, Petaling Jaya, Petaling, Selangor, 47300, Malaysia"
2039,14/01/2016,3:15:08,foreigner,female,fat,39.0,no,baby,50.0,3.0,19.0,3.133900934,101.5587901,"Pusat Kawalan Trafik Udara Kuala Lumpur, Jalan Lapangan Terbang Subang, Shah Alam, Petaling, Selangor, 40150, Malaysia"
2040,05/01/2016,22:53:01,malay,female,fat,54.0,yes,young,54.0,2.0,16.0,3.149446449,101.5791797,"Thomson Hospital Kota Damansara, 11, Jalan Teknologi, Kota Damansara, Petaling Jaya, Petaling, Selangor, 47810, Malaysia"
2041,15/12/2015,12:40:31,indian,female,moderate,30.0,yes,toddler,35.0,0.0,15.0,3.056369866,101.5721064,"Gas Pipe Trail, UEP Subang Jaya, Subang Jaya, Petaling, Selangor, 47610, Malaysia"
2042,30/12/2015,3:51:28,malay,female,moderate,28.0,no,baby,16.0,1.0,15.0,3.137307791,101.6102003,"Kampung Sungai Kayu Ara, Damansara Utama, Petaling Jaya, Petaling, Selangor, 47400, Malaysia"
2043,21/01/2016,1:07:03,malay,male,thin,60.0,yes,toddler ,56.0,0.0,13.0,3.162861731,101.567271,"Jalan TSB 1, Taman Industri Sungai Buloh, Petaling Jaya, Petaling, Selangor, 47810, Malaysia"
2044,30/01/2016,17:16:03,indian,male,thin,47.0,no,toddler,19.0,3.0,17.0,3.160520622,101.6233698,"Lebuhraya Sprint, Kampung Sungai Penchala, Kuala Lumpur, 47820, Malaysia"
2045,20/02/2016,13:44:43,malay,female,fat,44.0,no,baby,44.0,1.0,12.0,3.077930268,101.6322263,"PJS 2, Petaling Jaya Selatan, Petaling Jaya, Petaling, Selangor, 46050, Malaysia"
2046,06/02/2016,15:15:47,foreigner,male,moderate,24.0,no,toddler,21.0,4.0,18.0,3.148670236,101.5674512,"Damansara–Shah Alam Elevated Expressway, Sunway Damansara, Kota Damansara, Petaling Jaya, Petaling, Selangor, 47820, Malaysia"
2047,30/12/2015,23:11:49,indian,female,moderate,56.0,no,no_kids,55.0,0.0,12.0,3.084853338,101.6221284,"KD07 Seri Setia, Lorong Motosikal Lebuhraya Persekutuan, Sungai Way, Petaling Jaya, Petaling, Selangor, 46150, Malaysia"
2048,28/12/2015,13:28:59,chinese,female,fat,54.0,no,toddler,58.0,1.0,12.0,3.100190236,101.6351451,"NAZA World Automall, Lebuhraya Persekutuan, PJ State, Petaling Jaya, Petaling, Selangor, 46000, Malaysia"
2049,04/12/2015,6:48:13,chinese,male,moderate,42.0,no,toddler ,11.0,0.0,14.0,3.121082538,101.6445953,"Kolej Kediaman Tun Syed Zahiruddin (KK9), Jalan Dato Abu Bakar 16/1, Kuala Lumpur, Petaling, Selangor, 50603, Malaysia"
2050,03/01/2016,1:01:06,indian,male,thin,60.0,yes,toddler,17.0,0.0,12.0,3.06396735,101.6319009,"Jalan Bandar Puchong Jaya, Bandar Puchong Jaya, Subang Jaya, Petaling, Selangor, 47170, Malaysia"
2051,21/01/2016,8:11:14,foreigner,male,moderate,26.0,no,toddler ,11.0,4.0,20.0,3.111487225,101.609823,"Jalan SS 2/4A, SS 2, Kelana Jaya, Petaling Jaya, Petaling, Selangor, 47300, Malaysia"
2052,28/12/2015,7:05:19,chinese,female,moderate,40.0,no,no_kids,26.0,5.0,11.0,3.08721832,101.58404,"Jalan Pengaturcara, Glenmarie, Shah Alam, Petaling, Selangor, 40250, Malaysia"
2053,26/01/2016,0:52:35,indian,male,moderate,41.0,no,baby,48.0,3.0,16.0,3.074553786,101.5947808,"Jalan SS 12/2C, SS 12, Pusat Bandar Subang Jaya, Subang Jaya, Petaling, Selangor, 47500, Malaysia"
2054,22/12/2015,19:51:38,malay,female,moderate,35.0,no,baby,38.0,2.0,19.0,3.081163307,101.5758687,"Lorong Motosikal Lebuhraya Persekutuan, Glenmarie, Shah Alam, Petaling, Selangor, 40250, Malaysia"
2055,09/01/2016,19:51:49,indian,female,moderate,34.0,yes,baby,17.0,4.0,17.0,3.178296771,101.6024096,"Rafflesia, Petaling Jaya, Petaling, Selangor, 46800, Malaysia"
2056,13/02/2016,6:54:37,malay,female,fat,25.0,no,no_kids,26.0,5.0,16.0,3.140175728,101.5948634,"St. Joseph's Institution, Jalan PJU 3/12, Tropicana Golf & Country Resort, Petaling Jaya, Petaling, Selangor, 47410, Malaysia"
2057,30/12/2015,17:11:45,foreigner,female,thin,25.0,yes,no_kids,25.0,3.0,13.0,3.125618155,101.6077436,"Kampung Sungai Kayu Ara, Petaling Jaya, Petaling, Selangor, 47410, Malaysia"
2058,30/12/2015,20:42:11,foreigner,male,fat,52.0,yes,no_kids,23.0,5.0,15.0,3.131382455,101.6307661,"Lebuhraya Sprint (Hubungan Damansara), Damansara Utama, Petaling Jaya, Petaling, Selangor, 47308, Malaysia"
2059,31/01/2016,0:01:17,chinese,female,moderate,38.0,no,no_kids,48.0,2.0,21.0,3.138265719,101.6348216,"Kelab Golf Perkhidmatan Awam, Lebuhraya Sprint (Hubungan Damansara), Kuala Lumpur, 47308, Malaysia"
2060,28/01/2016,5:12:33,indian,female,moderate,50.0,yes,toddler,39.0,3.0,17.0,3.068708184,101.5660123,"Jalan Delima 1/1, Taman Perindustrian Subang Hi-Tech, Batu Tiga, Subang Jaya, Petaling, Selangor, 47620, Malaysia"
2061,25/12/2015,9:27:30,malay,female,moderate,56.0,no,toddler ,24.0,3.0,14.0,3.094589774,101.6059541,"Football Association of Malaysia (FAM), Kelana Jaya, SS6 Kelana Jaya, Kelana Jaya, Petaling Jaya, Petaling, Selangor, 47300, Malaysia"
2062,17/12/2015,19:04:48,chinese,female,fat,58.0,yes,toddler,40.0,5.0,7.0,3.079203289,101.635967,"PJS 2, Petaling Jaya Selatan, Petaling Jaya, Petaling, Selangor, 46050, Malaysia"
2063,03/02/2016,10:14:17,chinese,male,moderate,39.0,no,no_kids,18.0,4.0,17.0,3.145743721,101.6504231,"Jalan Beringin, Bukit Damansara, Kuala Lumpur, 50490, Malaysia"
2064,14/12/2015,3:40:21,chinese,male,moderate,24.0,no,no_kids,31.0,1.0,14.0,3.147007497,101.567363,"Damansara–Shah Alam Elevated Expressway, Puncak Perdana, Seksyen U10, Subang, Shah Alam, Petaling, Selangor, 47820, Malaysia"
2065,02/12/2015,18:41:41,malay,female,moderate,55.0,no,toddler,57.0,4.0,11.0,3.138411608,101.5987682,"Sunway Damansara, Petaling Jaya, Petaling, Selangor, 47410, Malaysia"
2066,03/12/2015,21:29:18,foreigner,female,thin,44.0,no,young,18.0,0.0,10.0,3.083935226,101.6183264,"Heineken Malaysia Berhad, Jalan Klang Lama, SS 10, Bandar Sunway, Petaling Jaya, Petaling, Selangor, 46000, Malaysia"
2067,05/02/2016,4:00:33,indian,male,thin,56.0,yes,young,20.0,0.0,15.0,3.089656655,101.6110039,"Omron, Sungai Way, SS9A Sungai Way, Sungai Way, Petaling Jaya, Petaling, Selangor, 47300, Malaysia"
2068,20/12/2015,18:29:57,foreigner,female,moderate,43.0,yes,young,55.0,5.0,7.0,3.126449134,101.6108196,"Kampung Sungai Kayu Ara, Damansara Utama, Petaling Jaya, Petaling, Selangor, 47400, Malaysia"
2069,15/02/2016,3:05:16,chinese,female,moderate,27.0,no,toddler,43.0,5.0,16.0,3.05048338,101.5922463,"Persiaran Kewajipan, UEP Subang Jaya, Puchong, Subang Jaya, Petaling, Selangor, 47200, Malaysia"
2070,31/12/2015,6:01:33,indian,female,fat,39.0,yes,toddler ,34.0,1.0,13.0,3.155272359,101.5920565,"TC Hotel, Jalan PJU 5/20B, Kota Damansara, Petaling Jaya, Petaling, Selangor, 47810, Malaysia"
2071,09/01/2016,1:23:53,foreigner,male,moderate,26.0,yes,young,45.0,5.0,9.0,3.117499479,101.5920294,"Winchester, Ara Damansara, Petaling Jaya, Petaling, Selangor, 47301, Malaysia"
2072,24/02/2016,8:17:44,foreigner,female,thin,58.0,yes,toddler ,41.0,2.0,13.0,3.075821572,101.5769013,"Jalan SS 19/1H, SS 19, Pusat Bandar Subang Jaya, Subang Jaya, Petaling, Selangor, 47500, Malaysia"
2073,16/02/2016,11:32:27,chinese,male,thin,48.0,yes,toddler,24.0,5.0,14.0,3.149681646,101.6210045,"59, Jalan Burhanuddin Helmi 2, Taman Tun Dr Ismail, TTDI, Kuala Lumpur, 60000, Malaysia"
2074,19/01/2016,0:39:22,chinese,female,thin,27.0,no,young,17.0,5.0,16.0,3.174300358,101.5996895,"Lebuhraya Baru Lembah Klang, Mutiara Damansara, Petaling Jaya, Petaling, Selangor, 46800, Malaysia"
2075,27/12/2015,1:36:37,foreigner,female,moderate,43.0,yes,young,18.0,5.0,18.0,3.134591413,101.6045854,"Petaling Jaya, Petaling, Selangor, 47410, Malaysia"
2076,13/12/2015,7:40:50,foreigner,male,moderate,21.0,yes,toddler,16.0,2.0,9.0,3.112736709,101.6442956,"Lorong 12/15B, Seksyen 12, PJ State, Petaling Jaya, Petaling, Selangor, 46200, Malaysia"
2077,03/02/2016,17:26:07,malay,male,fat,47.0,no,no_kids,56.0,3.0,10.0,3.110098072,101.6519256,"Jalan 11/8, Seksyen 11, PJ State, Petaling Jaya, Petaling, Selangor, 46661, Malaysia"
2078,02/12/2015,21:22:51,chinese,female,thin,32.0,yes,no_kids,55.0,3.0,13.0,3.132433214,101.5651258,"Lapang Sasar Menembak Nasional Subang, Persiaran A, Subang Jaya, Petaling, Selangor, 40150, Malaysia"
2079,06/01/2016,19:50:42,foreigner,female,thin,58.0,no,toddler ,40.0,5.0,14.0,3.058183069,101.6575026,"Jalan Kinrara 2, Bandar Kinrara Industrial Park, Bandar Kinrara, Subang Jaya, Petaling, Selangor, 47100, Malaysia"
2080,11/12/2015,13:52:51,chinese,female,moderate,33.0,yes,no_kids,33.0,4.0,8.0,3.102714593,101.6168337,"91, Jalan SS 1/20, SS 1, Sungai Way, Petaling Jaya, Petaling, Selangor, 47300, Malaysia"
2081,02/01/2016,23:33:14,foreigner,female,thin,27.0,no,toddler,43.0,1.0,20.0,3.107045327,101.5726932,"Palm Course, Persiaran Golf, Shah Alam, Petaling, Selangor, 40250, Malaysia"
2082,29/12/2015,13:00:21,chinese,female,moderate,43.0,yes,young,54.0,3.0,16.0,3.065919363,101.5782344,"SS 19, Pusat Bandar Subang Jaya, Subang Jaya, Petaling, Selangor, 47200, Malaysia"
2083,28/01/2016,0:16:24,foreigner,male,thin,30.0,no,toddler,25.0,4.0,20.0,3.130394691,101.6126186,"Jalan Kenanga, Kampung Sungai Kayu Ara, Damansara Utama, Petaling Jaya, Petaling, Selangor, 47400, Malaysia"
2084,05/02/2016,2:09:04,chinese,male,thin,24.0,no,toddler ,44.0,2.0,8.0,3.093204146,101.5608772,"Section U1, Glenmarie, Shah Alam, Petaling, Selangor, 40250, Malaysia"
2085,04/02/2016,15:37:59,indian,female,moderate,29.0,yes,baby,33.0,0.0,17.0,3.092591306,101.5973513,"SS7, Petaling Jaya, Petaling Jaya, Petaling, Selangor, 43701, Malaysia"
2086,16/02/2016,19:24:25,chinese,female,thin,36.0,yes,toddler,45.0,0.0,18.0,3.15069815,101.6322859,"25, Jalan Datuk Sulaiman 5, Taman Tun Dr Ismail, TTDI, Kuala Lumpur, 60000, Malaysia"
2087,22/02/2016,4:33:19,chinese,female,thin,23.0,yes,no_kids,27.0,0.0,9.0,3.078800879,101.579777,"Persiaran Tujuan, Pusat Bandar Subang Jaya, Subang Jaya, Petaling, Selangor, 47500, Malaysia"
2088,17/01/2016,10:36:56,indian,male,fat,30.0,no,baby,25.0,2.0,13.0,3.133424368,101.6234582,"Imazium, Jalan SS 21/37, SS 21, Damansara Utama, Petaling Jaya, Petaling, Selangor, 47400, Malaysia"
2089,20/02/2016,13:34:13,chinese,male,fat,19.0,no,no_kids,22.0,2.0,15.0,3.124450233,101.56786,"Persiaran A, Shah Alam, Petaling, Selangor, 40150, Malaysia"
2090,06/01/2016,11:08:25,malay,male,moderate,28.0,yes,toddler,30.0,3.0,15.0,3.087443356,101.5595927,"Politeknik Sultan Salahuddin Abdul Aziz Shah, Jalan Subang, Section U1, Shah Alam, Petaling, Selangor, 40675, Malaysia"
2091,10/02/2016,9:21:26,malay,female,moderate,32.0,yes,young,16.0,0.0,7.0,3.151392961,101.6393946,"Kuala Lumpur, 60000, Malaysia"
2092,23/01/2016,2:21:46,malay,male,fat,36.0,yes,toddler,32.0,3.0,9.0,3.172744676,101.5653824,"Shah Alam, Petaling, Selangor, 47810, Malaysia"
2093,09/02/2016,3:24:13,indian,female,thin,47.0,no,no_kids,57.0,4.0,20.0,3.17082734,101.6509222,"MKIS Swimming Pool, Jalan Kiara 4, Mont Kiara, Kuala Lumpur, 50480, Malaysia"
2094,10/12/2015,10:37:36,foreigner,female,fat,25.0,no,toddler ,49.0,3.0,9.0,3.183122493,101.6364474,"Jalan Desa Budiman, Davinia, Kuala Lumpur, 52200, Malaysia"
2095,16/12/2015,7:20:01,foreigner,female,moderate,28.0,no,baby,40.0,0.0,9.0,3.084341475,101.5835761,"Petronas, Lebuhraya Persekutuan, Glenmarie, Shah Alam, Petaling, Selangor, 40250, Malaysia"
2096,19/12/2015,9:49:27,malay,male,thin,28.0,no,toddler,34.0,4.0,19.0,3.141532268,101.6263377,"Lim Tayar TTDI, Pinggir Zaaba, Food truck, Damansara Utama, Kuala Lumpur, Petaling, Selangor, 60000, Malaysia"
2097,30/12/2015,23:35:04,malay,female,fat,58.0,yes,young,36.0,0.0,15.0,3.137784625,101.5926977,"Tropicana Golf & Country Resort, Jalan TR 4/1, Tropicana Golf & Country Resort, Petaling Jaya, Petaling, Selangor, 47410, Malaysia"
2098,23/01/2016,10:43:16,foreigner,female,thin,23.0,no,toddler,37.0,3.0,11.0,3.118899456,101.5873806,"Jalan PJU 1A/1D, Ara Damansara, Petaling Jaya, Petaling, Selangor, 47301, Malaysia"
2099,30/01/2016,14:44:03,foreigner,female,fat,39.0,no,young,16.0,2.0,19.0,3.129246102,101.6358823,"Jalan 17/42, Seksyen 17, Petaling Jaya, Petaling, Selangor, 46400, Malaysia"
2100,12/01/2016,16:49:54,foreigner,female,moderate,48.0,yes,toddler ,50.0,4.0,12.0,3.142940527,101.600874,"28 Residency Sunway Damansara, Petaling Jaya, Petaling, Selangor, 47410, Malaysia"
2101,21/02/2016,11:33:14,indian,female,thin,35.0,no,young,15.0,0.0,21.0,3.119562117,101.635884,"M, Jalan 17/2, Seksyen 17, Petaling Jaya, Petaling, Selangor, 46400, Malaysia"
2102,03/12/2015,8:46:20,malay,female,fat,42.0,yes,no_kids,52.0,5.0,10.0,3.080338873,101.5791204,"Persiaran Tujuan, Pusat Bandar Subang Jaya, Subang Jaya, Petaling, Selangor, 47500, Malaysia"
2103,30/12/2015,15:58:29,chinese,female,moderate,24.0,yes,toddler ,21.0,2.0,14.0,3.114221505,101.6072218,"Mums Bakery, Jalan SS 26/2, SS 4, Kelana Jaya, Petaling Jaya, Petaling, Selangor, 47301, Malaysia"
2104,18/12/2015,12:02:47,malay,female,moderate,44.0,no,no_kids,21.0,3.0,19.0,3.052201638,101.616266,"Puchong, Subang Jaya, Petaling, Selangor, 47170, Malaysia"
2105,05/01/2016,4:21:34,indian,male,moderate,37.0,yes,toddler,53.0,1.0,8.0,3.105184836,101.6156926,"23, Jalan SS 1/38, SS 1, Petaling Jaya, Petaling, Selangor, 47300, Malaysia"
2106,20/12/2015,12:24:22,indian,female,fat,34.0,no,young,34.0,5.0,15.0,3.171984478,101.5906375,"Sahabat Trail, Kota Damansara, Petaling Jaya, Petaling, Selangor, 46800, Malaysia"
2107,17/12/2015,10:44:23,indian,female,moderate,36.0,yes,toddler,34.0,4.0,7.0,3.063538644,101.5775981,"Jalan SS 19/6A, SS 19, Pusat Bandar Subang Jaya, Subang Jaya, Petaling, Selangor, 47200, Malaysia"
2108,24/12/2015,23:57:01,foreigner,female,moderate,48.0,yes,toddler ,25.0,4.0,10.0,3.090240805,101.645262,"Kuarters Inai Merah MBPJ, Kuarters Inai Merah 4/46 MBPJ, PJ Old Town, Petaling Jaya, Petaling, Selangor, 46990, Malaysia"
2109,13/12/2015,19:33:36,indian,female,moderate,29.0,no,baby,25.0,2.0,14.0,3.122833803,101.6588176,"University of Malaya, Lorong 12/14A, Seksyen 12, PJ State, Kuala Lumpur, Petaling, Selangor, 50603, Malaysia"
2110,26/01/2016,16:53:14,chinese,female,fat,32.0,yes,baby,39.0,2.0,19.0,3.087350883,101.563406,"Car Stock Storage Area, Jalan Pemaju U1/15, Section U1, Glenmarie, Shah Alam, Petaling, Selangor, 40250, Malaysia"
2111,05/02/2016,3:18:53,indian,male,fat,53.0,no,toddler ,35.0,4.0,18.0,3.089521998,101.6585615,"SMK (P) Taman Petaling, Jalan 5/52, Taman Petaling, Bukit Gasing, Petaling Jaya, Petaling, Selangor, 46000, Malaysia"
2112,21/12/2015,17:50:09,indian,male,fat,49.0,no,baby,46.0,5.0,7.0,3.148907541,101.6505758,"Jalan Setiamurni 6, Bukit Damansara, Kuala Lumpur, 50490, Malaysia"
2113,04/12/2015,18:46:42,chinese,female,thin,32.0,yes,young,24.0,0.0,12.0,3.128984594,101.5846889,"Jalan Kelab Tropicana, Tropicana Golf & Country Resort, Petaling Jaya, Petaling, Selangor, 47410, Malaysia"
2114,20/02/2016,13:43:04,indian,female,fat,40.0,no,baby,38.0,5.0,11.0,3.1773071,101.5799297,"Sekolah Menengah Kebangsaan Seksyen 8, Jalan Pekaka 8/10, Kota Damansara, Petaling Jaya, Petaling, Selangor, 47930, Malaysia"
2115,14/01/2016,5:43:11,foreigner,female,thin,34.0,yes,no_kids,59.0,3.0,16.0,3.102412855,101.5865454,"Hijauan Saujana, Lebuhraya Baru Lembah Klang, Section U1, Glenmarie, Shah Alam, Petaling, Selangor, 40250, Malaysia"
2116,08/01/2016,1:42:30,chinese,male,moderate,51.0,no,no_kids,19.0,5.0,21.0,3.135517555,101.599381,"Water Treatment Facility, Jalan TR 1/1, Sunway Damansara, Petaling Jaya, Petaling, Selangor, 47410, Malaysia"
2117,12/01/2016,6:50:34,chinese,male,moderate,53.0,no,toddler,28.0,5.0,13.0,3.177666821,101.6559685,"Jalan Dutamas Dahlia 5, Segambut, Kuala Lumpur, 50480, Malaysia"
2118,13/02/2016,3:25:35,chinese,female,fat,32.0,yes,toddler,39.0,3.0,16.0,3.062070931,101.6519427,"Jalan Puchong Mesra 2, Bukit Jalil, Kuala Lumpur, 47180, Malaysia"
2119,07/01/2016,9:13:58,indian,female,fat,53.0,yes,toddler,41.0,0.0,12.0,3.156284771,101.6296958,"Jalan Datuk Sulaiman 1, Taman Tun Dr Ismail, TTDI, Kuala Lumpur, 60000, Malaysia"
2120,10/01/2016,3:23:14,indian,female,thin,45.0,no,no_kids,36.0,3.0,7.0,3.097799731,101.6263196,"Jalan 14/56, Sungai Way, Petaling Jaya, Petaling, Selangor, 46100, Malaysia"
2121,28/12/2015,5:04:46,indian,male,thin,46.0,yes,toddler ,21.0,5.0,9.0,3.157987466,101.6418585,"Ini Ulu Damansara, Kuala Lumpur, 50490, Malaysia"
2122,05/12/2015,17:20:08,indian,female,fat,46.0,yes,young,31.0,0.0,8.0,3.157330221,101.5892888,"Jalan Sepah Puteri 5/26, Kota Damansara, Petaling Jaya, Petaling, Selangor, 47810, Malaysia"
2123,21/01/2016,7:29:32,foreigner,female,moderate,18.0,no,baby,23.0,0.0,7.0,3.073909978,101.6123345,"Jalan PSJ 9/30, PJS 9, Bandar Sunway, Subang Jaya, Petaling, Selangor, 46150, Malaysia"
2124,23/12/2015,19:48:25,indian,male,moderate,50.0,yes,toddler,25.0,2.0,7.0,3.083211066,101.6371783,"PJS 2, Petaling Jaya Selatan, Petaling Jaya, Petaling, Selangor, 46050, Malaysia"
2125,07/01/2016,7:54:18,malay,male,moderate,36.0,yes,toddler ,47.0,4.0,7.0,3.055050196,101.6001431,"Jalan USJ 1/27, USJ 1, UEP Subang Jaya, Puchong, Subang Jaya, Petaling, Selangor, 47200, Malaysia"
2126,05/01/2016,20:44:09,chinese,female,thin,22.0,yes,baby,21.0,0.0,15.0,3.153676658,101.5646247,"Jalan Teknologi, Kota Damansara, Petaling Jaya, Petaling, Selangor, 47810, Malaysia"
2127,31/12/2015,14:35:16,indian,female,thin,49.0,no,no_kids,30.0,3.0,17.0,3.141365937,101.5801261,"Petaling Jaya, Petaling, Selangor, 47810, Malaysia"
2128,08/12/2015,12:26:21,foreigner,female,moderate,40.0,yes,toddler ,26.0,3.0,19.0,3.066166923,101.5880387,"Jalan SS 14/5J, SS 14, Pusat Bandar Subang Jaya, Subang Jaya, Petaling, Selangor, 47500, Malaysia"
2129,27/02/2016,6:45:54,malay,female,moderate,18.0,yes,baby,47.0,2.0,20.0,3.05164576,101.6212177,"Jalan Rajawali 2, Bandar Puchong Jaya, Puchong, Subang Jaya, Petaling, Selangor, 47170, Malaysia"
2130,27/02/2016,17:59:11,indian,female,thin,21.0,yes,toddler ,60.0,2.0,13.0,3.093784743,101.6586764,"Hutan Pendidikan Bukit Gasing, Jalan 5/69, Taman Petaling, Bukit Gasing, Petaling Jaya, Petaling, Selangor, 46000, Malaysia"
2131,16/12/2015,16:39:09,malay,female,fat,31.0,no,young,43.0,3.0,7.0,3.06219528,101.6484976,"Block B, Jalan Kinrara 1, Bukit Jalil, Kuala Lumpur, Petaling, Selangor, 47180, Malaysia"
2132,11/12/2015,1:51:03,indian,male,fat,55.0,yes,toddler,36.0,3.0,13.0,3.115964584,101.5684501,"Auto Mall Ara Damansara, Jalan PJU 1A/7, Ara Damansara, Petaling Jaya, Petaling, Selangor, 40250, Malaysia"
2133,20/12/2015,17:27:17,indian,male,moderate,34.0,no,young,48.0,3.0,15.0,3.164095317,101.5677647,"Taman Industri Sungai Buloh, Petaling Jaya, Petaling, Selangor, 47810, Malaysia"
2134,16/02/2016,16:21:36,chinese,male,moderate,44.0,no,toddler ,20.0,5.0,20.0,3.135840107,101.581584,"Jalan TR 8/3, Tropicana Golf & Country Resort, Petaling Jaya, Petaling, Selangor, 47410, Malaysia"
2135,26/01/2016,10:08:03,malay,female,thin,28.0,no,no_kids,32.0,2.0,19.0,3.109401267,101.6153466,"79, Jalan SS 3/59, SS 1, Kelana Jaya, Petaling Jaya, Petaling, Selangor, 47300, Malaysia"
2136,19/12/2015,19:47:07,chinese,male,fat,48.0,no,toddler ,32.0,0.0,21.0,3.172636478,101.5856314,"Temuan Trail, Kota Damansara, Petaling Jaya, Petaling, Selangor, 47810, Malaysia"
2137,10/02/2016,20:41:23,chinese,female,thin,37.0,no,no_kids,54.0,4.0,18.0,3.101147071,101.5768851,"Jalan Duta U1/12E, Glenmarie, Shah Alam, Petaling, Selangor, 40250, Malaysia"
2138,30/01/2016,16:55:17,indian,male,fat,32.0,yes,baby,15.0,2.0,10.0,3.09522436,101.5692856,"Open Storage Area, Jalan Pemaju U1/15, Section U1, Glenmarie, Shah Alam, Petaling, Selangor, 40250, Malaysia"
2139,25/12/2015,15:44:33,foreigner,female,moderate,29.0,no,young,42.0,1.0,12.0,3.122700643,101.6139264,"Jalan SS 23/6, SS 23, Damansara Utama, Petaling Jaya, Petaling, Selangor, 57300, Malaysia"
2140,02/01/2016,17:34:05,chinese,male,thin,23.0,no,toddler ,26.0,0.0,13.0,3.13281834,101.5800529,"Jalan TR 8/3, Tropicana Golf & Country Resort, Petaling Jaya, Petaling, Selangor, 47410, Malaysia"
2141,09/01/2016,2:01:48,malay,male,moderate,24.0,no,young,58.0,3.0,20.0,3.107148746,101.5605944,"Jalan Saujana Indah 10, Taman Perindustrian Saujana Indah, Shah Alam, Petaling, Selangor, 40150, Malaysia"
2142,17/12/2015,15:46:29,indian,male,thin,37.0,no,young,43.0,4.0,11.0,3.054457122,101.588201,"Jalan USJ 6/1, USJ 6, UEP Subang Jaya, Puchong, Subang Jaya, Petaling, Selangor, 47200, Malaysia"
2143,22/01/2016,10:45:12,chinese,male,fat,26.0,no,young,27.0,4.0,18.0,3.114780021,101.6277015,"TOC Automotive College, Jalan 19/1, Seksyen 19, Petaling Jaya, Petaling, Selangor, 57300, Malaysia"
2144,29/02/2016,2:57:35,foreigner,female,thin,24.0,no,toddler,33.0,5.0,17.0,3.15100047,101.5977095,"Driving Range, Lebuhraya Baru Lembah Klang, Mutiara Damansara, Petaling Jaya, Petaling, Selangor, 47810, Malaysia"
2145,19/02/2016,10:14:01,indian,male,thin,40.0,yes,no_kids,39.0,0.0,16.0,3.15058831,101.6312683,"4, Jalan Datuk Sulaiman 6, Taman Tun Dr Ismail, TTDI, Kuala Lumpur, 60000, Malaysia"
2146,16/01/2016,8:57:01,indian,female,thin,33.0,no,baby,34.0,1.0,18.0,3.134041369,101.5709148,"Tropicana Golf & Country Resort, Petaling Jaya, Petaling, Selangor, 47410, Malaysia"
2147,23/02/2016,0:25:37,indian,female,moderate,54.0,no,young,15.0,2.0,9.0,3.087648135,101.611315,"KESM Industries, Sungai Way, SS9A Sungai Way, Sungai Way, Petaling Jaya, Petaling, Selangor, 46150, Malaysia"
2148,24/12/2015,13:02:24,foreigner,female,thin,48.0,yes,baby,51.0,3.0,10.0,3.158426295,101.5978674,"Lebuhraya Baru Lembah Klang, Mutiara Damansara, Petaling Jaya, Petaling, Selangor, 46800, Malaysia"
2149,16/12/2015,4:33:28,indian,male,moderate,35.0,no,baby,47.0,5.0,21.0,3.179005017,101.6248615,"Country Heights Damansara, Kuala Lumpur, 52200, Malaysia"
2150,14/01/2016,20:07:07,indian,female,moderate,44.0,no,no_kids,11.0,2.0,8.0,3.091116794,101.6141533,"Madrasatul Islamiah, Jalan SS 8/8A, Sungai Way, Petaling Jaya, Petaling, Selangor, 47300, Malaysia"
2151,22/02/2016,8:39:23,indian,male,moderate,29.0,no,no_kids,46.0,4.0,16.0,3.099450995,101.6502585,"SMK (P) Assunta, Jalan 9/3, Seksyen 9, PJ State, Petaling Jaya, Petaling, Selangor, 46000, Malaysia"
2152,25/01/2016,9:16:53,chinese,male,fat,42.0,no,no_kids,57.0,4.0,20.0,3.055544352,101.5799049,"Surau, Jalan USJ 5/1, USJ 5, UEP Subang Jaya, Subang Jaya, Petaling, Selangor, 47610, Malaysia"
2153,28/12/2015,16:17:12,foreigner,female,moderate,25.0,no,toddler ,18.0,2.0,17.0,3.062024235,101.6393036,"Jalan TK 3/9, Taman Kinrara Seksyen 3, Subang Jaya, Petaling, Selangor, 47170, Malaysia"
2154,15/01/2016,15:29:57,foreigner,female,thin,58.0,no,no_kids,33.0,2.0,15.0,3.074725203,101.6328383,"Jalan PJS 3/3, PJS 3, Petaling Jaya Selatan, Petaling Jaya, Petaling, Selangor, 46150, Malaysia"
2155,20/02/2016,11:45:59,malay,male,thin,49.0,yes,toddler,48.0,1.0,12.0,3.12451658,101.641837,"Lorong 16/18, Seksyen 16, Petaling Jaya, Petaling, Selangor, 47350, Malaysia"
2156,26/02/2016,22:35:24,foreigner,female,fat,19.0,no,young,57.0,1.0,7.0,3.182751971,101.5722132,"Sport Courts, Assembly Area, Centralised Labour Quarters, Sungai Buloh, Shah Alam, Petaling, Selangor, 47930, Malaysia"
2157,28/12/2015,20:44:16,indian,female,thin,32.0,no,baby,13.0,5.0,19.0,3.069260893,101.6218555,"Jalan Pipit, Bukit Tandang, Subang Jaya, Petaling, Selangor, 46150, Malaysia"
2158,16/02/2016,15:28:22,indian,male,thin,24.0,yes,toddler ,11.0,3.0,21.0,3.053925996,101.6405188,"Jalan BK 2/7, Bandar Kinrara 2, Bandar Kinrara, Puchong, Subang Jaya, Petaling, Selangor, 47180, Malaysia"
2159,18/01/2016,18:21:57,indian,female,fat,40.0,yes,young,31.0,2.0,18.0,3.099661387,101.5974164,"Lebuhraya Damansara–Puchong, SS7, Petaling Jaya, Petaling Jaya, Petaling, Selangor, 47302, Malaysia"
2160,26/02/2016,15:57:33,indian,female,moderate,29.0,no,baby,16.0,1.0,21.0,3.125920796,101.5915621,"Jalan PJU 1A/50B, Damansara Idaman, Ara Damansara, Petaling Jaya, Petaling, Selangor, 47410, Malaysia"
2161,06/12/2015,20:36:44,indian,male,thin,55.0,no,toddler,35.0,3.0,9.0,3.089393945,101.5774385,"Jalan Pengaturcara U1/51, Glenmarie, Shah Alam, Petaling, Selangor, 40250, Malaysia"
2162,29/12/2015,11:56:40,indian,female,thin,39.0,yes,baby,26.0,1.0,19.0,3.14564502,101.635492,"Kuala Lumpur, 60000, Malaysia"
2163,04/02/2016,20:34:15,malay,female,fat,30.0,yes,no_kids,18.0,2.0,21.0,3.130766241,101.5806381,"Jalan TR 8/3, Tropicana Golf & Country Resort, Petaling Jaya, Petaling, Selangor, 47410, Malaysia"
2164,07/02/2016,7:21:00,chinese,male,moderate,23.0,no,young,20.0,2.0,20.0,3.142411414,101.5725863,"Jalan Casabella 1, Casabella @ Kota Damansara, Kota Damansara, Petaling Jaya, Petaling, Selangor, 47810, Malaysia"
2165,24/02/2016,8:55:35,foreigner,female,thin,40.0,no,toddler,30.0,2.0,17.0,3.167073943,101.6022975,"Jalan PJU 8/7, Desa Temuan, Mutiara Damansara, Petaling Jaya, Petaling, Selangor, 46800, Malaysia"
2166,11/02/2016,17:59:13,chinese,female,thin,28.0,no,baby,47.0,1.0,14.045362392295996,3.112995183,101.577354,"PJU 1A, Ara Damansara, Ara Damansara, Petaling Jaya, Petaling, Selangor, 47302, Malaysia"
2167,03/01/2016,0:08:35,chinese,female,fat,26.0,no,no_kids,35.67082167387433,3.0,17.0,3.131761815,101.6577843,"UM Wall Kompleks Squasy (O06), K.M. Wong Botanist Trail, Bangsar, Kuala Lumpur, 50603, Malaysia"
2168,18/01/2016,6:16:32,indian,male,moderate,25.0,no,toddler,12.0,2.0,10.0,3.128212662,101.6235168,"Damansara Utama, Lebuhraya Damansara–Puchong, Damansara Utama, Petaling Jaya, Petaling, Selangor, 47400, Malaysia"
2169,28/02/2016,11:49:03,chinese,male,thin,54.0,yes,toddler ,50.0,5.0,8.0,3.087815467,101.589889,"Water Balancing Tank, Jalan Merinyu U1/71, Shah Alam, Petaling, Selangor, 43701, Malaysia"
2170,08/02/2016,0:49:06,indian,female,thin,21.0,no,no_kids,57.0,2.0,14.045362392295996,3.075434236,101.6093297,"Jalan PJS 8/14, Sri Subang Apartment, Sungai Way, Petaling Jaya, Petaling, Selangor, 46150, Malaysia"
2171,04/02/2016,11:43:10,foreigner,female,fat,25.0,yes,no_kids,35.67082167387433,3.0,8.0,3.068932627,101.620029,"Kampung Lembah Kinrara, Subang Jaya, Petaling, Selangor, 41100, Malaysia"
2172,10/02/2016,3:13:33,chinese,female,moderate,47.0,no,toddler ,53.0,1.0,11.0,3.111577296,101.6206295,"Jalan SS 2/28, SEA Park, Petaling Jaya, Petaling, Selangor, 46300, Malaysia"
2173,02/12/2015,7:23:14,indian,male,thin,53.0,yes,baby,25.0,1.0,21.0,3.058551002,101.6473824,"Jalan Kinrara 1, Bukit Jalil, Subang Jaya, Petaling, Selangor, 47180, Malaysia"
2174,02/12/2015,18:13:15,chinese,female,moderate,48.0,no,young,36.0,4.0,20.0,3.099922372,101.5776406,"The Garden Course, Jalan Rektor U1/7, Glenmarie Gardens, Glenmarie, Shah Alam, Petaling, Selangor, 40250, Malaysia"
2175,10/02/2016,6:58:04,foreigner,male,thin,38.0,yes,baby,46.0,3.0,14.045362392295996,3.116344347,101.6520959,"Persiaran Akal, Kuala Lumpur, 50603, Malaysia"
2176,26/12/2015,5:36:18,chinese,female,fat,43.0,no,toddler ,35.67082167387433,4.0,7.0,3.142347878,101.5913552,"Persiaran Tropicana, Petaling Jaya, Petaling, Selangor, 47410, Malaysia"
2177,16/02/2016,8:24:10,foreigner,male,fat,41.0,yes,toddler,27.0,4.0,20.0,3.089878842,101.6244378,"Jalan 51A/243, Sungai Way, Petaling Jaya, Petaling, Selangor, 47300, Malaysia"
2178,20/01/2016,22:10:06,chinese,male,thin,60.0,yes,young,29.0,5.0,8.0,3.060981167,101.5939634,"The Summit USJ, Persiaran Kewajipan, UEP Subang Jaya, Puchong, Subang Jaya, Petaling, Selangor, 47600, Malaysia"
2179,28/12/2015,21:42:28,chinese,male,thin,46.0,no,young,12.0,5.0,14.045362392295996,3.113373675,101.6346582,"Colgate-Palmolive (Malaysia) Sdn Bhd, Jalan 13/1, Seksyen 13, PJ State, Petaling Jaya, Petaling, Selangor, 46200, Malaysia"
2180,13/01/2016,3:24:24,chinese,female,thin,39.0,yes,toddler ,41.0,2.0,14.045362392295996,3.092791438,101.6379165,"Jalan 51/215, Zon Perindustrian Seksyen 51, PJ State, Petaling Jaya, Petaling, Selangor, 46050, Malaysia"
2181,20/12/2015,21:17:47,chinese,female,moderate,57.0,yes,toddler,47.0,1.0,8.0,3.154227558,101.558332,"Damansara–Shah Alam Elevated Expressway, Sunway Damansara, Kota Damansara, Petaling Jaya, Petaling, Selangor, 47820, Malaysia"
2182,15/01/2016,22:08:40,foreigner,female,thin,21.0,no,no_kids,51.0,2.0,7.0,3.074635667,101.6236249,"PJS 5, Sungai Way, Petaling Jaya, Petaling, Selangor, 46150, Malaysia"
2183,19/02/2016,13:07:14,chinese,male,moderate,20.0,no,no_kids,53.0,5.0,15.0,3.115707147,101.5591738,"A, Jalan Sungai Lama, Shah Alam, Petaling, Selangor, 40150, Malaysia"
2184,13/01/2016,7:13:27,indian,male,moderate,18.0,yes,baby,17.0,0.0,19.0,3.097378157,101.62078,"Jalan SS 1/22, SS 1, Sungai Way, Petaling Jaya, Petaling, Selangor, 47300, Malaysia"
2185,06/02/2016,3:33:56,malay,male,thin,18.0,no,young,27.0,4.0,10.0,3.182313551,101.5776348,"Shah Alam, Petaling, Selangor, 47930, Malaysia"
2186,09/12/2015,22:09:10,malay,male,thin,44.0,yes,no_kids,60.0,5.0,18.0,3.0695702,101.5938561,"3K Sport Complex, Jalan SS 13/1, SS 13, Pusat Bandar Subang Jaya, Subang Jaya, Petaling, Selangor, 47500, Malaysia"
2187,22/02/2016,22:53:45,chinese,male,moderate,41.0,no,baby,28.0,0.0,18.0,3.123080845,101.6247687,"Jalan SS 2/93, SS 2, Damansara Utama, Petaling Jaya, Petaling, Selangor, 57300, Malaysia"
2188,16/01/2016,5:59:15,chinese,female,thin,51.0,no,baby,53.0,3.0,11.0,3.097534831,101.5798561,"The Garden Course, Jalan Rektor U1/7, Glenmarie Gardens, Glenmarie, Shah Alam, Petaling, Selangor, 40250, Malaysia"
2189,03/02/2016,18:59:09,indian,female,moderate,28.0,no,young,29.0,4.0,20.0,3.049749365,101.5752218,"Jalan USJ 4/6G, USJ 4, UEP Subang Jaya, Subang Jaya, Petaling, Selangor, 47610, Malaysia"
2190,21/12/2015,15:33:40,foreigner,female,moderate,31.0,no,toddler ,25.0,2.0,13.0,3.062494178,101.5812639,"Jalan USJ 2/6, USJ 2, UEP Subang Jaya, Subang Jaya, Petaling, Selangor, 47610, Malaysia"
2191,06/12/2015,16:44:18,chinese,male,moderate,44.0,yes,young,19.0,0.0,20.0,3.092395969,101.5644372,"Jalan Juruukur U1/19, Section U1, Glenmarie, Shah Alam, Petaling, Selangor, 40250, Malaysia"
2192,24/02/2016,14:43:30,indian,male,moderate,39.0,no,young,38.0,3.0,14.0,3.103586281,101.5735923,"Palm Course, Persiaran Golf, Shah Alam, Petaling, Selangor, 40250, Malaysia"
2193,25/12/2015,20:51:28,foreigner,female,fat,39.0,no,baby,53.0,2.0,12.0,3.127173484,101.5952475,"Lebuhraya Baru Lembah Klang, Petaling Jaya, Petaling, Selangor, 47410, Malaysia"
2194,03/12/2015,6:01:28,indian,female,fat,22.0,yes,toddler ,31.0,3.0,14.0,3.13500596,101.6362688,"Kelab Golf Perkhidmatan Awam, Lebuhraya Sprint (Hubungan Damansara), Kuala Lumpur, 47308, Malaysia"
2195,10/02/2016,5:27:01,malay,male,thin,23.0,yes,no_kids,24.0,5.0,9.0,3.060429971,101.5957214,"Mydin Car Park, Jalan Subang 1, USJ 1, UEP Subang Jaya, Subang Jaya, Petaling, Selangor, 47200, Malaysia"
2196,14/02/2016,1:49:31,indian,female,thin,52.0,yes,no_kids,56.0,0.0,16.0,3.180444121,101.5565652,"Seksyen U4, Subang Bestari, Shah Alam, Petaling, Selangor, 40160, Malaysia"
2197,29/12/2015,17:32:55,indian,male,fat,20.0,no,baby,44.0,5.0,11.0,3.110717347,101.6046235,"Jalan SS 4C/6, SS 4, SS4C, Petaling Jaya, Petaling Jaya, Petaling, Selangor, 47301, Malaysia"
2198,04/02/2016,12:50:30,foreigner,female,thin,35.0,no,young,21.0,0.0,19.0,3.159741859,101.5862198,"Kota Damansara, Petaling Jaya, Petaling, Selangor, 47810, Malaysia"
2199,19/02/2016,20:31:15,malay,male,fat,39.0,no,no_kids,44.0,4.0,15.0,3.153332989,101.556554,"Damansara–Shah Alam Elevated Expressway, Puncak Perdana, Seksyen U10, Subang, Shah Alam, Petaling, Selangor, 47820, Malaysia"
2200,21/02/2016,12:13:14,malay,female,fat,59.0,no,toddler,20.0,3.0,12.0,3.114995984,101.5892163,"Dviation, Jalan PJU 1A/41B, NZX Commercial Centre, Ara Damansara, Petaling Jaya, Petaling, Selangor, 47301, Malaysia"
2201,15/12/2015,12:16:23,indian,male,moderate,52.0,no,toddler ,33.0,4.0,7.0,3.157650042,101.5978296,"Damansara–Shah Alam Elevated Expressway, Puncak Perdana, Seksyen U10, Subang, Shah Alam, Petaling, Selangor, 47820, Malaysia"
2202,22/12/2015,5:50:55,chinese,male,thin,18.0,no,baby,48.0,2.0,20.0,3.058437793,101.629289,"Jalan Merbuk, Bandar Puchong Jaya, Puchong, Subang Jaya, Petaling, Selangor, 47170, Malaysia"
2203,08/02/2016,7:22:33,foreigner,female,thin,31.0,no,young,11.0,0.0,18.0,3.050824239,101.5907712,"Jalan USJ 6/6G, USJ 6, UEP Subang Jaya, Subang Jaya, Petaling, Selangor, 47200, Malaysia"
2204,03/01/2016,12:31:47,chinese,male,thin,44.0,yes,no_kids,45.0,5.0,8.0,3.116014608,101.6327245,"Jalan 13/6, Seksyen 13, Petaling Jaya, Petaling, Selangor, 46400, Malaysia"
2205,03/12/2015,4:33:18,foreigner,female,moderate,50.0,yes,young,21.0,3.0,19.0,3.091117907,101.5670491,"Glenmarie, Shah Alam, Petaling, Selangor, 40250, Malaysia"
2206,28/12/2015,17:54:15,chinese,female,moderate,18.0,yes,no_kids,46.0,1.0,8.0,3.159948135,101.557339,"Pusat Penyelidikan Getah Malaysia, Jalan Sungai Buloh - Subang, Petaling Jaya, Petaling, Selangor, 47810, Malaysia"
2207,20/12/2015,14:20:32,malay,female,moderate,28.0,no,young,34.0,0.0,21.0,3.16638169,101.5672963,"Jalan Sungai Buloh - Subang, Petaling Jaya, Petaling, Selangor, 47810, Malaysia"
2208,16/12/2015,23:24:44,foreigner,male,moderate,59.0,no,no_kids,13.0,4.0,14.0,3.06593942,101.5734484,"Sewage Oxidation Ponds, Jalan SS 19/6T, SS 19, Pusat Bandar Subang Jaya, Subang Jaya, Petaling, Selangor, 47610, Malaysia"
2209,10/02/2016,7:09:04,malay,female,thin,57.0,yes,young,45.0,5.0,18.0,3.068982138,101.6381871,"Kinrara, Lebuhraya Shah Alam, Rumah Pangsa Mawar (Blok A,B,C), Bukit Tandang, Subang Jaya, Petaling, Selangor, 41100, Malaysia"
2210,30/12/2015,1:31:09,chinese,male,fat,26.0,yes,toddler ,36.0,3.0,7.0,3.158029787,101.573782,"Kembara Khalifah Travel Sdn. Bhd., No.27-3, Jalan Cecawi 6/19A, Kota Damansara, Petaling Jaya, Petaling, Selangor, 47810, Malaysia"
2211,05/01/2016,17:05:11,chinese,female,fat,19.0,yes,no_kids,24.0,3.0,11.0,3.064167798,101.615291,"PJS 7, Bandar Sunway, Subang Jaya, Petaling, Selangor, 41100, Malaysia"
2212,18/01/2016,8:12:10,malay,female,moderate,57.0,yes,baby,57.0,3.0,14.0,3.143076345,101.6139067,"KT6 Bandar Utama, Jalan Masjid, Bandar Utama, Petaling Jaya, Petaling, Selangor, 47800, Malaysia"
2213,19/01/2016,12:05:29,foreigner,female,moderate,42.0,no,young,41.0,0.0,13.0,3.052768349,101.635232,"ZRzorro HomeStay, Jalan BK 3/1, Bandar Kinrara 3, Bandar Kinrara, Puchong, Subang Jaya, Petaling, Selangor, 47100, Malaysia"
2214,19/02/2016,0:44:13,malay,male,thin,56.0,yes,no_kids,13.0,2.0,12.0,3.145022656,101.6302028,"29, Lorong Abang Haji Openg 2, Taman Tun Dr Ismail, TTDI, Kuala Lumpur, 60000, Malaysia"
2215,26/01/2016,20:37:40,foreigner,female,fat,41.0,yes,no_kids,19.0,3.0,11.0,3.076893323,101.5635662,"Batu Tiga, Subang Jaya, Petaling, Selangor, 40250, Malaysia"
2216,02/02/2016,18:21:15,chinese,male,moderate,48.0,no,toddler ,43.0,0.0,16.0,3.183065841,101.6055389,"Jalan Damar SD 15/6, Bandar Sri Damansara, Petaling Jaya, Petaling, Selangor, 52200, Malaysia"
2217,27/02/2016,17:36:16,foreigner,male,moderate,26.0,yes,toddler ,23.0,5.0,18.0,3.146642316,101.566258,"Damansara–Shah Alam Elevated Expressway, Puncak Perdana, Seksyen U10, Subang, Shah Alam, Petaling, Selangor, 47820, Malaysia"
2218,28/01/2016,15:52:45,malay,female,fat,29.0,no,toddler ,59.0,0.0,17.0,3.116901844,101.6082477,"Jalan SS 24/1, Taman Megah, Kelana Jaya, Petaling Jaya, Petaling, Selangor, 47301, Malaysia"
2219,06/12/2015,5:46:44,chinese,male,fat,26.0,yes,baby,29.0,5.0,18.0,3.065557376,101.5925418,"Jalan SS 14/8, SS 14, Pusat Bandar Subang Jaya, Subang Jaya, Petaling, Selangor, 47500, Malaysia"
2220,21/01/2016,18:40:53,foreigner,male,fat,23.0,yes,no_kids,32.0,2.0,19.0,3.168845235,101.6274173,"Kampung Sungai Penchala, Kampung Palimbayan Indah, Kuala Lumpur, 47820, Malaysia"
2221,31/01/2016,11:11:36,indian,female,moderate,40.0,yes,no_kids,33.0,0.0,10.0,3.147371758,101.6467883,"Bahagian Teknologi Pendidikan, Persiaran Bukit Kiara, Bukit Kiara, Bukit Damansara, Kuala Lumpur, 50490, Malaysia"
2222,22/02/2016,11:52:18,indian,female,thin,59.0,yes,baby,50.0,5.0,14.0,3.090744547,101.6376891,"Jalan Kilang B, Zon Perindustrian Seksyen 51, PJ Old Town, Petaling Jaya, Petaling, Selangor, 46050, Malaysia"
2223,18/12/2015,3:33:58,foreigner,female,fat,47.0,no,baby,31.0,0.0,13.0,3.062020498,101.615813,"Taylor's University Lakeside Campus, Jalan Taylors, PJS 7, Bandar Sunway, Subang Jaya, Petaling, Selangor, 41100, Malaysia"
2224,15/01/2016,11:27:04,indian,male,moderate,56.0,yes,toddler ,26.0,3.0,15.0,3.120827966,101.6007388,"Lebuh Bandar Utama, Petaling Jaya, Petaling, Selangor, 47301, Malaysia"
2225,01/02/2016,23:56:46,chinese,female,moderate,18.0,no,no_kids,24.0,5.0,20.0,3.077156167,101.6003612,"Persiaran Wangsa Baiduri 3, SS 12, Bandar Sunway, Subang Jaya, Petaling, Selangor, 47500, Malaysia"
2226,23/12/2015,23:27:04,malay,male,moderate,36.0,yes,no_kids,35.0,1.0,17.0,3.162504996,101.6315875,"Shamney Trail, Kampung Sungai Penchala, Kampung Palimbayan Indah, Kuala Lumpur, 47820, Malaysia"
2227,10/12/2015,5:54:47,foreigner,male,moderate,54.0,no,toddler ,49.0,5.0,16.0,3.108257084,101.6559859,"Jalan 5/19, Seksyen 5, Bukit Gasing, Petaling Jaya, Petaling, Selangor, 46000, Malaysia"
2228,06/12/2015,20:51:52,indian,female,moderate,42.0,no,toddler,58.0,3.0,14.0,3.15457755,101.560886,"Damansara–Shah Alam Elevated Expressway, Sunway Damansara, Kota Damansara, Petaling Jaya, Petaling, Selangor, 47820, Malaysia"
2229,15/02/2016,19:38:57,malay,male,moderate,29.0,yes,baby,42.0,2.0,7.0,3.149933876,101.6303345,"3, Jalan Datuk Sulaiman 3, Taman Tun Dr Ismail, TTDI, Kuala Lumpur, 60000, Malaysia"
2230,31/01/2016,4:40:39,foreigner,male,moderate,35.0,yes,toddler ,41.0,5.0,18.0,3.055661731,101.6517598,"Jalan Kinrara 2, Bandar Kinrara Industrial Park, Bandar Kinrara, Subang Jaya, Petaling, Selangor, 47100, Malaysia"
2231,12/01/2016,23:30:54,chinese,male,fat,30.0,no,toddler ,15.0,5.0,13.0,3.111809597,101.5809567,"Puncak Seri Kelana Condominium, Ara Damansara, Petaling Jaya, Petaling, Selangor, 47301, Malaysia"
2232,17/12/2015,22:26:30,foreigner,male,thin,46.0,yes,baby,49.0,2.0,19.0,3.10928143,101.6422041,"Jalan Utara, PJ State, Petaling Jaya, Petaling, Selangor, 46200, Malaysia"
2233,29/01/2016,4:31:14,foreigner,female,moderate,57.0,yes,no_kids,13.0,2.0,21.0,3.082711132,101.650476,"Jalan Railway 1/2, Seksyen 1, PJ Old Town, Petaling Jaya, Petaling, Selangor, 46000, Malaysia"
2234,18/12/2015,6:03:55,foreigner,male,thin,27.0,yes,no_kids,42.0,0.0,7.0,3.057747249,101.5655308,"Jalan USJ Heights 2/2E, USJ Heights, UEP Subang Jaya, Subang Jaya, Petaling, Selangor, 47620, Malaysia"
2235,07/02/2016,13:53:50,foreigner,female,thin,54.0,yes,no_kids,22.0,5.0,20.0,3.129586542,101.6088348,"Jalan Seroja, Kampung Sungai Kayu Ara, Damansara Utama, Petaling Jaya, Petaling, Selangor, 47410, Malaysia"
2236,30/01/2016,22:48:44,chinese,male,moderate,25.0,yes,young,42.0,2.0,10.0,3.139286479,101.5608021,"Ara Damansara, Petaling Jaya, Petaling, Selangor, 47302, Malaysia"
2237,26/12/2015,8:37:59,foreigner,female,moderate,46.0,no,no_kids,22.0,5.0,16.0,3.084019564,101.628749,"Desa Mentari 2, Jalan Klang Lama, Taman Dato Harun, Sungai Way, Petaling Jaya, Petaling, Selangor, 46050, Malaysia"
2238,15/12/2015,22:57:40,malay,female,moderate,55.0,no,toddler ,35.0,1.0,12.0,3.09532917,101.5877058,"Das Autoteile Sdn. Bhd., 34-G, Jalan Presiden F U1/F, Accentra Glenmarie, Shah Alam, Petaling, Selangor, 40150, Malaysia"
2239,31/01/2016,10:47:23,chinese,male,moderate,21.0,yes,baby,55.0,4.0,19.0,3.159211771,101.6383193,"The Lookout, Kuala Lumpur, 60000, Malaysia"
2240,23/01/2016,20:40:32,foreigner,male,moderate,24.0,yes,toddler ,38.0,4.0,19.0,3.149161764,101.6209708,"55, Lorong Burhanuddin Helmi 6, Taman Tun Dr Ismail, TTDI, Kuala Lumpur, 60000, Malaysia"
2241,20/02/2016,18:06:44,chinese,male,fat,21.0,yes,no_kids,21.0,3.0,12.0,3.177303574,101.5584962,"Seksyen U4, Subang Bestari, Shah Alam, Petaling, Selangor, 47930, Malaysia"
2242,30/12/2015,19:21:37,malay,female,moderate,34.0,yes,young,16.0,0.0,7.0,3.069559999,101.6036944,"Sunway Campus, Jalan Universiti, PJS 11, Bandar Sunway, Subang Jaya, Petaling, Selangor, 46150, Malaysia"
2243,09/02/2016,23:59:11,malay,female,fat,37.0,no,baby,14.0,5.0,7.0,3.086767366,101.5865424,"Jalan Pengaturcara U1/51F, Saujana Glenmarie, Shah Alam, Petaling, Selangor, 43701, Malaysia"
2244,29/12/2015,10:32:08,chinese,male,thin,23.0,no,young,30.0,0.0,7.0,3.180782913,101.5608819,"Kwasa Damamsara City Centre, Shah Alam, Petaling, Selangor, 47930, Malaysia"
2245,13/02/2016,17:16:37,chinese,male,moderate,58.0,yes,toddler,52.0,5.0,18.0,3.052527534,101.6526443,"Petronas, 217, Lebuhraya Bukit Jalil, Bandar Kinrara, Subang Jaya, Petaling, Selangor, 47180, Malaysia"
2246,06/12/2015,16:06:12,malay,male,fat,47.0,no,young,17.0,1.0,7.0,3.070560745,101.5607539,"Batu Tiga, Subang Jaya, Petaling, Selangor, 40675, Malaysia"
2247,23/02/2016,4:03:01,foreigner,female,fat,35.0,yes,toddler ,35.0,2.0,19.0,3.110668199,101.6471593,"Jalan 11/10, Seksyen 11, PJ State, Petaling Jaya, Petaling, Selangor, 46200, Malaysia"
2248,25/01/2016,7:10:23,chinese,female,moderate,32.0,no,no_kids,50.0,1.0,14.0,3.090177333,101.6523463,"Lorong 6/30B, Seksyen 6, Bukit Gasing, Petaling Jaya, Petaling, Selangor, 46990, Malaysia"
2249,20/01/2016,5:49:27,chinese,female,moderate,27.0,yes,young,48.0,3.0,7.0,3.16532611,101.5852095,"Kota Damansara, Petaling Jaya, Petaling, Selangor, 47810, Malaysia"
2250,25/02/2016,1:13:20,foreigner,female,moderate,49.0,no,toddler,46.0,0.0,20.0,3.107563123,101.6514694,"SMJK Katholik (PJ), Jalan 10/3, Seksyen 10, PJ State, Petaling Jaya, Petaling, Selangor, 46000, Malaysia"
2251,23/01/2016,16:16:58,chinese,female,fat,39.0,no,no_kids,28.0,2.0,12.0,3.065614995,101.5627022,"Persiaran Teknologi Subang, Batu Tiga, Subang Jaya, Petaling, Selangor, 47620, Malaysia"
2252,11/12/2015,20:23:45,chinese,male,thin,44.0,yes,toddler,46.0,5.0,10.0,3.074408085,101.5795656,"Jalan SS 17/1E, SS 17, Pusat Bandar Subang Jaya, Subang Jaya, Petaling, Selangor, 47500, Malaysia"
2253,13/01/2016,19:13:19,foreigner,male,fat,39.0,yes,no_kids,45.0,3.0,17.0,3.073154208,101.5595936,"Jalan Mutiara Subang, Batu Tiga, Subang Jaya, Petaling, Selangor, 47500, Malaysia"
2254,29/01/2016,2:41:07,chinese,female,moderate,53.0,yes,baby,56.0,3.0,15.0,3.145488793,101.5730079,"Jalan Casabella 1, Casabella @ Kota Damansara, Kota Damansara, Petaling Jaya, Petaling, Selangor, 47810, Malaysia"
2255,31/12/2015,18:47:06,malay,male,thin,27.0,no,toddler,32.0,3.0,21.0,3.110244042,101.568727,"Palm Course, Persiaran Golf, Shah Alam, Petaling, Selangor, 40250, Malaysia"
2256,29/01/2016,7:00:48,chinese,female,moderate,54.0,no,toddler ,32.0,4.0,12.0,3.098166884,101.5972653,"Jabatan Landskap dan Kehijauan Bandaraya, Lebuhraya Damansara–Puchong, SS7, Petaling Jaya, Petaling Jaya, Petaling, Selangor, 47302, Malaysia"
2257,15/12/2015,17:01:34,indian,female,thin,46.0,no,young,27.0,4.0,7.0,3.171737522,101.6289727,"Kampung Palimbayan Indah, Kuala Lumpur, 52200, Malaysia"
2258,18/01/2016,6:37:38,indian,male,moderate,23.0,yes,toddler ,46.0,0.0,13.0,3.170817828,101.6067027,"Empire Damansara Perdana Residential, Mutiara Damansara, Petaling Jaya, Petaling, Selangor, 47820, Malaysia"
2259,26/01/2016,18:52:45,indian,female,fat,47.0,no,no_kids,37.0,0.0,8.0,3.071804008,101.5985183,"Subang Jaya Assembly of God, Lebuhraya Baru Pantai, Pusat Bandar Subang Jaya, Subang Jaya, Petaling, Selangor, 47500, Malaysia"
2260,04/02/2016,7:32:51,foreigner,male,moderate,26.0,no,baby,43.0,3.0,12.0,3.12882787,101.6120739,"Jalan Cempaka, Kampung Sungai Kayu Ara, Damansara Utama, Petaling Jaya, Petaling, Selangor, 47400, Malaysia"
2261,08/12/2015,21:38:11,indian,female,thin,55.0,yes,no_kids,34.0,4.0,14.0,3.169495941,101.6173404,"Bukit Lanjan (Utara), Jalan Damansara, Kuala Lumpur, 47820, Malaysia"
2262,08/02/2016,22:30:34,foreigner,female,thin,52.0,no,no_kids,32.0,2.0,20.0,3.083534231,101.6544407,"Jalan 1/3, Seksyen 1, PJ Old Town, Petaling Jaya, Petaling, Selangor, 46000, Malaysia"
2263,16/12/2015,12:47:37,malay,female,thin,41.0,yes,toddler,44.0,2.0,16.0,3.072420092,101.605399,"Sunway Pyramid Mall, 3, Jalan PJS 11/15, PJS 11, Bandar Sunway, Subang Jaya, Petaling, Selangor, 47500, Malaysia"
2264,22/01/2016,13:27:43,chinese,female,fat,26.0,no,young,30.0,0.0,8.0,3.168332854,101.629447,"Jalan Sungai Penchala 10, Kampung Sungai Penchala, Kuala Lumpur, 47820, Malaysia"
2265,02/01/2016,15:58:41,foreigner,female,thin,23.0,no,toddler ,50.0,4.0,14.0,3.120993843,101.6271715,"Seksyen 19, Petaling Jaya, Petaling, Selangor, 57300, Malaysia"
2266,26/02/2016,23:24:13,malay,male,moderate,52.0,no,toddler ,23.0,5.0,16.0,3.107879503,101.5971971,"SMK Kelana Jaya, Lebuhraya Damansara–Puchong, SS 6, Kelana Jaya, Petaling Jaya, Petaling, Selangor, 47301, Malaysia"
2267,17/02/2016,19:12:39,chinese,female,moderate,60.0,yes,no_kids,59.0,1.0,13.0,3.13341835,101.6322369,"Jalan Damansara, Kuala Lumpur, 60000, Malaysia"
2268,04/01/2016,19:32:13,foreigner,female,fat,60.0,yes,no_kids,25.0,4.0,8.0,3.175026457,101.6424889,"Lebuhraya Baru Lembah Klang, Bukit Prima Pelangi, Kuala Lumpur, 52200, Malaysia"
2269,30/12/2015,5:30:16,chinese,male,thin,58.0,yes,toddler ,59.0,5.0,11.0,3.178148492,101.5682632,"Shah Alam, Petaling, Selangor, 47930, Malaysia"
2270,21/01/2016,15:20:28,malay,male,thin,40.0,no,toddler ,50.0,4.0,21.0,3.182016177,101.5769578,"Shah Alam, Petaling, Selangor, 47930, Malaysia"
2271,28/02/2016,13:17:42,foreigner,female,fat,22.0,yes,toddler,38.0,3.0,19.0,3.059919439,101.6239767,"Jalan Bandar Puchong Jaya, Bandar Puchong Jaya, Puchong, Subang Jaya, Petaling, Selangor, 47170, Malaysia"
2272,23/01/2016,17:01:00,malay,male,fat,52.0,no,no_kids,33.0,1.0,11.0,3.139552855,101.6566279,"Jalan Setiapuspa, Medan Damansara, Bukit Damansara, Kuala Lumpur, 50490, Malaysia"
2273,05/12/2015,18:18:13,chinese,male,thin,43.0,yes,toddler ,33.0,5.0,20.0,3.152660135,101.5967699,"Driving Range, Lebuhraya Baru Lembah Klang, Mutiara Damansara, Petaling Jaya, Petaling, Selangor, 47810, Malaysia"
2274,03/02/2016,19:11:50,foreigner,male,thin,37.0,yes,no_kids,41.0,0.0,17.0,3.129691543,101.6190992,"Jalan SS 22/17, SS 22, Damansara Jaya, Petaling Jaya, Petaling, Selangor, 47400, Malaysia"
2275,27/12/2015,20:31:45,malay,male,fat,42.0,yes,toddler,37.0,5.0,11.0,3.151906923,101.6161786,"Jalan Damansara, Taman Tun Dr Ismail, TTDI, Kuala Lumpur, 60000, Malaysia"
2276,23/02/2016,9:45:18,foreigner,male,moderate,26.0,no,toddler ,43.0,5.0,21.0,3.100978532,101.6265154,"Sungai Way, Petaling Jaya, Petaling, Selangor, 46100, Malaysia"
2277,06/12/2015,10:22:58,malay,male,moderate,25.0,no,toddler ,25.0,4.0,9.0,3.081312964,101.59233,"Jalan SS 15/5B, SS 15, Pusat Bandar Subang Jaya, Subang Jaya, Petaling, Selangor, 47500, Malaysia"
2278,27/02/2016,20:52:42,chinese,male,thin,36.0,no,toddler,37.0,5.0,10.0,3.058673328,101.6403965,"Klinik Famili, Jalan PPK 1, Kinrara Town Centre, Puchong, Subang Jaya, Petaling, Selangor, 47180, Malaysia"
2279,18/12/2015,21:03:49,chinese,female,fat,55.0,no,young,42.0,4.0,16.0,3.058588393,101.5871025,"Jalan USJ 2/4P, USJ 2, UEP Subang Jaya, Subang Jaya, Petaling, Selangor, 47200, Malaysia"
2280,07/02/2016,21:10:08,foreigner,male,fat,25.0,no,baby,55.0,0.0,11.0,3.173437062,101.6139448,"Damansara Perdana (PJU 8), Mutiara Damansara, Petaling Jaya, Petaling, Selangor, 47820, Malaysia"
2281,26/01/2016,9:30:18,indian,female,fat,55.0,no,toddler ,18.0,3.0,13.0,3.07832675,101.6585916,"Block B, Jalan Taman Seri Sentosa, Seri Sentosa, Taman OUG, Kuala Lumpur, 58200, Malaysia"
2282,02/01/2016,4:34:58,chinese,male,thin,21.0,no,toddler ,40.0,4.0,8.0,3.167402782,101.5633497,"Shah Alam, Petaling, Selangor, 47810, Malaysia"
2283,20/02/2016,2:46:56,malay,male,thin,46.0,yes,baby,31.0,4.0,20.0,3.079993796,101.6224781,"Jalan PJS 5/7, PJS 5, Sungai Way, Petaling Jaya, Petaling, Selangor, 46150, Malaysia"
2284,11/02/2016,15:01:26,malay,male,moderate,42.0,yes,toddler ,57.0,4.0,9.0,3.075763148,101.611655,"Car Parking, Jalan PJS 8/4, PJS 8, Bandar Sunway, Petaling Jaya, Petaling, Selangor, 46150, Malaysia"
2285,12/02/2016,8:14:24,malay,female,thin,27.0,no,young,13.0,5.0,16.0,3.071336234,101.6256139,"Taman Mawar, Bukit Tandang, Subang Jaya, Petaling, Selangor, 46150, Malaysia"
2286,01/01/2016,13:48:10,chinese,female,fat,37.0,no,toddler,40.0,0.0,18.0,3.120436647,101.6561758,"University of Malaya, Lorong 12/14A, Seksyen 12, PJ State, Kuala Lumpur, Petaling, Selangor, 50603, Malaysia"
2287,12/02/2016,20:06:47,foreigner,male,fat,56.0,no,no_kids,25.0,0.0,11.0,3.067029582,101.61099,"Jalan PJS 9/3, PJS 9, Bandar Sunway, Subang Jaya, Petaling, Selangor, 41100, Malaysia"
2288,18/01/2016,4:18:09,foreigner,female,thin,50.0,no,toddler ,56.0,0.0,17.0,3.09093783,101.6194323,"168, Jalan SS 9A/6, SS9A Sungai Way, Sungai Way, Petaling Jaya, Petaling, Selangor, 47300, Malaysia"
2289,02/01/2016,17:34:35,malay,male,fat,39.0,yes,young,26.0,4.0,10.0,3.076361475,101.6516398,"Jalan PJS 1/52, PJS 1, Petaling Jaya Selatan, Petaling Jaya, Petaling, Selangor, 46990, Malaysia"
2290,15/12/2015,12:43:59,indian,female,moderate,22.0,yes,no_kids,26.0,4.0,15.0,3.107896747,101.6007984,"Jalan SS 4B/16, SS4B, Petaling Jaya, Kelana Jaya, Petaling Jaya, Petaling, Selangor, 47301, Malaysia"
2291,31/01/2016,19:13:03,malay,female,moderate,30.0,yes,baby,19.0,2.0,7.0,3.154716385,101.6497988,"Jalan Setiakasih, Bukit Damansara, Kuala Lumpur, 50490, Malaysia"
2292,26/02/2016,0:47:32,chinese,male,fat,41.0,no,baby,32.0,4.0,14.0,3.115429202,101.6357677,"Dutch Lady Milk Industries Bhd, Jalan Professor Khoo Kay Kim, Paramount Garden, PJ State, Petaling Jaya, Petaling, Selangor, 57300, Malaysia"
2293,02/01/2016,6:43:17,foreigner,female,fat,49.0,yes,baby,40.0,1.0,14.0,3.068390576,101.5823247,"SMK Subang Utama, Jalan SS 18/1B, SS 18, Pusat Bandar Subang Jaya, Subang Jaya, Petaling, Selangor, 47500, Malaysia"
2294,26/01/2016,8:39:07,indian,female,fat,18.0,yes,toddler ,17.0,2.0,20.0,3.142173739,101.6517794,"Institut Tadbiran Awam Negara, Lebuhraya Sprint, Bukit Kiara, Kuala Lumpur, 46350, Malaysia"
2295,29/12/2015,9:10:28,indian,male,moderate,60.0,yes,no_kids,47.0,4.0,14.0,3.064798207,101.5701688,"Jalan Delima 1/1, Taman Perindustrian Subang Hi-Tech, Subang Jaya, Petaling, Selangor, 47610, Malaysia"
2296,13/01/2016,17:08:58,foreigner,female,moderate,31.0,yes,baby,53.0,1.0,9.0,3.18010172,101.5657244,"Shah Alam, Petaling, Selangor, 47930, Malaysia"
2297,20/01/2016,15:37:22,foreigner,male,moderate,35.0,yes,toddler ,39.0,4.0,14.0,3.054811788,101.6110964,"Puchong, Subang Jaya, Petaling, Selangor, 47170, Malaysia"
2298,16/01/2016,22:02:53,foreigner,female,thin,47.0,yes,toddler ,44.0,1.0,20.0,3.079204463,101.5869819,"Jalan SS 15/3A, SS 15, Pusat Bandar Subang Jaya, Subang Jaya, Petaling, Selangor, 47500, Malaysia"
2299,11/02/2016,8:47:09,indian,male,moderate,26.0,yes,baby,46.0,0.0,8.0,3.132081994,101.5925046,"Tropicana Golf & Country Resort, Jalan TR 4/1, Tropicana Golf & Country Resort, Petaling Jaya, Petaling, Selangor, 47410, Malaysia"
2300,07/01/2016,9:11:53,chinese,male,fat,37.0,no,baby,22.0,0.0,12.0,3.182846768,101.5798334,"Kota Damansara, Petaling Jaya, Petaling, Selangor, 47930, Malaysia"
2301,03/12/2015,21:34:51,indian,male,moderate,29.0,yes,young,36.0,5.0,14.0,3.16532601,101.6464725,"Jalan Kiara 5, Kiaramas, Mont Kiara, Kuala Lumpur, 50490, Malaysia"
2302,18/12/2015,15:14:43,malay,female,moderate,60.0,no,no_kids,52.0,3.0,10.0,3.107851672,101.6590498,"Lorong 5/21B, Seksyen 5, Bukit Gasing, Petaling Jaya, Petaling, Selangor, 46000, Malaysia"
2303,16/12/2015,17:37:20,chinese,male,thin,47.0,no,no_kids,11.0,3.0,8.0,3.087050977,101.5657066,"Jalan Pemaju U1/15, Section U1, Glenmarie, Shah Alam, Petaling, Selangor, 40250, Malaysia"
2304,06/02/2016,16:17:26,indian,female,moderate,53.0,yes,no_kids,12.0,2.0,9.0,3.125268923,101.5570969,"S, Jalan Lapangan Terbang Subang, Shah Alam, Petaling, Selangor, 40150, Malaysia"
2305,24/02/2016,15:54:39,chinese,female,thin,27.0,no,toddler,45.0,1.0,16.0,3.112767064,101.6425155,"Jalan 12/15, Seksyen 12, PJ State, Petaling Jaya, Petaling, Selangor, 46200, Malaysia"
2306,23/12/2015,12:50:26,malay,female,fat,50.0,no,toddler,35.0,0.0,20.0,3.105448986,101.5773379,"Palm Course, Persiaran Golf, Shah Alam, Petaling, Selangor, 40250, Malaysia"
2307,21/02/2016,10:57:54,foreigner,male,fat,43.0,yes,young,13.0,2.0,16.0,3.083403171,101.6504467,"Jalan 1/6, Seksyen 1, PJ Old Town, Petaling Jaya, Petaling, Selangor, 46000, Malaysia"
2308,08/12/2015,10:08:18,chinese,female,moderate,51.0,yes,toddler ,47.0,1.0,19.0,3.138037737,101.572942,"Tropicana Golf & Country Resort, Petaling Jaya, Petaling, Selangor, 47410, Malaysia"
2309,25/01/2016,2:21:13,malay,female,moderate,42.0,no,young,38.0,3.0,18.0,3.111292838,101.6196286,"Jalan SS 2/26, SS 2, Petaling Jaya, Petaling, Selangor, 46300, Malaysia"
2310,19/01/2016,17:15:34,chinese,male,thin,25.0,no,toddler,55.0,2.0,14.045362392295996,3.116929815,101.637189,"Glad Tidings Church - Petaling jaya, 6, Jalan Bersatu 13/4, Seksyen 13, PJ State, Petaling Jaya, Petaling, Selangor, 46200, Malaysia"
2311,27/12/2015,5:03:53,foreigner,male,moderate,57.0,no,no_kids,29.0,2.0,21.0,3.04989289,101.5852761,"SJ24 USJ 10 Taipan (Utara), Persiaran Perpaduan, UEP Subang Jaya, Subang Jaya, Petaling, Selangor, 47610, Malaysia"
2312,05/12/2015,0:15:54,indian,male,thin,35.0,yes,toddler ,27.0,5.0,18.0,3.126262788,101.6118323,"Jalan SS 22 A/8, SS 22A, Damansara Jaya, Petaling Jaya, Petaling, Selangor, 47400, Malaysia"
2313,28/02/2016,21:10:30,foreigner,male,moderate,27.0,no,toddler ,34.0,5.0,14.045362392295996,3.063033947,101.574374,"Lebuhraya Shah Alam, Subang Jaya, Petaling, Selangor, 47610, Malaysia"
2314,27/12/2015,2:37:30,indian,female,thin,36.0,no,toddler,35.67082167387433,4.0,7.0,3.150232503,101.6114086,"Jalan BU 3/7, BU3, Bandar Utama, Petaling Jaya, Petaling, Selangor, 47800, Malaysia"
2315,30/01/2016,21:21:10,indian,male,moderate,50.0,yes,young,35.67082167387433,2.0,17.0,3.135048332,101.6404502,"TPC Kuala Lumpur, Lebuhraya Sprint, Bukit Kiara, Kuala Lumpur, 46350, Malaysia"
2316,22/02/2016,13:19:41,indian,female,moderate,33.0,yes,toddler ,50.0,3.0,15.0,3.12750395,101.5886631,"Jalan TR 6/1, Tropicana Golf & Country Resort, Petaling Jaya, Petaling, Selangor, 47410, Malaysia"
2317,17/02/2016,14:04:11,malay,male,thin,26.0,yes,toddler ,34.0,3.0,20.0,3.119363484,101.5697573,"SAE Detention Pond, Jalan PJU 1A/9, Ara Damansara, Petaling Jaya, Petaling, Selangor, 40250, Malaysia"
2318,19/12/2015,15:10:40,foreigner,male,fat,25.0,no,toddler,46.0,4.0,17.0,3.085609974,101.6238037,"Lebuhraya Persekutuan, Sungai Way, Petaling Jaya, Petaling, Selangor, 46000, Malaysia"
2319,01/03/2016,12:38:29,foreigner,male,thin,51.0,yes,toddler,58.0,5.0,14.045362392295996,3.054571927,101.556415,"Taman Pinggiran USJ 1, Taman Pinggiran USJ, Subang Jaya, Petaling, Selangor, 47600, Malaysia"
2320,06/01/2016,0:23:59,indian,female,moderate,23.0,no,young,35.67082167387433,4.0,17.0,3.168255169,101.6556502,"B Tower, Jalan Kiara 1, Mont Kiara, Kuala Lumpur, 50480, Malaysia"
2321,21/12/2015,7:41:46,foreigner,male,thin,33.0,yes,no_kids,27.0,0.0,19.0,3.170746671,101.5785192,"Persiaran Mahogani, Kota Damansara, Petaling Jaya, Petaling, Selangor, 47930, Malaysia"
2322,04/12/2015,18:32:56,foreigner,male,moderate,20.0,yes,no_kids,15.0,5.0,12.0,3.150460831,101.6033421,"The Club @ Bukit Utama, Club Drive, Bandar Utama, Petaling Jaya, Petaling, Selangor, 47800, Malaysia"
2323,19/12/2015,12:42:39,foreigner,female,moderate,30.0,no,no_kids,48.0,4.0,16.0,3.058580972,101.6382084,"Jalan Taman Kinrara, Taman Kinrara, Puchong, Subang Jaya, Petaling, Selangor, 47170, Malaysia"
2324,16/02/2016,14:00:20,foreigner,female,fat,53.0,yes,baby,11.0,3.0,14.045362392295996,3.157652626,101.6306887,"Jalan Cahaya 3, Vila Cahaya, Kuala Lumpur, 60000, Malaysia"
2325,21/01/2016,21:30:42,indian,male,moderate,56.0,no,young,60.0,1.0,12.0,3.182967248,101.6585123,"Lorong 10/60A, Segambut, Kuala Lumpur, 50480, Malaysia"
2326,19/01/2016,9:17:23,foreigner,male,fat,53.0,yes,baby,35.67082167387433,4.0,21.0,3.073158426,101.6382523,"Jalan Medan 31, PJS 3, Petaling Jaya Selatan, Petaling Jaya, Petaling, Selangor, 46050, Malaysia"
2327,01/01/2016,11:19:13,foreigner,female,thin,33.0,yes,toddler,50.0,3.0,8.0,3.137716748,101.6311512,"TTDI Plaza, Jalan Damansara, Kuala Lumpur, 60000, Malaysia"
2328,19/12/2015,12:51:07,chinese,female,thin,53.0,no,young,25.0,0.0,10.0,3.182207948,101.6424965,"Arara Trail, Bukit Prima Pelangi, Kuala Lumpur, 52200, Malaysia"
2329,13/12/2015,20:06:48,indian,female,thin,36.0,no,toddler,11.0,1.0,10.0,3.101660745,101.6528833,"SK La Salle PJ, Lorong 5/8, Seksyen 5, Bukit Gasing, Petaling Jaya, Petaling, Selangor, 46000, Malaysia"
2330,01/03/2016,21:09:48,indian,male,thin,60.0,yes,baby,37.0,3.0,15.0,3.166655072,101.6290672,"Jalan Palimbayan Indah, Kampung Sungai Penchala, Kampung Palimbayan Indah, Kuala Lumpur, 47820, Malaysia"
2331,10/02/2016,7:50:05,indian,male,thin,47.0,yes,baby,46.0,5.0,17.0,3.174959145,101.6039394,"Pink trail, Rafflesia, Petaling Jaya, Petaling, Selangor, 46800, Malaysia"
2332,15/01/2016,18:55:37,indian,female,moderate,59.0,yes,no_kids,38.0,2.0,20.0,3.144897144,101.5567483,"Jalan Lapangan Terbang Subang, Petaling Jaya, Petaling, Selangor, 40150, Malaysia"
2333,19/02/2016,4:42:47,foreigner,male,fat,39.0,no,no_kids,32.0,1.0,10.0,3.125455193,101.630865,"Jalan 17/21I, Seksyen 17, Damansara Utama, Petaling Jaya, Petaling, Selangor, 46400, Malaysia"
2334,04/02/2016,17:47:47,malay,female,thin,33.0,yes,toddler ,18.0,1.0,14.0,3.100517758,101.6457202,"Seksyen 52, PJ State, Petaling Jaya, Petaling, Selangor, 46200, Malaysia"
2335,27/02/2016,21:24:09,chinese,female,thin,23.0,yes,young,25.0,5.0,7.0,3.114232389,101.5854292,"Rapid Rail Sdn Bhd, No 1, Jalan PJU 1A/46, Jalan PJU 1A/4, Ara Damansara, Petaling Jaya, Petaling, Selangor, 47301, Malaysia"
2336,17/12/2015,1:45:40,chinese,male,thin,59.0,no,toddler,23.0,2.0,19.0,3.122883624,101.6495926,"Menara Tangki Air Sistem Bekalan Air Pusat Universiti Malaya, Jalan 16/2, Seksyen 16, Kuala Lumpur, 46350, Malaysia"
2337,15/01/2016,21:26:02,foreigner,male,moderate,37.0,no,baby,17.0,1.0,12.0,3.140757143,101.6541825,"Lorong Setiapuspa 4, Medan Damansara, Bukit Damansara, Kuala Lumpur, 50490, Malaysia"
2338,01/03/2016,2:46:53,foreigner,male,thin,26.0,no,no_kids,50.0,1.0,13.0,3.109199925,101.6241486,"Jalan 21/10, Paramount Garden, Petaling Jaya, Petaling, Selangor, 46300, Malaysia"
2339,07/01/2016,10:30:02,chinese,male,moderate,27.0,no,baby,20.0,0.0,21.0,3.133493011,101.5809563,"Jalan TR 8/3, Tropicana Golf & Country Resort, Petaling Jaya, Petaling, Selangor, 47410, Malaysia"
2340,20/01/2016,14:41:59,malay,male,moderate,52.0,yes,baby,11.0,3.0,18.0,3.149105936,101.5633303,"Plaza Tol RRIM (Kwasa Damansara), Damansara–Shah Alam Elevated Expressway, Sunway Damansara, Kota Damansara, Petaling Jaya, Petaling, Selangor, 47820, Malaysia"
2341,25/12/2015,22:13:45,chinese,male,moderate,51.0,no,baby,30.0,4.0,18.0,3.126334478,101.5746623,"Jalan PJU 1A/32A, Ara Idaman, Ara Damansara, Ara Damansara, Petaling Jaya, Petaling, Selangor, 47410, Malaysia"
2342,18/01/2016,9:01:39,indian,male,thin,20.0,no,toddler,27.0,0.0,13.0,3.074357551,101.6572469,"Jalan 9, Seri Sentosa, Kuala Lumpur, 58200, Malaysia"
2343,15/02/2016,18:50:58,chinese,male,thin,27.0,no,baby,24.0,5.0,17.0,3.100720514,101.6098457,"Jalan SS 3/23, SS 3, Kelana Jaya, Petaling Jaya, Petaling, Selangor, 47300, Malaysia"
2344,05/12/2015,0:10:03,foreigner,male,moderate,53.0,yes,young,44.0,3.0,18.0,3.138427594,101.6076497,"SMK Bandar Utama Damansara 3, Jalan BU 10/10, BU10, Bandar Utama, Petaling Jaya, Petaling, Selangor, 47410, Malaysia"
2345,21/01/2016,11:54:41,indian,female,fat,19.0,yes,young,52.0,1.0,10.0,3.146593091,101.5590084,"Hentian Sebelah RRIM (Kwasa Damansara), Damansara–Shah Alam Elevated Expressway, Puncak Perdana, Seksyen U10, Subang, Petaling Jaya, Petaling, Selangor, 47820, Malaysia"
2346,16/01/2016,22:01:15,chinese,male,fat,43.0,yes,no_kids,18.0,4.0,12.0,3.139984798,101.5897388,"Jalan PJU 3/12F, Tropicana Golf & Country Resort, Petaling Jaya, Petaling, Selangor, 47410, Malaysia"
2347,10/01/2016,6:22:09,foreigner,male,moderate,30.0,no,young,39.0,1.0,21.0,3.167219297,101.5710979,"Pasar Raya Borong & Runcit SURIA, 12, Jalan TSB 10, Taman Industri Sungai Buloh, Petaling Jaya, Petaling, Selangor, 47810, Malaysia"
2348,15/12/2015,6:34:09,foreigner,male,fat,54.0,no,young,21.0,4.0,12.0,3.053165263,101.5626051,"Lebuhraya Utara–Selatan Hubungan Tengah, Subang Jaya, Petaling, Selangor, 47600, Malaysia"
2349,11/12/2015,10:54:28,chinese,female,moderate,31.0,yes,toddler,52.0,4.0,14.0,3.119220348,101.5784973,"Restoran Dima, Jalan PJU 1A/3, Ara Damansara, Petaling Jaya, Petaling, Selangor, 47301, Malaysia"
2350,28/12/2015,6:21:58,indian,female,fat,34.0,yes,toddler ,50.0,4.0,14.0,3.150261929,101.5620463,"Hentian Sebelah RRIM (Kwasa Damansara), Damansara–Shah Alam Elevated Expressway, Puncak Perdana, Seksyen U10, Subang, Petaling Jaya, Petaling, Selangor, 47820, Malaysia"
2351,17/02/2016,22:04:57,indian,female,moderate,27.0,yes,toddler,46.0,4.0,14.0,3.080604413,101.6418396,"Panesar Furniture, Jalan Maju Jaya 2, PJS 1, Petaling Jaya Selatan, Petaling Jaya, Petaling, Selangor, 46050, Malaysia"
2352,14/12/2015,20:55:10,chinese,male,fat,48.0,yes,baby,48.0,0.0,13.0,3.055180706,101.637449,"Jalan 16, Taman Bukit Kuchai, Puchong, Subang Jaya, Petaling, Selangor, 47170, Malaysia"
2353,05/12/2015,3:26:41,malay,male,moderate,27.0,yes,toddler,24.0,5.0,21.0,3.064066666,101.6431288,"Blok C Kompleks Suria Kinrara, Jalan TK 2/14, Taman Kinrara Seksyen 2, Subang Jaya, Petaling, Selangor, 47180, Malaysia"
2354,25/02/2016,23:25:55,chinese,female,moderate,27.0,no,no_kids,33.0,4.0,8.0,3.154409606,101.5788585,"Damansara–Shah Alam Elevated Expressway, Sunway Damansara, Kota Damansara, Petaling Jaya, Petaling, Selangor, 47820, Malaysia"
2355,16/12/2015,20:50:33,chinese,female,fat,60.0,yes,toddler ,13.0,2.0,7.0,3.103065746,101.6035004,"Football Field, Jalan SS 5C/9, SS5C, Petaling Jaya, Kelana Jaya, Petaling Jaya, Petaling, Selangor, 47301, Malaysia"
2356,30/12/2015,19:34:25,chinese,female,moderate,46.0,yes,baby,24.0,1.0,9.0,3.101964348,101.5780629,"Persiaran Golf, Glenmarie, Shah Alam, Petaling, Selangor, 40250, Malaysia"
2357,17/02/2016,9:09:19,malay,male,moderate,58.0,yes,no_kids,49.0,1.0,13.0,3.07943917,101.6274668,"PJS 2, Petaling Jaya Selatan, Petaling Jaya, Petaling, Selangor, 46150, Malaysia"
2358,12/01/2016,4:33:52,malay,female,moderate,55.0,yes,no_kids,39.0,1.0,17.0,3.069414062,101.5853711,"Jalan SS 18/3C, SS 18, Pusat Bandar Subang Jaya, Subang Jaya, Petaling, Selangor, 47500, Malaysia"
2359,26/12/2015,21:22:19,foreigner,female,moderate,50.0,no,young,53.0,0.0,7.0,3.057516918,101.5787918,"Jalan USJ 2/7, USJ 2, UEP Subang Jaya, Subang Jaya, Petaling, Selangor, 47610, Malaysia"
2360,14/02/2016,21:58:20,malay,female,fat,46.0,no,toddler ,26.0,3.0,20.0,3.054128133,101.628254,"Jalan 1, Taman Tenaga, Puchong, Subang Jaya, Petaling, Selangor, 47170, Malaysia"
2361,01/03/2016,20:57:53,indian,female,thin,46.0,yes,young,15.0,1.0,11.0,3.103395877,101.595226,"Laguna Residences, Jalan SS 7/17, SS7, Petaling Jaya, Petaling Jaya, Petaling, Selangor, 47302, Malaysia"
2362,23/12/2015,16:08:05,indian,female,thin,57.0,yes,baby,38.0,0.0,15.0,3.114309045,101.5832399,"Ara Damansara, Petaling Jaya, Petaling, Selangor, 47301, Malaysia"
2363,13/01/2016,6:20:01,chinese,female,moderate,36.0,no,young,20.0,1.0,10.0,3.097470171,101.6171949,"27, Jalan SS 1/17, SS 1, Sungai Way, Petaling Jaya, Petaling, Selangor, 47300, Malaysia"
2364,23/02/2016,23:25:06,foreigner,male,fat,30.0,no,toddler ,42.0,2.0,13.0,3.079219587,101.6039086,"Subang Ville Ehsan Apartment, Jalan PJS 10/11, PJS 10, Bandar Sunway, Petaling Jaya, Petaling, Selangor, 46150, Malaysia"
2365,25/01/2016,13:41:00,malay,female,thin,54.0,yes,no_kids,45.0,3.0,10.0,3.126307396,101.5705506,"Ara Idaman, Ara Damansara, Ara Damansara, Petaling Jaya, Petaling, Selangor, 47410, Malaysia"
2366,03/12/2015,3:48:31,malay,female,fat,37.0,yes,young,49.0,3.0,18.0,3.090298977,101.6132035,"A, Jalan SS 8/7, SS8, Petaling Jaya, Sungai Way, Petaling Jaya, Petaling, Selangor, 47300, Malaysia"
2367,26/12/2015,17:02:07,chinese,female,fat,50.0,no,baby,50.0,3.0,7.0,3.102969979,101.6300725,"Jalan 14/60, Paramount Garden, Petaling Jaya, Petaling, Selangor, 46100, Malaysia"
2368,01/12/2015,1:08:29,indian,male,fat,59.0,yes,no_kids,29.0,5.0,13.0,3.080133115,101.6048104,"Subang Ville Aman Luxury Condominiums, Persiaran Wangsa Baiduri 8, Taman Wangsa Baiduri, Bandar Sunway, Subang Jaya, Petaling, Selangor, 46150, Malaysia"
2369,26/01/2016,13:17:45,chinese,male,thin,34.0,no,toddler ,49.0,2.0,19.0,3.159382318,101.5710321,"Taman Industri Sungai Buloh, Petaling Jaya, Petaling, Selangor, 47810, Malaysia"
2370,09/02/2016,20:25:25,foreigner,female,moderate,50.0,no,no_kids,52.0,4.0,21.0,3.169310817,101.6023923,"Jalan PJU 8/7, Desa Temuan, Mutiara Damansara, Petaling Jaya, Petaling, Selangor, 46800, Malaysia"
2371,21/02/2016,8:37:08,foreigner,male,moderate,54.0,yes,toddler ,45.0,3.0,11.0,3.113529897,101.6218239,"SS 2, Petaling Jaya, Petaling, Selangor, 57300, Malaysia"
2372,25/02/2016,6:39:55,malay,male,moderate,50.0,yes,no_kids,12.0,0.0,17.0,3.12186077,101.6411195,"Kolej Kediaman Ke-13 Universiti Malaya, Jalan 16/7, Seksyen 16, Petaling Jaya, Petaling, Selangor, 47350, Malaysia"
2373,01/02/2016,3:09:48,foreigner,male,moderate,34.0,no,no_kids,35.0,4.0,12.0,3.074128634,101.5697071,"Taman Perindustrian Subang Hi-Tech, Batu Tiga, Subang Jaya, Petaling, Selangor, 47500, Malaysia"
2374,16/01/2016,7:55:23,malay,female,moderate,25.0,no,toddler,18.0,0.0,7.0,3.084455275,101.659099,"Lorong 1A/71G, Seksyen 1A, Bukit Gasing, Petaling Jaya, Petaling, Selangor, 46000, Malaysia"
2375,28/02/2016,10:36:15,foreigner,male,fat,38.0,yes,toddler ,23.0,2.0,21.0,3.062333032,101.6109622,"Jalan PJS 9/1A, Sunway Utama, Bandar Sunway, Subang Jaya, Petaling, Selangor, 41100, Malaysia"
2376,16/02/2016,9:14:38,indian,female,thin,43.0,yes,young,39.0,1.0,17.0,3.152976884,101.6420821,"Rubber Neck, Kuala Lumpur, 50490, Malaysia"
2377,13/12/2015,10:24:05,indian,male,thin,59.0,yes,toddler,29.0,4.0,9.0,3.177709352,101.6588264,"Block D, 18, Jalan Dutamas Raya, Segambut, Kuala Lumpur, 51200, Malaysia"
2378,01/02/2016,3:37:01,chinese,male,moderate,27.0,no,young,22.0,0.0,10.0,3.123261393,101.5811276,"Ara Impian, Ara Damansara, Ara Damansara, Petaling Jaya, Petaling, Selangor, 47301, Malaysia"
2379,07/01/2016,17:06:32,indian,male,fat,31.0,no,toddler ,16.0,3.0,14.045362392295996,3.118912782,101.6321363,"Jalan Prof Diraja Ungku Aziz, Petaling Jaya, Petaling, Selangor, 46400, Malaysia"
2380,22/02/2016,6:27:47,chinese,male,thin,27.0,yes,toddler ,49.0,3.0,9.0,3.113103553,101.5843744,"Jalan PJU 1A/4, Ara Damansara, Petaling Jaya, Petaling, Selangor, 47302, Malaysia"
2381,01/01/2016,0:05:59,indian,male,moderate,35.0,yes,toddler ,30.0,1.0,21.0,3.159523011,101.6417235,"Jalan Puncak Kiara, Bukit Kiara, Kuala Lumpur, 50490, Malaysia"
2382,29/12/2015,21:26:34,malay,female,moderate,51.0,yes,no_kids,17.0,5.0,7.0,3.123045269,101.6182861,"SS 22, Damansara Jaya, Petaling Jaya, Petaling, Selangor, 47400, Malaysia"
2383,29/01/2016,2:24:34,malay,male,fat,45.0,yes,no_kids,35.67082167387433,3.0,14.045362392295996,3.118057797,101.636885,"C, Jalan 13/6, Seksyen 13, Petaling Jaya, Petaling, Selangor, 46400, Malaysia"
2384,22/02/2016,15:44:56,malay,male,thin,33.0,no,no_kids,41.0,3.0,17.0,3.168255945,101.5565346,"Subang Bestari, Shah Alam, Petaling, Selangor, 47810, Malaysia"
2385,10/01/2016,4:45:52,chinese,male,fat,20.0,yes,baby,20.0,5.0,16.0,3.179886674,101.5917707,"Harmony Trail, Kota Damansara, Petaling Jaya, Petaling, Selangor, 47930, Malaysia"
2386,28/02/2016,1:07:38,indian,male,thin,49.0,no,young,29.0,3.0,16.0,3.10268341,101.5941975,"Lorong SS 7/17E, SS7, Petaling Jaya, Petaling Jaya, Petaling, Selangor, 47302, Malaysia"
2387,30/12/2015,8:59:31,malay,female,fat,57.0,no,baby,35.67082167387433,3.0,13.0,3.162515779,101.6322146,"Shamney Trail, Kampung Sungai Penchala, Kampung Palimbayan Indah, Kuala Lumpur, 47820, Malaysia"
2388,29/12/2015,17:06:16,malay,female,thin,54.0,yes,toddler ,39.0,0.0,18.0,3.073089957,101.5983597,"Subang Jaya Assembly of God, Lebuhraya Baru Pantai, Pusat Bandar Subang Jaya, Subang Jaya, Petaling, Selangor, 47500, Malaysia"
2389,22/01/2016,5:29:19,chinese,female,fat,51.0,no,young,35.0,0.0,14.045362392295996,3.049413716,101.6390455,"Lebuhraya Bukit Jalil, Bandar Kinrara, Puchong, Subang Jaya, Petaling, Selangor, 47170, Malaysia"
2390,12/01/2016,2:25:02,foreigner,male,fat,28.0,yes,young,52.0,5.0,11.0,3.080799481,101.5648778,"Jalan Penerbit U1/43, Glenmarie, Shah Alam, Petaling, Selangor, 40250, Malaysia"
2391,11/12/2015,11:14:58,malay,female,fat,60.0,yes,young,20.0,0.0,15.0,3.137843723,101.5788935,"Jalan TR 8/3, Tropicana Golf & Country Resort, Petaling Jaya, Petaling, Selangor, 47410, Malaysia"
2392,23/02/2016,4:21:49,malay,male,fat,21.0,yes,young,35.67082167387433,1.0,21.0,3.122824852,101.5729309,"Jalan PJU 1A/18, Taman Perindustrian Jaya, Ara Damansara, Petaling Jaya, Petaling, Selangor, 47301, Malaysia"
2393,18/12/2015,22:22:26,indian,male,fat,23.0,yes,toddler,19.0,5.0,9.0,3.155224799,101.6574675,"Lorong Batai Barat, Bukit Damansara, Kuala Lumpur, 50490, Malaysia"
2394,01/12/2015,13:41:30,malay,female,thin,50.0,yes,young,13.0,4.0,11.0,3.063492445,101.6429902,"Blok C Kompleks Suria Kinrara, Jalan TK 2/14, Taman Kinrara Seksyen 2, Subang Jaya, Petaling, Selangor, 47180, Malaysia"
2395,09/01/2016,3:19:40,chinese,female,thin,51.0,no,toddler,11.0,0.0,19.0,3.114866913,101.5616225,"Pasukan Gerakan Udara PDRM Pangkalan Semenanjung, Jalan Lapangan Terbang Subang, Shah Alam, Petaling, Selangor, 40150, Malaysia"
2396,08/01/2016,20:33:50,chinese,male,thin,25.0,no,young,53.0,3.0,21.0,3.119102418,101.6059639,"Lorong SS 26/7A, Taman Mayang Jaya, Petaling Jaya, Petaling, Selangor, 47301, Malaysia"
2397,04/02/2016,18:14:05,chinese,male,fat,22.0,no,young,17.0,5.0,17.0,3.168838471,101.5913866,"Jalan Kenyalang 11/14, Kota Damansara, Petaling Jaya, Petaling, Selangor, 46800, Malaysia"
2398,18/01/2016,3:28:25,indian,male,fat,60.0,yes,toddler,14.0,0.0,18.0,3.150841723,101.5699544,"Kota Damansara, Petaling Jaya, Petaling, Selangor, 47810, Malaysia"
2399,25/02/2016,6:44:19,chinese,male,fat,43.0,no,toddler,55.0,1.0,20.0,3.101255708,101.6118796,"Jalan SS 3/78, SS 3, Kelana Jaya, Petaling Jaya, Petaling, Selangor, 47300, Malaysia"
2400,15/01/2016,12:46:58,chinese,male,moderate,48.0,yes,baby,16.0,3.0,10.0,3.00444324,101.4146161,"Jalan Papan, Kampung Baru Pandamaran, Pelabuhan Klang, Majlis Perbandaran Klang, Klang, Selangor, 42000, Malaysia"
2401,19/01/2016,14:45:08,malay,male,moderate,23.0,no,baby,15.0,1.0,14.0,3.011663482,101.5122927,"Jalan Spring 34/23, Seksyen 34, Alam Impian, Shah Alam, Klang, Selangor, 40470, Malaysia"
2402,23/12/2015,13:02:13,malay,female,fat,39.0,no,baby,31.0,4.0,7.0,3.090650085,101.4019609,"Jalan Sungai Puloh, Bandar Bukit Raja, Majlis Perbandaran Klang, Klang, Selangor, 40150, Malaysia"
2403,04/02/2016,2:07:31,malay,female,fat,37.0,yes,baby,41.0,3.0,9.0,3.045898633,101.4055359,"Majlis Perbandaran Klang, Klang, Selangor, 41250, Malaysia"
2404,24/02/2016,13:26:39,foreigner,male,thin,34.0,no,no_kids,21.0,2.0,16.0,2.990044693,101.3862441,"Pelabuhan Klang, Majlis Perbandaran Klang, Klang, Selangor, 42009, Malaysia"
2405,05/02/2016,2:21:02,malay,female,fat,27.0,no,no_kids,13.0,2.0,10.0,3.032431545,101.4553968,"Majlis Perbandaran Klang, Klang, Selangor, 41000, Malaysia"
2406,02/01/2016,1:29:08,foreigner,male,thin,58.0,no,no_kids,19.0,2.0,14.0,3.059051093,101.4490542,"Majlis Perbandaran Klang, Klang, Selangor, 41400, Malaysia"
2407,20/01/2016,9:54:32,foreigner,male,thin,20.0,no,toddler ,38.0,3.0,8.0,3.009895778,101.3964318,"Jalan Sireh, Pelabuhan Klang, Majlis Perbandaran Klang, Klang, Selangor, 42009, Malaysia"
2408,09/02/2016,7:14:48,indian,male,moderate,36.0,yes,toddler ,51.0,1.0,12.0,3.048525428,101.418123,"Teluk Pulai, Majlis Perbandaran Klang, Klang, Selangor, 41250, Malaysia"
2409,05/01/2016,6:18:02,chinese,female,thin,27.0,no,no_kids,31.0,3.0,17.0,3.02657603,101.3823145,"SMK Bandar Baru Sultan Suleiman, Lebuh Sultan Abdul Samad, Bandar Sultan Suleiman, Pelabuhan Klang, Majlis Perbandaran Klang, Klang, Selangor, 41250, Malaysia"
2410,24/12/2015,15:36:04,malay,male,moderate,31.0,yes,no_kids,36.0,5.0,8.0,3.012082222,101.4958419,"Lorong Teluk Batu 7, Taman Industri AMJ, Shah Alam, Klang, Selangor, 40470, Malaysia"
2411,21/02/2016,0:13:20,foreigner,male,moderate,26.0,no,toddler ,56.0,3.0,21.0,2.997837793,101.4976973,"Jalan Kebun, Taman Camellia, Majlis Perbandaran Klang, Klang, Selangor, 40470, Malaysia"
2412,28/02/2016,20:36:50,foreigner,female,thin,29.0,yes,young,25.0,3.0,19.0,3.081251786,101.5349763,"Seksyen 9, Shah Alam, Petaling, Selangor, 40100, Malaysia"
2413,18/02/2016,16:30:34,foreigner,male,fat,43.0,no,toddler ,30.0,2.0,15.0,3.001713645,101.4629256,"Jalan Dato Dagang 5, Majlis Perbandaran Klang, Klang, Selangor, 41200, Malaysia"
2414,28/12/2015,12:21:43,indian,male,moderate,59.0,no,no_kids,32.0,1.0,17.0,3.085114602,101.5099861,"SK Seksyen 6, Jalan Cenderawasih 6/7, Seksyen 6, Shah Alam, Petaling, Selangor, 40604, Malaysia"
2415,24/02/2016,5:56:50,malay,male,moderate,18.0,no,baby,35.0,1.0,11.0,3.08192671,101.4485096,"Lebuhraya Baru Selat Klang Utara, Majlis Perbandaran Klang, Klang, Selangor, 41150, Malaysia"
2416,02/12/2015,15:56:07,indian,female,moderate,24.0,no,toddler,14.0,2.0,18.0,3.040363148,101.5395902,"Panasonic Malaysia, Jalan S U 8A, Seksyen 22, Taman Sri Muda, Shah Alam, Petaling, Selangor, 40300, Malaysia"
2417,10/12/2015,17:13:16,malay,male,thin,22.0,no,toddler,21.0,3.0,12.0,3.032443676,101.4992766,"Seksyen 36, Alam Impian, Shah Alam, Klang, Selangor, 40470, Malaysia"
2418,20/02/2016,10:48:57,chinese,male,fat,24.0,yes,baby,60.0,2.0,17.0,3.031943278,101.5060578,"Persiaran Panglima Hitam, Seksyen 35, Alam Impian, Shah Alam, Klang, Selangor, 40470, Malaysia"
2419,12/12/2015,4:14:34,indian,male,fat,33.0,no,young,28.0,5.0,14.0,3.053284769,101.4583145,"Taman Eng Ann, Majlis Perbandaran Klang, Klang, Selangor, 41000, Malaysia"
2420,03/02/2016,8:39:16,foreigner,female,thin,44.0,no,young,34.0,0.0,16.0,3.046021054,101.4863697,"Lorong Berangan, Padang Jawa, Seksyen 16, Shah Alam, Klang, Selangor, 40200, Malaysia"
2421,06/02/2016,15:25:41,indian,male,moderate,30.0,yes,baby,41.0,4.0,19.0,3.083360362,101.5004779,"Seksyen 7, Shah Alam, Petaling, Selangor, 40450, Malaysia"
2422,31/01/2016,15:55:49,malay,male,fat,24.0,no,toddler,16.0,0.0,8.0,3.064658393,101.5529977,"Pusat Pemindahan Sisa Pepejal, Jalan Pusara 21/1, Seksyen 21, Shah Alam, Petaling, Selangor, 40300, Malaysia"
2423,24/01/2016,19:42:13,indian,male,thin,24.0,no,toddler,33.0,4.0,16.0,2.991561398,101.4127959,"Surau Al Shuhada, Jalan Selat Selatan 17, Pendamar Villa, Pelabuhan Klang, Majlis Perbandaran Klang, Klang, Selangor, 42009, Malaysia"
2424,06/01/2016,10:12:17,foreigner,male,thin,35.0,yes,baby,15.0,2.0,11.0,3.019897753,101.5487218,"LF Logistics, Jalan Angklung 33/20, Seksyen 33, Taman Sri Muda, Shah Alam, Klang, Selangor, 40350, Malaysia"
2425,23/02/2016,16:03:50,chinese,male,moderate,54.0,yes,toddler ,52.0,0.0,10.0,3.009764381,101.4804459,"Lorong Temenggung 39, Majlis Perbandaran Klang, Klang, Selangor, 40470, Malaysia"
2426,20/12/2015,17:33:34,malay,female,moderate,51.0,no,toddler ,14.0,2.0,19.0,2.997229492,101.4276803,"Jalan Batu Nilam 34, Bandar Bukit Tinggi 2, Pandamaran, Kampung Idaman, Majlis Perbandaran Klang, Klang, Selangor, 41200, Malaysia"
2427,08/02/2016,10:22:45,foreigner,male,thin,52.0,yes,young,23.0,3.0,7.0,3.015144576,101.5061402,"Jalan Mat Kilau 35/83, Seksyen 35, Alam Impian, Shah Alam, Klang, Selangor, 40470, Malaysia"
2428,23/02/2016,8:45:40,malay,female,moderate,54.0,no,baby,22.0,3.0,20.0,2.996218946,101.5148354,"Jalan Sungai Jeluh 32/189, Seksyen 32, Shah Alam, Klang, Selangor, 40460, Malaysia"
2429,01/02/2016,1:40:14,chinese,female,thin,33.0,no,young,40.0,1.0,20.0,3.018248656,101.5106213,"Jalan Tun Mamat 35/96A, Seksyen 35, Alam Impian, Shah Alam, Klang, Selangor, 40470, Malaysia"
2430,07/02/2016,10:38:33,malay,female,fat,40.0,yes,no_kids,35.0,1.0,15.0,3.025377977,101.45559,"Majlis Perbandaran Klang, Klang, Selangor, 41000, Malaysia"
2431,11/01/2016,21:09:43,foreigner,female,fat,47.0,no,toddler ,32.0,0.0,19.0,2.998142465,101.3983204,"Jalan Pelabuhan Utara-Barat, Pendamar Villa, Pelabuhan Klang, Majlis Perbandaran Klang, Klang, Selangor, 42009, Malaysia"
2432,19/02/2016,13:54:45,malay,female,fat,18.0,yes,baby,38.0,3.0,14.0,3.045208713,101.493345,"Padang Jawa, Seksyen 16, Shah Alam, Petaling, Selangor, 40200, Malaysia"
2433,17/12/2015,7:04:49,foreigner,male,moderate,31.0,no,no_kids,13.0,1.0,21.0,2.994329738,101.4041611,"Jalan Kem, Pelabuhan Klang, Majlis Perbandaran Klang, Klang, Selangor, 42009, Malaysia"
2434,27/01/2016,12:54:52,chinese,male,fat,60.0,no,no_kids,55.0,1.0,14.0,2.987576826,101.4082788,"Jalan Pelabuhan Utara-Barat, Pendamar Villa, Pelabuhan Klang, Majlis Perbandaran Klang, Klang, Selangor, 42009, Malaysia"
2435,06/12/2015,9:01:29,indian,male,thin,54.0,no,baby,25.0,0.0,21.0,3.009088104,101.5029568,"Jalan Omboh 34/1, Seksyen 34, Alam Impian, Shah Alam, Klang, Selangor, 40470, Malaysia"
2436,23/12/2015,2:30:42,malay,male,fat,20.0,yes,young,40.0,2.0,8.0,2.99128454,101.502366,"Seksyen 32, Shah Alam, Klang, Selangor, 40470, Malaysia"
2437,04/12/2015,8:24:21,malay,female,fat,56.0,no,baby,33.0,0.0,14.0,3.029775313,101.4047922,"Delek Baru 35/KS 3, Majlis Perbandaran Klang, Klang, Selangor, 41250, Malaysia"
2438,09/12/2015,1:26:35,indian,female,fat,30.0,no,toddler ,39.0,1.0,8.0,3.09504413,101.4695451,"Jalan U13/53E, Aeres, Shah Alam, Petaling, Selangor, 40170, Malaysia"
2439,01/02/2016,22:06:28,foreigner,female,fat,26.0,yes,toddler,48.0,2.0,16.0,3.017189478,101.3891201,"Pelabuhan Klang, Majlis Perbandaran Klang, Klang, Selangor, 42009, Malaysia"
2440,11/01/2016,14:34:31,foreigner,male,moderate,18.0,no,toddler ,58.0,2.0,16.0,3.019467759,101.4889338,"Lebuhraya Pesisiran Pantai Barat, Seksyen 36, Shah Alam, Klang, Selangor, 40470, Malaysia"
2441,13/02/2016,6:49:16,foreigner,male,moderate,40.0,yes,baby,32.0,5.0,21.0,3.011712361,101.4811891,"Lorong Temenggung 39E, Majlis Perbandaran Klang, Klang, Selangor, 40470, Malaysia"
2442,12/12/2015,13:22:05,chinese,female,moderate,49.0,yes,toddler ,49.0,1.0,12.0,3.015389904,101.3871397,"Jalan Pelabuhan Utara, Pelabuhan Klang, Majlis Perbandaran Klang, Klang, Selangor, 42009, Malaysia"
2443,04/01/2016,0:16:30,indian,female,thin,56.0,no,young,18.0,0.0,20.0,3.030650743,101.4430843,"Petron, Persiaran Tengku Ampuan Rahimah, Taman Sri Andalas, Teluk Pulai, Majlis Perbandaran Klang, Klang, Selangor, 41200, Malaysia"
2444,01/03/2016,11:26:47,foreigner,female,moderate,38.0,no,toddler ,16.0,3.0,7.0,3.011725626,101.4739722,"Taman Sentosa, Majlis Perbandaran Klang, Klang, Selangor, 41200, Malaysia"
2445,19/01/2016,12:22:07,indian,female,thin,44.0,yes,toddler,11.0,5.0,10.0,3.027987109,101.5494168,"Jalan Bukit Kemuning, Taman Sri Muda, Shah Alam, Klang, Selangor, 40400, Malaysia"
2446,10/02/2016,18:16:28,foreigner,female,moderate,27.0,no,toddler ,38.0,1.0,17.0,3.054190352,101.4433592,"Teluk Pulai, Majlis Perbandaran Klang, Klang, Selangor, 41400, Malaysia"
2447,09/01/2016,6:58:18,indian,female,fat,54.0,no,no_kids,60.0,3.0,17.0,3.008155761,101.4983726,"Jalan Tayar 34/12, Seksyen 34, Alam Impian, Shah Alam, Klang, Selangor, 40470, Malaysia"
2448,28/01/2016,9:28:24,chinese,male,fat,52.0,no,toddler ,54.0,2.0,18.0,3.088006957,101.4915606,"Jalan Selasih U12/29, Encorp Cahaya Alam, Lotus, Shah Alam, Petaling, Selangor, 40450, Malaysia"
2449,06/12/2015,17:09:44,indian,female,moderate,34.0,no,young,52.0,5.0,16.0,3.077741304,101.5017965,"Seksyen 7, Shah Alam, Petaling, Selangor, 40450, Malaysia"
2450,12/02/2016,4:37:10,foreigner,female,moderate,40.0,no,baby,30.0,4.0,21.0,3.091067628,101.4521505,"Bandar Bukit Raja, Majlis Perbandaran Klang, Klang, Selangor, 41050, Malaysia"
2451,27/02/2016,5:19:40,indian,male,thin,23.0,no,toddler ,43.0,5.0,17.0,3.07133017,101.4704263,"Metrod Holdings Bhd, Lengkuk Keluli 2, Majlis Perbandaran Klang, Klang, Selangor, 41150, Malaysia"
2452,13/12/2015,3:35:46,indian,female,thin,33.0,yes,baby,21.0,2.0,9.0,2.989505666,101.3815496,"Lebuhraya Pulau Indah, Pelabuhan Klang, Majlis Perbandaran Klang, Klang, Selangor, 42009, Malaysia"
2453,29/01/2016,17:23:34,chinese,male,thin,22.0,yes,toddler,56.0,2.0,19.0,3.032003545,101.4974498,"Seksyen 36, Alam Impian, Shah Alam, Klang, Selangor, 40470, Malaysia"
2454,17/02/2016,3:25:00,indian,male,moderate,34.0,no,baby,22.0,2.0,9.0,3.081574419,101.3850193,"Sementa, Majlis Perbandaran Klang, Klang, Selangor, 42200, Malaysia"
2455,16/12/2015,9:05:15,chinese,male,thin,39.0,yes,toddler,36.0,4.0,18.0,3.09046377,101.5377347,"Sultan Abdul Aziz Shah Golf & Country Club, No. 1, Jalan Sultan Salahuddin Abdul Aziz Shah, Seksyen 9, Shah Alam, Petaling, Selangor, 40100, Malaysia"
2456,05/12/2015,11:05:50,indian,male,thin,48.0,yes,toddler,38.0,1.0,20.0,3.082744784,101.4943485,"Seksyen 7, Shah Alam, Petaling, Selangor, 40450, Malaysia"
2457,23/12/2015,11:38:53,foreigner,female,moderate,29.0,no,toddler ,49.0,4.0,19.0,3.036702645,101.5232602,"Kompleks Warga Emas, Jalan Pudina 24/39A, Seksyen 24, Taman Sri Muda, Shah Alam, Petaling, Selangor, 40300, Malaysia"
2458,22/01/2016,15:08:40,malay,male,moderate,24.0,yes,toddler ,56.0,2.0,8.0,3.007232281,101.4315557,"Lorong Batu Nilam 13F, Bandar Bukit Tinggi 1, Bandar Bukit Tinggi, Majlis Perbandaran Klang, Klang, Selangor, 41200, Malaysia"
2459,05/02/2016,5:10:52,foreigner,male,fat,27.0,yes,toddler,41.0,2.0,12.0,3.003444353,101.5580256,"Jalan Jenjarum 28/39, Seksyen 28, Shah Alam, Petaling, Selangor, 47650, Malaysia"
2460,10/02/2016,1:38:57,foreigner,male,moderate,50.0,yes,baby,46.0,4.0,11.0,3.005649165,101.5047575,"Lorong Haji Kassim, Seksyen 34, Shah Alam, Klang, Selangor, 40470, Malaysia"
2461,11/02/2016,12:03:40,malay,female,moderate,38.0,no,young,51.0,2.0,20.0,3.036183822,101.3851398,"Bandar Sultan Suleiman, Majlis Perbandaran Klang, Klang, Selangor, 41250, Malaysia"
2462,06/12/2015,22:03:45,indian,female,fat,55.0,yes,young,18.0,4.0,16.0,2.993100263,101.5457398,"Jalan Anggerik Oncidium 31/69, Anggerik Oncidium, Seksyen 31, Kota Kemuning, Shah Alam, Klang, Selangor, Malaysia"
2463,09/01/2016,0:40:54,foreigner,male,fat,50.0,no,toddler,26.0,0.0,17.0,3.068141679,101.4770257,"Lorong Keluli 1, Shah Alam, Petaling, Selangor, 41150, Malaysia"
2464,18/02/2016,0:12:58,chinese,female,thin,39.0,no,no_kids,48.0,2.0,9.0,3.00760457,101.3803119,"Lingkaran Sultan Hishamuddin, Pelabuhan Klang, Majlis Perbandaran Klang, Klang, Selangor, 42009, Malaysia"
2465,18/02/2016,9:09:20,indian,female,thin,34.0,no,no_kids,36.0,2.0,11.0,3.071321647,101.4351412,"Majlis Perbandaran Klang, Klang, Selangor, 41400, Malaysia"
2466,11/01/2016,6:23:45,indian,female,fat,37.0,no,no_kids,49.0,3.0,21.0,3.00812226,101.4100535,"Jalan Raja Lumu, Kawasan Perindustrian Pandamaran, Kampung Baru Pandamaran, Pelabuhan Klang, Majlis Perbandaran Klang, Klang, Selangor, 42000, Malaysia"
2467,28/02/2016,10:10:20,chinese,female,moderate,21.0,no,young,51.0,1.0,7.0,3.07541115,101.4903992,"Persiaran Bestari, Seksyen 7, Shah Alam, Petaling, Selangor, 40450, Malaysia"
2468,23/12/2015,7:10:14,indian,male,thin,20.0,yes,toddler ,43.0,4.0,12.0,3.056461199,101.5450246,"Panasonic TV, Persiaran Jubli Perak, Shah Alam, Petaling, Selangor, 40300, Malaysia"
2469,28/02/2016,1:57:05,malay,male,fat,21.0,yes,toddler ,27.0,1.0,10.0,3.084801822,101.5011213,"Seksyen 7, Shah Alam, Petaling, Selangor, 40604, Malaysia"
2470,28/02/2016,13:58:07,malay,male,thin,57.0,yes,toddler ,40.0,3.0,20.0,3.092634059,101.4202059,"Jalan Sungai Puloh, Bandar Bukit Raja, Majlis Perbandaran Klang, Klang, Selangor, 40150, Malaysia"
2471,20/12/2015,7:15:20,malay,female,thin,53.0,yes,baby,45.0,3.0,9.0,2.986124088,101.544356,"Seksyen 31, Kota Kemuning, Shah Alam, Klang, Selangor, 40460, Malaysia"
2472,01/02/2016,9:03:29,malay,female,moderate,48.0,yes,toddler,32.0,3.0,21.0,3.013811625,101.5535669,"Jalan Trompet 33/8, Seksyen 33, Shah Alam, Klang, Selangor, 40350, Malaysia"
2473,30/12/2015,0:12:37,malay,female,fat,46.0,yes,toddler ,42.0,5.0,20.0,3.009253458,101.4290768,"SMK Bukit Tinggi Klang, Jalan Batu Nilam 1, Bandar Bukit Tinggi 1, Bandar Bukit Tinggi, Majlis Perbandaran Klang, Klang, Selangor, 42000, Malaysia"
2474,10/12/2015,14:39:34,malay,male,moderate,56.0,yes,no_kids,17.0,0.0,20.0,3.086798779,101.5248124,"Seksyen 9, Shah Alam, Petaling, Selangor, 40100, Malaysia"
2475,12/12/2015,7:59:05,malay,male,thin,53.0,yes,no_kids,21.0,2.0,21.0,2.994924902,101.4823056,"Lorong Dato Dagang 50D, Desa Bayumas, Majlis Perbandaran Klang, Klang, Selangor, 40470, Malaysia"
2476,27/12/2015,2:56:23,foreigner,male,moderate,38.0,no,toddler ,57.0,2.0,21.0,3.001753894,101.3920174,"Ibu Pejabat Jabatan Laut, Jalan Limbungan, Pelabuhan Klang, Majlis Perbandaran Klang, Klang, Selangor, 42009, Malaysia"
2477,21/02/2016,23:39:31,indian,male,thin,35.0,yes,baby,20.0,0.0,20.0,3.053189396,101.3931609,"Majlis Perbandaran Klang, Klang, Selangor, 42100, Malaysia"
2478,11/02/2016,20:14:28,chinese,male,fat,43.0,yes,young,16.0,0.0,18.0,3.037295135,101.4893024,"Seksyen 36, Shah Alam, Klang, Selangor, 40470, Malaysia"
2479,02/12/2015,3:26:45,indian,female,moderate,41.0,no,toddler ,58.0,0.0,18.0,3.090153613,101.5442781,"Bamboo Barat Cafe, Jalan Lawan Pedang 13/27, Seksyen 13, Shah Alam, Petaling, Selangor, 40100, Malaysia"
2480,16/01/2016,17:29:40,chinese,female,thin,46.0,yes,no_kids,46.0,1.0,17.0,3.052632267,101.4692662,"Jalan Dato Mohamad Sidin, Taman Ros, Majlis Perbandaran Klang, Klang, Selangor, 41300, Malaysia"
2481,25/01/2016,7:52:30,chinese,female,fat,50.0,yes,toddler ,42.0,1.0,11.0,3.05748966,101.54494,"Pos Malaysia National Mail Centre, Persiaran Perkilangan, Seksyen 21, Shah Alam, Petaling, Selangor, 40300, Malaysia"
2482,11/12/2015,23:39:33,malay,female,fat,48.0,no,baby,49.0,1.0,18.0,3.096018381,101.3851031,"Jalan Sungai Kapar Indah 1/KU7, Majlis Perbandaran Klang, Klang, Selangor, 42200, Malaysia"
2483,13/02/2016,17:32:15,foreigner,female,fat,30.0,yes,no_kids,50.0,0.0,9.0,3.093598569,101.5231154,"Lebuhraya Baru Lembah Klang, Menara Bukit Jelutong, Shah Alam, Petaling, Selangor, 40100, Malaysia"
2484,25/12/2015,13:50:19,chinese,male,moderate,54.0,no,baby,45.0,0.0,10.0,2.992392173,101.5225745,"Jalan Sungai Congkak 32/74, Seksyen 32, Shah Alam, Klang, Selangor, 40460, Malaysia"
2485,13/01/2016,21:21:13,chinese,female,moderate,18.0,yes,toddler,25.0,3.0,12.0,3.058874652,101.5414942,"Persiaran Tengku Ampuan, Shah Alam, Petaling, Selangor, 40300, Malaysia"
2486,01/03/2016,7:02:53,malay,male,moderate,34.0,yes,no_kids,12.0,2.0,15.0,3.035700163,101.4693783,"Majlis Perbandaran Klang, Klang, Selangor, 41000, Malaysia"
2487,14/12/2015,1:53:07,malay,male,thin,31.0,no,baby,51.0,5.0,20.0,3.07863747,101.4658746,"Majlis Perbandaran Klang, Klang, Selangor, 41150, Malaysia"
2488,17/02/2016,5:26:22,chinese,female,moderate,42.0,no,toddler,14.0,2.0,19.0,3.043458038,101.4229655,"Teluk Pulai, Majlis Perbandaran Klang, Klang, Selangor, 41250, Malaysia"
2489,25/01/2016,23:22:35,chinese,male,fat,29.0,yes,baby,51.0,3.0,8.0,3.021289363,101.4307236,"Persiaran Pegaga, Taman Bayu Perdana, Majlis Perbandaran Klang, Klang, Selangor, 41200, Malaysia"
2490,06/12/2015,16:00:12,foreigner,male,fat,28.0,yes,baby,34.0,4.0,9.0,2.98907255,101.4836609,"Jalan Kebun Nenas, Taman Camellia, Majlis Perbandaran Klang, Klang, Selangor, 41200, Malaysia"
2491,24/12/2015,18:00:26,foreigner,male,thin,49.0,no,toddler ,59.0,4.0,15.0,3.079241417,101.517224,"Persiaran Sultan, Seksyen 5, Shah Alam, Petaling, Selangor, 40604, Malaysia"
2492,12/01/2016,2:15:41,indian,male,thin,60.0,no,no_kids,51.0,5.0,20.0,3.011804311,101.484248,"Golden Villa Condominiums, Majlis Perbandaran Klang, Klang, Selangor, 40470, Malaysia"
2493,19/01/2016,4:51:34,malay,male,thin,59.0,yes,toddler,18.0,1.0,19.0,3.039392205,101.5255111,"Seksyen 23, Taman Sri Muda, Shah Alam, Petaling, Selangor, 40420, Malaysia"
2494,14/02/2016,17:31:24,chinese,female,fat,31.0,yes,no_kids,41.0,2.0,14.0,3.02389801,101.3857315,"Bandar Sultan Suleiman, Pelabuhan Klang, Majlis Perbandaran Klang, Klang, Selangor, 41250, Malaysia"
2495,26/01/2016,10:53:20,chinese,female,fat,20.0,no,toddler ,26.0,0.0,9.0,3.084290077,101.4992968,"Seksyen 7, Shah Alam, Petaling, Selangor, 40604, Malaysia"
2496,13/01/2016,13:28:24,indian,female,thin,49.0,yes,baby,40.0,1.0,11.0,3.004481271,101.416038,"Jalan Papan, Kampung Baru Pandamaran, Pelabuhan Klang, Majlis Perbandaran Klang, Klang, Selangor, 42000, Malaysia"
2497,25/12/2015,6:17:28,malay,male,thin,49.0,no,baby,15.0,5.0,12.0,3.028957489,101.4645485,"Majlis Perbandaran Klang, Klang, Selangor, 41000, Malaysia"
2498,20/02/2016,16:55:18,chinese,male,moderate,35.0,no,toddler,15.0,5.0,8.0,3.021275519,101.4715884,"Majlis Perbandaran Klang, Klang, Selangor, 41000, Malaysia"
2499,22/12/2015,17:23:34,chinese,male,thin,47.0,no,no_kids,41.0,3.0,14.0,3.084875498,101.4920709,"Seksyen 7, Shah Alam, Petaling, Selangor, 40450, Malaysia"
2500,19/12/2015,5:18:04,chinese,male,fat,21.0,yes,no_kids,57.0,4.0,9.0,3.025713771,101.5333767,"Jalan Jitu 25/125, Seksyen 25, Taman Sri Muda, Shah Alam, Klang, Selangor, 40420, Malaysia"
2501,02/02/2016,7:31:04,foreigner,male,moderate,58.0,yes,toddler,55.0,4.0,18.0,3.062618372,101.4855767,"Lorong Motosikal Lebuhraya Persekutuan, Shah Alam, Petaling, Selangor, 40450, Malaysia"
2502,28/02/2016,7:49:05,chinese,female,moderate,41.0,no,no_kids,42.0,5.0,10.0,3.042343668,101.3949145,"Majlis Perbandaran Klang, Klang, Selangor, 41250, Malaysia"
2503,30/12/2015,4:46:25,foreigner,male,moderate,45.0,yes,no_kids,12.0,3.0,14.0,3.050989255,101.4505466,"Majlis Perbandaran Klang, Klang, Selangor, 41400, Malaysia"
2504,07/01/2016,17:39:46,chinese,female,moderate,40.0,no,toddler ,49.0,1.0,14.0,3.046168929,101.4014071,"Jalan Haji Tarmidi, Majlis Perbandaran Klang, Klang, Selangor, 41250, Malaysia"
2505,19/01/2016,4:22:20,malay,female,fat,23.0,yes,young,24.0,0.0,13.0,3.072852124,101.4709227,"Metrod Holdings Bhd, Lengkuk Keluli 2, Majlis Perbandaran Klang, Klang, Selangor, 41150, Malaysia"
2506,10/01/2016,6:06:40,foreigner,male,thin,29.0,yes,baby,23.0,2.0,21.0,3.077915344,101.4162366,"Taman Klang Utama, Majlis Perbandaran Klang, Klang, Selangor, 42100, Malaysia"
2507,12/12/2015,1:38:09,indian,male,fat,23.0,yes,toddler ,58.0,4.0,18.0,3.090038382,101.4827919,"Seksyen U12, Shah Alam, Petaling, Selangor, 40450, Malaysia"
2508,26/01/2016,10:02:04,chinese,female,moderate,55.0,no,toddler ,34.0,2.0,9.0,2.992469204,101.4353956,"Persiaran Batu Nilam, Jenaris, Bandar Botanic, Kampung Idaman, Majlis Perbandaran Klang, Klang, Selangor, 41200, Malaysia"
2509,02/02/2016,9:51:16,foreigner,male,thin,37.0,yes,young,40.0,0.0,16.0,3.095084377,101.4890912,"Jalan Gunung Nuang U11/3, Seksyen U11 (Bukit Bandaraya), Shah Alam, Petaling, Selangor, 40170, Malaysia"
2510,15/12/2015,16:15:29,foreigner,female,thin,38.0,yes,toddler,59.0,4.0,12.0,3.031395274,101.543278,"Seksyen 25, Taman Sri Muda, Shah Alam, Klang, Selangor, 40400, Malaysia"
2511,02/01/2016,17:57:21,foreigner,female,thin,45.0,yes,young,20.0,1.0,12.0,3.024781009,101.5130721,"Jalan Panglima Hitam 35/26, Seksyen 35, Alam Impian, Shah Alam, Klang, Selangor, 40470, Malaysia"
2512,04/02/2016,5:55:08,indian,male,thin,37.0,yes,toddler,16.0,3.0,8.0,3.000454343,101.5041139,"Jalan Bukit Naga, Taman Jati Indah, Seksyen 32, Shah Alam, Klang, Selangor, 40470, Malaysia"
2513,04/02/2016,17:58:23,indian,female,thin,48.0,no,young,33.0,4.0,12.0,3.039506371,101.4552725,"Majlis Perbandaran Klang, Klang, Selangor, 41000, Malaysia"
2514,06/01/2016,17:19:29,chinese,male,moderate,25.0,no,no_kids,48.0,2.0,17.0,3.010109919,101.5561392,"Jalan Kapar 27/89, Seksyen 27, Shah Alam, Petaling, Selangor, 40350, Malaysia"
2515,26/12/2015,8:27:13,foreigner,male,fat,50.0,no,baby,28.0,3.0,10.0,2.997892273,101.4156415,"Kawasan Perindustrian Pandamaran, Pandamaran, Kampung Idaman, Majlis Perbandaran Klang, Klang, Selangor, 42000, Malaysia"
2516,15/02/2016,16:39:28,malay,female,thin,34.0,yes,no_kids,41.0,5.0,12.0,3.026605537,101.4026715,"Pelabuhan Klang, Majlis Perbandaran Klang, Klang, Selangor, 41250, Malaysia"
2517,11/02/2016,2:37:51,malay,male,thin,46.0,no,toddler,42.0,0.0,14.0,3.089726159,101.5423263,"Jalan Menembak 13/54, Laman Seri, Shah Alam, Petaling, Selangor, 40100, Malaysia"
2518,20/01/2016,22:13:07,chinese,female,moderate,27.0,no,toddler,17.0,3.0,8.0,3.033482169,101.4674181,"Majlis Perbandaran Klang, Klang, Selangor, 41000, Malaysia"
2519,13/12/2015,14:55:40,malay,male,moderate,23.0,no,baby,12.0,0.0,14.0,2.990931094,101.5296006,"Seksyen 32, Shah Alam, Klang, Selangor, 40460, Malaysia"
2520,25/12/2015,16:05:15,foreigner,male,thin,22.0,yes,toddler ,28.0,3.0,18.0,3.072208372,101.4496559,"Jalan Meru, Majlis Perbandaran Klang, Klang, Selangor, 41150, Malaysia"
2521,20/12/2015,7:05:54,chinese,female,fat,57.0,yes,no_kids,25.0,5.0,19.0,3.037882574,101.49734,"Seksyen 36, Shah Alam, Klang, Selangor, 40470, Malaysia"
2522,06/02/2016,20:45:05,chinese,female,fat,34.0,no,toddler,42.0,2.0,11.0,3.036580568,101.4281325,"Jalan Hilir 2, Taman Gembira, Teluk Pulai, Majlis Perbandaran Klang, Klang, Selangor, 41250, Malaysia"
2523,11/12/2015,7:39:09,indian,female,fat,30.0,no,no_kids,30.0,3.0,18.0,3.017562962,101.4718828,"Majlis Perbandaran Klang, Klang, Selangor, 41000, Malaysia"
2524,08/12/2015,2:23:20,foreigner,male,moderate,39.0,yes,toddler,32.0,4.0,16.0,3.096424612,101.4669746,"Damai 16, Seksyen U13 (Setia Alam), Shah Alam, Petaling, Selangor, 40170, Malaysia"
2525,22/01/2016,11:03:55,chinese,female,thin,54.0,no,baby,56.0,3.0,17.0,2.990219103,101.5474006,"Jalan Anggerik Aranda C31/C, Anggerik Aranda, Seksyen 31, Kota Kemuning, Shah Alam, Klang, Selangor, 40460, Malaysia"
2526,15/12/2015,8:44:05,chinese,female,thin,30.0,no,no_kids,20.0,0.0,20.0,3.018522981,101.3863101,"Pelabuhan Klang, Majlis Perbandaran Klang, Klang, Selangor, 42009, Malaysia"
2527,11/02/2016,1:02:56,chinese,male,fat,60.0,no,baby,56.0,5.0,15.0,2.992084544,101.4098426,"Lorong Selat Selatan 5, Pendamar Villa, Pelabuhan Klang, Majlis Perbandaran Klang, Klang, Selangor, 42000, Malaysia"
2528,16/01/2016,14:24:51,foreigner,female,fat,59.0,no,no_kids,19.0,4.0,9.0,3.055652906,101.4451212,"Majlis Perbandaran Klang, Klang, Selangor, 41400, Malaysia"
2529,05/01/2016,6:49:23,indian,male,fat,30.0,yes,toddler ,41.0,3.0,7.0,3.087686929,101.5213389,"SMK Seksyen 9, Jalan Tengku Ampuan Rahimah 9/20, Seksyen 9, Shah Alam, Petaling, Selangor, 40100, Malaysia"
2530,20/02/2016,8:25:14,malay,female,fat,40.0,no,toddler ,35.0,0.0,21.0,3.020204869,101.555899,"Jalan Sitar 33/6, Seksyen 33, Shah Alam, Klang, Selangor, 40350, Malaysia"
2531,24/12/2015,7:17:49,malay,male,fat,20.0,no,young,11.0,1.0,16.0,3.059312027,101.3822981,"Majlis Perbandaran Klang, Klang, Selangor, 42100, Malaysia"
2532,31/01/2016,6:21:55,chinese,female,thin,46.0,yes,toddler,14.0,1.0,10.0,3.036298767,101.542316,"Jalan 22/5, Seksyen 22, Taman Sri Muda, Shah Alam, Petaling, Selangor, 40420, Malaysia"
2533,23/01/2016,2:17:40,foreigner,female,moderate,50.0,no,no_kids,44.0,1.0,14.0,3.017390417,101.5452807,"Jalan Kemuning Permai 33/44, Seksyen 33, Taman Sri Muda, Shah Alam, Klang, Selangor, 40350, Malaysia"
2534,13/12/2015,4:42:25,foreigner,female,thin,53.0,yes,toddler,34.0,2.0,12.0,3.053526694,101.4836627,"Sungai Rasah Dalam @ Kulon, Shah Alam, Klang, Selangor, 41300, Malaysia"
2535,15/01/2016,23:29:51,indian,male,thin,36.0,yes,no_kids,44.0,0.0,8.0,3.025294933,101.5506674,"Jalan Kecapi 33/2, Seksyen 33, Shah Alam, Klang, Selangor, 40400, Malaysia"
2536,08/12/2015,7:04:26,malay,female,moderate,27.0,yes,toddler ,32.0,0.0,10.0,3.032624974,101.492864,"Seksyen 36, Shah Alam, Klang, Selangor, 40470, Malaysia"
2537,17/01/2016,0:17:29,indian,male,moderate,24.0,yes,no_kids,22.0,0.0,8.0,3.05598428,101.4944782,"Indkom Engineering, Persiaran Kemajuan, Seksyen 16, Shah Alam, Petaling, Selangor, 40450, Malaysia"
2538,09/01/2016,18:09:49,indian,female,fat,53.0,no,toddler ,56.0,0.0,8.0,3.018531113,101.534147,"SJK (T) Ladang Emerald, Jalan Kemuning Prima A33/A, Seksyen 33, Taman Sri Muda, Shah Alam, Klang, Selangor, 40350, Malaysia"
2539,20/12/2015,4:09:43,chinese,male,thin,20.0,yes,young,18.0,0.0,15.0,3.051064876,101.4487879,"Majlis Perbandaran Klang, Klang, Selangor, 41400, Malaysia"
2540,20/01/2016,20:02:21,indian,male,fat,54.0,yes,baby,55.0,3.0,12.0,3.020367506,101.3995468,"Pelabuhan Klang, Majlis Perbandaran Klang, Klang, Selangor, 41250, Malaysia"
2541,04/02/2016,20:27:19,indian,female,fat,58.0,yes,no_kids,11.0,3.0,7.0,3.052947357,101.5194274,"Jalan Rotan Semut 18/28, Seksyen 18, Shah Alam, Petaling, Selangor, 40200, Malaysia"
2542,13/01/2016,22:11:50,chinese,female,moderate,42.0,no,no_kids,58.0,4.0,13.0,3.031702864,101.5432725,"Surau At Taqwa, Persiaran Aman, Seksyen 25, Taman Sri Muda, Shah Alam, Klang, Selangor, 40400, Malaysia"
2543,21/02/2016,22:46:16,indian,male,fat,51.0,yes,no_kids,43.0,2.0,21.0,2.998109077,101.4666096,"Jalan Dato Abdul Hamid 16, Majlis Perbandaran Klang, Klang, Selangor, 41200, Malaysia"
2544,17/02/2016,20:54:06,indian,male,moderate,20.0,no,young,41.0,2.0,19.0,3.056588481,101.4812541,"Sungai Rasah Dalam @ Kulon, Shah Alam, Klang, Selangor, 41300, Malaysia"
2545,28/02/2016,15:19:37,chinese,male,fat,35.0,yes,toddler ,55.0,4.0,19.0,3.084541072,101.5017615,"Seksyen 7, Shah Alam, Petaling, Selangor, 40604, Malaysia"
2546,26/01/2016,7:17:20,foreigner,male,thin,26.0,yes,toddler,11.0,1.0,13.0,3.077248127,101.4978354,"Jalan Lazuardi 7/29, Seksyen 7, Shah Alam, Petaling, Selangor, 40450, Malaysia"
2547,11/02/2016,15:06:42,malay,male,thin,59.0,yes,young,23.0,2.0,18.0,3.022853025,101.4280238,"Majlis Perbandaran Klang, Klang, Selangor, 42000, Malaysia"
2548,20/01/2016,6:44:12,indian,female,thin,38.0,yes,young,27.0,0.0,15.0,3.023499928,101.4523242,"Majlis Perbandaran Klang, Klang, Selangor, 41200, Malaysia"
2549,04/01/2016,12:47:24,foreigner,female,fat,18.0,no,no_kids,37.0,0.0,19.0,3.077448871,101.5065828,"Seksyen 3, Shah Alam, Petaling, Selangor, 40604, Malaysia"
2550,29/02/2016,10:36:29,indian,male,fat,59.0,yes,toddler ,29.0,5.0,13.0,3.077452818,101.5449706,"Jalan Akuatik 13/77H, Seksyen 13, Shah Alam, Petaling, Selangor, 40675, Malaysia"
2551,12/12/2015,1:42:33,malay,male,fat,18.0,yes,toddler,24.0,4.0,16.0,3.07609006,101.5516269,"Menara U1, Persiaran Olahraga, Seksyen 13, Shah Alam, Petaling, Selangor, 40675, Malaysia"
2552,12/12/2015,23:40:13,foreigner,male,fat,48.0,no,toddler ,60.0,1.0,12.0,3.091370828,101.4366938,"Bandar Bukit Raja, Majlis Perbandaran Klang, Klang, Selangor, 41050, Malaysia"
2553,06/01/2016,20:21:35,indian,male,moderate,59.0,no,baby,34.0,2.0,8.0,3.028290795,101.482258,"Seksyen 36, Shah Alam, Klang, Selangor, 40470, Malaysia"
2554,19/01/2016,16:23:00,malay,female,thin,57.0,yes,no_kids,46.0,3.0,17.0,3.062032678,101.4624548,"Sekolah Rendah Sri Acmar, Persiaran Rajawali, Bandar Baru Klang, Majlis Perbandaran Klang, Klang, Selangor, 41150, Malaysia"
2555,15/02/2016,3:37:29,foreigner,male,thin,25.0,no,toddler ,57.0,2.0,15.0,3.073032178,101.4924376,"Seksyen 7, Shah Alam, Petaling, Selangor, 40450, Malaysia"
2556,20/02/2016,5:10:04,chinese,male,thin,24.0,no,toddler,13.0,3.0,17.0,3.051321328,101.4052297,"AS Logistic Klang, Jalan Haji Tarmizi, Majlis Perbandaran Klang, Klang, Selangor, 42100, Malaysia"
2557,13/02/2016,12:27:33,chinese,female,thin,27.0,yes,toddler ,42.0,0.0,10.0,3.003288351,101.4353184,"Jalan Batu Nilam 9, Bandar Bukit Tinggi 1, Bandar Bukit Tinggi, Kampung Idaman, Majlis Perbandaran Klang, Klang, Selangor, 41200, Malaysia"
2558,18/01/2016,13:54:41,indian,male,moderate,33.0,yes,baby,55.0,0.0,14.0,3.092797889,101.3928308,"Jalan Wawasan 4/KU 7, Majlis Perbandaran Klang, Klang, Selangor, 42200, Malaysia"
2559,13/02/2016,3:14:47,indian,female,fat,44.0,yes,toddler ,22.0,0.0,18.0,3.092546299,101.4646773,"Bandar Bukit Raja, Shah Alam, Petaling, Selangor, 40170, Malaysia"
2560,12/12/2015,1:38:47,malay,male,thin,42.0,yes,no_kids,25.0,1.0,17.0,3.0332297,101.5309459,"Jalan Jasa Dua 25/27B, Seksyen 25, Taman Sri Muda, Shah Alam, Klang, Selangor, 40420, Malaysia"
2561,04/01/2016,17:40:44,malay,male,thin,21.0,yes,no_kids,18.0,5.0,12.0,3.077977071,101.4031847,"Majlis Perbandaran Klang, Klang, Selangor, 42100, Malaysia"
2562,13/02/2016,11:14:26,chinese,female,moderate,37.0,no,toddler,31.0,5.0,10.0,3.07574468,101.4706982,"Majlis Perbandaran Klang, Klang, Selangor, 41150, Malaysia"
2563,15/02/2016,0:00:58,chinese,male,fat,56.0,no,toddler ,53.0,0.0,16.0,3.020463982,101.3985959,"Pelabuhan Klang, Majlis Perbandaran Klang, Klang, Selangor, 41250, Malaysia"
2564,09/01/2016,15:49:36,foreigner,male,moderate,37.0,no,young,24.0,4.0,19.0,3.050909222,101.5190195,"Seksyen 18, Shah Alam, Petaling, Selangor, 40200, Malaysia"
2565,11/12/2015,10:46:27,malay,male,thin,60.0,no,young,39.0,0.0,21.0,3.084108912,101.553301,"Jalan Subang, Section U1, Shah Alam, Petaling, Selangor, 40675, Malaysia"
2566,03/12/2015,13:34:45,chinese,male,thin,43.0,yes,baby,36.0,5.0,7.0,2.99784353,101.4502822,"Jalan Tekoma 4, Bandar Botanic, Majlis Perbandaran Klang, Klang, Selangor, 41200, Malaysia"
2567,14/02/2016,22:12:43,foreigner,male,fat,27.0,yes,no_kids,20.0,1.0,9.0,2.989413459,101.4931073,"Jalan Kebun Nenas 2U/KS 7, Taman Camellia, Majlis Perbandaran Klang, Klang, Selangor, 40470, Malaysia"
2568,16/01/2016,18:18:03,foreigner,male,moderate,45.0,yes,young,60.0,2.0,14.0,3.084334631,101.5023403,"Seksyen 7, Shah Alam, Petaling, Selangor, 40604, Malaysia"
2569,21/01/2016,22:54:34,indian,male,fat,50.0,yes,baby,30.0,3.0,14.0,3.027883737,101.5153622,"Persiaran Panglima Hitam, Seksyen 35, Alam Impian, Shah Alam, Klang, Selangor, 40470, Malaysia"
2570,11/01/2016,1:22:20,indian,male,moderate,37.0,no,young,16.0,5.0,10.0,3.096660153,101.3793739,"Jalan Sungai Kapar Indah 1E/KU7, Taman Seri Residensi, Majlis Perbandaran Klang, Klang, Selangor, 42200, Malaysia"
2571,01/03/2016,13:18:18,malay,male,moderate,24.0,yes,toddler ,59.0,5.0,13.0,3.077590104,101.4376454,"Majlis Perbandaran Klang, Klang, Selangor, 41400, Malaysia"
2572,04/12/2015,17:14:59,foreigner,female,thin,34.0,yes,toddler ,28.0,5.0,13.0,3.068427213,101.421654,"Plaza Tol Kapar (Arah Barat), Jalan Kapar, Kampung Rantau Panjang, Majlis Perbandaran Klang, Klang, Selangor, 42100, Malaysia"
2573,17/12/2015,15:36:28,foreigner,male,fat,30.0,no,no_kids,59.0,4.0,8.0,3.006739706,101.5242645,"Jalan Kemuning Damai 32/147D, Damai Residences, Seksyen 32, Shah Alam, Klang, Selangor, 40470, Malaysia"
2574,02/02/2016,16:27:21,foreigner,male,thin,53.0,yes,no_kids,35.0,2.0,19.0,3.070726349,101.5245553,"Vista Alam, Jalan Ikhtisas, Seksyen 14, Shah Alam, Petaling, Selangor, 40000, Malaysia"
2575,03/02/2016,12:57:46,malay,male,moderate,33.0,yes,no_kids,29.0,3.0,15.0,3.069589544,101.3963527,"Majlis Perbandaran Klang, Klang, Selangor, 42100, Malaysia"
2576,14/12/2015,19:45:54,foreigner,male,thin,55.0,no,toddler ,54.0,3.0,14.0,3.083792569,101.4468473,"Majlis Perbandaran Klang, Klang, Selangor, 41050, Malaysia"
2577,08/01/2016,11:35:10,foreigner,female,moderate,22.0,no,no_kids,50.0,5.0,8.0,3.008758535,101.480889,"Jalan Temenggung 4B/KS 7, Majlis Perbandaran Klang, Klang, Selangor, 40470, Malaysia"
2578,05/12/2015,1:13:48,malay,male,fat,47.0,yes,young,16.0,4.0,7.0,3.023036452,101.5063917,"Seksyen 35, Alam Impian, Shah Alam, Klang, Selangor, 40470, Malaysia"
2579,04/12/2015,8:47:34,foreigner,male,moderate,50.0,no,toddler ,57.0,1.0,16.0,3.062493419,101.5315244,"Jalan Utas 15/7, Seksyen 15, Shah Alam, Petaling, Selangor, 40200, Malaysia"
2580,20/12/2015,18:48:00,malay,female,fat,45.0,yes,baby,34.0,4.0,13.0,3.096314589,101.5224662,"Jalan Mihrab U8/3, Menara Bukit Jelutong, Bukit Jelutong, Shah Alam, Petaling, Selangor, 40604, Malaysia"
2581,20/02/2016,4:47:38,chinese,male,moderate,18.0,yes,toddler,39.0,3.0,15.0,2.999920777,101.5158494,"Damai Residences, Seksyen 32, Shah Alam, Klang, Selangor, 40470, Malaysia"
2582,17/12/2015,17:58:30,foreigner,male,moderate,32.0,no,baby,34.0,0.0,17.0,3.048043666,101.480103,"Padang Jawa, Sungai Rasah Dalam @ Kulon, Shah Alam, Klang, Selangor, 40200, Malaysia"
2583,10/02/2016,23:17:32,malay,male,fat,56.0,no,toddler ,53.0,3.0,8.0,3.022061312,101.4079785,"Jalan Sireh Tambahan 15, Kampung Raja Uda, Pandamaran, Pelabuhan Klang, Majlis Perbandaran Klang, Klang, Selangor, 41250, Malaysia"
2584,25/12/2015,1:25:44,indian,male,moderate,35.0,no,toddler ,19.0,3.0,12.0,3.003484928,101.3894955,"Jalan Syahbandar, Pelabuhan Klang, Majlis Perbandaran Klang, Klang, Selangor, 42009, Malaysia"
2585,12/12/2015,17:55:16,foreigner,male,thin,36.0,yes,toddler,31.0,5.0,14.0,3.075021217,101.5124991,"Persiaran Masjid, Shah Alam, Petaling, Selangor, 40604, Malaysia"
2586,23/12/2015,6:08:46,malay,female,moderate,58.0,no,baby,46.0,3.0,12.0,3.080834058,101.5053654,"Jalan Permata 7/1, Seksyen 7, Shah Alam, Petaling, Selangor, 40604, Malaysia"
2587,30/01/2016,3:33:13,foreigner,female,thin,43.0,no,toddler,58.0,3.0,13.0,3.002889156,101.5110673,"Seksyen 32, Shah Alam, Klang, Selangor, 40470, Malaysia"
2588,01/03/2016,20:47:18,indian,female,moderate,60.0,no,baby,46.0,0.0,7.0,3.047020046,101.3986486,"Majlis Perbandaran Klang, Klang, Selangor, 41250, Malaysia"
2589,03/12/2015,4:47:04,malay,female,fat,53.0,yes,toddler ,52.0,3.0,8.0,3.086309181,101.5408811,"Jalan Polo Air 13/58A, Tadisma, Shah Alam, Petaling, Selangor, 40100, Malaysia"
2590,09/12/2015,14:43:23,malay,male,moderate,39.0,no,toddler,14.0,1.0,18.0,3.054941025,101.4543786,"Lorong Tiong, Taman Eng Ann, Majlis Perbandaran Klang, Klang, Selangor, 41000, Malaysia"
2591,11/02/2016,22:20:06,chinese,male,moderate,24.0,no,toddler ,56.0,3.0,9.0,3.01082437,101.3966642,"Lorong Bunga Raya, Pelabuhan Klang, Majlis Perbandaran Klang, Klang, Selangor, 42009, Malaysia"
2592,28/02/2016,1:43:30,foreigner,male,fat,33.0,yes,no_kids,34.0,5.0,8.0,3.075094719,101.552429,"Seksyen 13, Shah Alam, Petaling, Selangor, 40675, Malaysia"
2593,08/01/2016,16:03:56,chinese,female,fat,51.0,no,no_kids,36.0,4.0,13.0,2.985494865,101.4650813,"Persiaran Puteri, Bandar Puteri Klang, Majlis Perbandaran Klang, Klang, Selangor, 41200, Malaysia"
2594,22/01/2016,14:43:34,malay,female,moderate,55.0,yes,toddler ,60.0,4.0,13.0,2.995902921,101.4541811,"Jalan Kantan 2, Ambang Botanic 2, Bandar Botanic, Majlis Perbandaran Klang, Klang, Selangor, 41200, Malaysia"
2595,27/02/2016,22:17:22,foreigner,female,thin,42.0,no,baby,46.0,0.0,18.0,3.049595142,101.4560739,"Jalan Batu Tiga Lama, Taman Eng Ann, Majlis Perbandaran Klang, Klang, Selangor, 41000, Malaysia"
2596,02/02/2016,5:05:13,indian,male,fat,41.0,yes,toddler ,52.0,2.0,17.0,2.985854963,101.5562089,"Lorong Pprt 3, Subang Jaya, Petaling, Selangor, 40460, Malaysia"
2597,22/12/2015,12:19:47,indian,male,fat,40.0,no,baby,17.0,4.0,10.0,3.088649071,101.5175932,"Seksyen 8, Shah Alam, Petaling, Selangor, 40604, Malaysia"
2598,05/12/2015,3:33:06,foreigner,male,fat,48.0,yes,young,23.0,4.0,15.0,3.029238187,101.5027394,"Persiaran Panglima Hitam, Seksyen 35, Alam Impian, Shah Alam, Klang, Selangor, 40470, Malaysia"
2599,01/01/2016,13:22:04,foreigner,male,moderate,21.0,yes,no_kids,36.0,2.0,7.0,3.064207418,101.4401514,"Majlis Perbandaran Klang, Klang, Selangor, 41400, Malaysia"
2600,14/02/2016,14:15:11,foreigner,female,fat,55.0,no,no_kids,17.0,0.0,15.0,2.988396363,101.4907006,"Majlis Perbandaran Klang, Klang, Selangor, 40470, Malaysia"
2601,07/01/2016,18:50:07,indian,male,moderate,60.0,yes,young,37.0,4.0,17.0,3.091169705,101.5131871,"Jalan Liku 8/1, Seksyen 8, Shah Alam, Petaling, Selangor, 40604, Malaysia"
2602,08/12/2015,6:38:47,indian,male,moderate,32.0,no,young,44.0,1.0,7.0,3.00970016,101.4787821,"Jalan Temenggung 2, Majlis Perbandaran Klang, Klang, Selangor, 40470, Malaysia"
2603,23/12/2015,13:22:10,indian,male,fat,46.0,no,toddler ,53.0,3.0,7.0,3.028054076,101.4771136,"Lorong Sutera 4, Majlis Perbandaran Klang, Klang, Selangor, 41000, Malaysia"
2604,12/01/2016,1:40:25,chinese,male,moderate,48.0,yes,toddler ,24.0,3.0,10.0,3.065824272,101.4663996,"Lebuhraya Baru Lembah Klang, Taman Eng Ann, Majlis Perbandaran Klang, Klang, Selangor, 41150, Malaysia"
2605,29/01/2016,13:21:13,foreigner,female,fat,31.0,no,no_kids,45.0,0.0,7.0,3.087123079,101.5032098,"Jalan Permata 7/1, Seksyen 7, Shah Alam, Petaling, Selangor, 40604, Malaysia"
2606,24/01/2016,16:04:40,foreigner,male,fat,36.0,yes,baby,43.0,3.0,19.0,3.023766648,101.4889119,"Lebuhraya Pesisiran Pantai Barat, Seksyen 36, Shah Alam, Klang, Selangor, 40470, Malaysia"
2607,12/02/2016,2:18:49,indian,male,thin,55.0,yes,toddler,52.0,0.0,8.0,3.035426308,101.5211162,"Seksyen 24, Taman Sri Muda, Shah Alam, Petaling, Selangor, 40420, Malaysia"
2608,21/01/2016,5:12:18,chinese,male,fat,46.0,no,toddler ,44.0,0.0,15.0,2.984749173,101.4841146,"Lebuhraya Shah Alam, Majlis Perbandaran Klang, Klang, Selangor, 41200, Malaysia"
2609,21/02/2016,9:29:18,malay,female,fat,47.0,yes,toddler,40.0,2.0,12.0,2.986564097,101.5546837,"Seksyen 31, Shah Alam, Klang, Selangor, 40460, Malaysia"
2610,24/12/2015,3:30:16,chinese,female,thin,21.0,no,toddler ,27.0,4.0,10.0,3.041327061,101.4291377,"Teluk Pulai, Majlis Perbandaran Klang, Klang, Selangor, 41400, Malaysia"
2611,22/02/2016,4:51:31,malay,male,fat,59.0,no,toddler,11.0,2.0,18.0,2.996430561,101.4404095,"Lorong Batu Nilam 17B, Bandar Bukit Tinggi 2, Majlis Perbandaran Klang, Klang, Selangor, 41200, Malaysia"
2612,26/12/2015,22:39:23,indian,female,moderate,43.0,yes,toddler ,55.0,0.0,16.0,3.055644174,101.5535285,"Silverbird, Persiaran Jubli Perak, Seksyen 22, Shah Alam, Petaling, Selangor, 47600, Malaysia"
2613,27/01/2016,17:09:09,chinese,male,fat,42.0,yes,toddler ,49.0,3.0,21.0,2.994586521,101.4168503,"Kawasan Perindustrian Pandamaran, Pandamaran, Kampung Idaman, Majlis Perbandaran Klang, Klang, Selangor, 42000, Malaysia"
2614,08/02/2016,21:23:44,malay,female,moderate,18.0,yes,young,17.0,5.0,10.0,3.015238889,101.5164518,"Jalan Kaburetor 34/21, Seksyen 34, Alam Impian, Shah Alam, Klang, Selangor, 40470, Malaysia"
2615,28/02/2016,21:12:59,indian,male,fat,52.0,yes,young,35.0,4.0,7.0,2.992841165,101.5394618,"Jalan Anggerik Vanda 31/167A, Kota Kemuning Hills, Seksyen 31, Kota Kemuning, Shah Alam, Klang, Selangor, 40460, Malaysia"
2616,15/01/2016,17:55:58,malay,male,thin,27.0,no,baby,18.0,2.0,15.0,3.008681883,101.5078537,"Seksyen 34, Alam Impian, Shah Alam, Klang, Selangor, 40470, Malaysia"
2617,27/02/2016,17:10:49,indian,male,fat,54.0,yes,toddler,48.0,1.0,17.0,3.069952898,101.5392263,"Lorong Motosikal Lebuhraya Persekutuan, D'Kayangan, Shah Alam, Petaling, Selangor, 40675, Malaysia"
2618,21/01/2016,13:26:29,malay,male,fat,39.0,yes,young,59.0,3.0,17.0,3.007386682,101.5087928,"Seksyen 34, Shah Alam, Klang, Selangor, 40470, Malaysia"
2619,29/01/2016,3:46:20,malay,female,thin,48.0,yes,toddler,47.0,0.0,15.0,3.023852308,101.4487595,"Majlis Perbandaran Klang, Klang, Selangor, 41200, Malaysia"
2620,14/01/2016,21:55:46,chinese,male,moderate,26.0,yes,no_kids,47.0,4.0,21.0,3.041415253,101.402681,"Majlis Perbandaran Klang, Klang, Selangor, 41250, Malaysia"
2621,27/12/2015,5:02:51,chinese,female,moderate,32.0,yes,baby,54.0,3.0,19.0,3.024491369,101.5477221,"Jalan Gambus 33/4, Seksyen 33, Taman Sri Muda, Shah Alam, Klang, Selangor, 40400, Malaysia"
2622,13/01/2016,13:36:07,chinese,male,thin,32.0,yes,baby,41.0,0.0,9.0,3.004342143,101.4356547,"Lorong Batu Nilam 8B, Bandar Bukit Tinggi 1, Bandar Bukit Tinggi, Kampung Idaman, Majlis Perbandaran Klang, Klang, Selangor, 41200, Malaysia"
2623,02/01/2016,3:00:08,indian,male,thin,48.0,no,toddler,12.0,4.0,7.0,3.075239403,101.4239726,"Taman Klang Utama, Majlis Perbandaran Klang, Klang, Selangor, 42100, Malaysia"
2624,31/12/2015,11:16:05,malay,male,moderate,52.0,no,no_kids,11.0,4.0,12.0,3.002550245,101.4133158,"Jalan Arang, Pandamaran, Kampung Idaman, Majlis Perbandaran Klang, Klang, Selangor, 42000, Malaysia"
2625,15/12/2015,12:56:52,chinese,male,thin,44.0,yes,no_kids,12.0,4.0,17.0,3.095422827,101.4532435,"Jalan Setia Impian U13/3L, Impian 3, Seksyen U13 (Setia Alam), Shah Alam, Petaling, Selangor, 40170, Malaysia"
2626,10/02/2016,0:31:25,malay,female,fat,42.0,no,baby,48.0,2.0,10.0,3.028704907,101.5148414,"Persiaran Panglima Hitam, Seksyen 35, Alam Impian, Shah Alam, Klang, Selangor, 40470, Malaysia"
2627,31/01/2016,0:32:30,indian,male,thin,49.0,yes,young,50.0,1.0,9.0,2.991004529,101.4095564,"Jalan Selat, Pendamar Villa, Kampung Idaman, Majlis Perbandaran Klang, Klang, Selangor, 42009, Malaysia"
2628,02/12/2015,15:32:19,malay,female,thin,30.0,yes,no_kids,21.0,2.0,11.0,3.065351428,101.4364589,"Proton, Jalan Kapar, Majlis Perbandaran Klang, Klang, Selangor, 41400, Malaysia"
2629,17/01/2016,15:22:24,chinese,female,thin,22.0,yes,no_kids,22.0,0.0,10.0,3.063292132,101.3832697,"Majlis Perbandaran Klang, Klang, Selangor, 42100, Malaysia"
2630,13/01/2016,13:49:39,foreigner,male,fat,43.0,yes,no_kids,12.0,5.0,12.0,3.050697869,101.4767095,"Lebuhraya Pesisiran Pantai Barat, Taman Ros, Majlis Perbandaran Klang, Klang, Selangor, 41300, Malaysia"
2631,29/02/2016,1:26:15,malay,male,thin,39.0,yes,baby,29.0,2.0,21.0,3.000294966,101.400452,"SK Pelabuhan Klang, Jalan Sekolah, Pelabuhan Klang, Majlis Perbandaran Klang, Klang, Selangor, 42009, Malaysia"
2632,16/12/2015,1:06:54,chinese,female,fat,59.0,no,no_kids,30.0,4.0,17.0,3.088914936,101.4696792,"Seksyen U12, Majlis Perbandaran Klang, Klang, Selangor, 41150, Malaysia"
2633,07/02/2016,4:16:53,foreigner,female,fat,48.0,no,baby,15.0,5.0,11.0,2.989551946,101.4057965,"Jalan Selat, Pendamar Villa, Pelabuhan Klang, Majlis Perbandaran Klang, Klang, Selangor, 42009, Malaysia"
2634,13/02/2016,11:43:10,foreigner,male,fat,54.0,no,no_kids,28.0,1.0,10.0,3.059996961,101.4646159,"Taman Eng Ann, Majlis Perbandaran Klang, Klang, Selangor, 41150, Malaysia"
2635,24/02/2016,12:56:39,indian,male,fat,51.0,no,young,23.0,2.0,12.0,3.051524127,101.4613023,"Jalan Pelangi, Taman Eng Ann, Majlis Perbandaran Klang, Klang, Selangor, 41000, Malaysia"
2636,09/01/2016,11:27:46,malay,male,fat,18.0,yes,toddler,20.0,2.0,16.0,3.088616342,101.5270693,"Seksyen 13, Shah Alam, Petaling, Selangor, 40100, Malaysia"
2637,25/02/2016,13:07:13,malay,female,fat,22.0,no,no_kids,49.0,5.0,19.0,3.094796963,101.5474969,"Jalan Ruang U8/109, Shah Alam, Petaling, Selangor, 40150, Malaysia"
2638,01/12/2015,19:10:41,indian,male,thin,31.0,yes,toddler,44.0,1.0,15.0,3.066349047,101.388587,"Majlis Perbandaran Klang, Klang, Selangor, Malaysia"
2639,20/02/2016,15:05:27,chinese,female,moderate,33.0,no,toddler ,53.0,3.0,19.0,3.096941732,101.4639984,"Damai 15, Seksyen U13 (Setia Alam), Shah Alam, Petaling, Selangor, 40170, Malaysia"
2640,28/01/2016,11:13:13,chinese,male,moderate,44.0,no,no_kids,53.0,1.0,10.0,2.990807372,101.5568502,"Subang Jaya, Petaling, Selangor, 40460, Malaysia"
2641,13/12/2015,7:33:50,chinese,male,moderate,50.0,no,toddler ,26.0,1.0,10.0,3.048437063,101.461433,"Majlis Perbandaran Klang, Klang, Selangor, 41000, Malaysia"
2642,01/03/2016,21:50:37,indian,female,moderate,55.0,yes,no_kids,53.0,3.0,9.0,2.986145267,101.4559485,"Ambang Botanic 2, Bandar Botanic, Majlis Perbandaran Klang, Klang, Selangor, 41200, Malaysia"
2643,13/01/2016,18:06:32,indian,female,thin,42.0,yes,toddler,35.0,3.0,13.0,3.004641053,101.5080189,"Masjid Al-Bakri, Jalan Bukit Kemuning, Taman Jati Indah, Seksyen 32, Alam Impian, Shah Alam, Klang, Selangor, 40470, Malaysia"
2644,24/01/2016,14:46:49,indian,female,thin,21.0,no,toddler,23.0,3.0,17.0,2.984796388,101.4747005,"Jalan Telekom, Majlis Perbandaran Klang, Klang, Selangor, 41200, Malaysia"
2645,17/01/2016,2:43:24,foreigner,male,moderate,25.0,no,no_kids,44.0,2.0,20.0,2.988852272,101.5072807,"Seksyen 32, Majlis Perbandaran Klang, Klang, Selangor, 40460, Malaysia"
2646,23/12/2015,12:00:56,indian,male,thin,56.0,yes,toddler ,46.0,4.0,9.0,3.091728121,101.3869365,"Sementa, Majlis Perbandaran Klang, Klang, Selangor, 42200, Malaysia"
2647,01/01/2016,3:22:29,chinese,female,fat,24.0,yes,toddler,15.0,2.0,12.0,2.995568983,101.4715745,"Jalan Dato Abdul Hamid 20, Majlis Perbandaran Klang, Klang, Selangor, 41200, Malaysia"
2648,04/01/2016,7:57:09,indian,male,moderate,56.0,yes,no_kids,18.0,5.0,14.0,3.095059169,101.4529118,"Impian 3, Seksyen U13 (Setia Alam), Shah Alam, Petaling, Selangor, 41050, Malaysia"
2649,12/01/2016,8:26:00,chinese,female,thin,49.0,no,baby,60.0,4.0,7.0,3.05355043,101.5156721,"Jalan Renggam 15/5, Seksyen 15, Shah Alam, Petaling, Selangor, 40200, Malaysia"
2650,07/02/2016,23:53:22,indian,male,fat,58.0,yes,toddler ,37.0,1.0,12.0,3.088888449,101.4108968,"Jalan Sungai Keramat 3, Taman Klang Utama, Majlis Perbandaran Klang, Klang, Selangor, 42100, Malaysia"
2651,01/02/2016,21:09:57,chinese,male,thin,43.0,yes,no_kids,39.0,3.0,11.0,3.087022359,101.4914371,"Encorp Cahaya Alam, Seksyen U12, Shah Alam, Petaling, Selangor, 40450, Malaysia"
2652,06/01/2016,17:54:37,malay,female,fat,47.0,yes,toddler,26.0,4.0,17.0,3.075050303,101.4321406,"Damai, Majlis Perbandaran Klang, Klang, Selangor, 42100, Malaysia"
2653,22/02/2016,0:16:43,foreigner,female,moderate,55.0,no,baby,16.0,2.0,21.0,3.040486274,101.4166213,"Majlis Perbandaran Klang, Klang, Selangor, 41250, Malaysia"
2654,14/01/2016,17:21:38,chinese,female,moderate,60.0,no,baby,55.0,5.0,20.0,3.080593702,101.4158363,"Taman Cempaka Sari, Taman Klang Utama, Majlis Perbandaran Klang, Klang, Selangor, 42100, Malaysia"
2655,20/02/2016,19:53:04,foreigner,male,thin,41.0,yes,baby,33.0,5.0,21.0,3.045942399,101.4540689,"Jalan Bukit Kuda, Majlis Perbandaran Klang, Klang, Selangor, 41000, Malaysia"
2656,09/02/2016,10:53:31,foreigner,male,moderate,46.0,no,no_kids,36.0,3.0,17.0,2.989516759,101.4530356,"Ambang Botanic 2, Bandar Botanic, Majlis Perbandaran Klang, Klang, Selangor, 41200, Malaysia"
2657,07/12/2015,6:01:46,chinese,male,thin,59.0,no,toddler,50.0,4.0,18.0,3.072650724,101.4739652,"Lebuhraya Baru Lembah Klang, Shah Alam, Petaling, Selangor, 41150, Malaysia"
2658,18/01/2016,3:04:13,indian,male,fat,38.0,yes,toddler ,51.0,0.0,20.0,3.018390157,101.4589973,"Jalan Penghulu Abu Bakar, Taman Saujana 3, Majlis Perbandaran Klang, Klang, Selangor, 41200, Malaysia"
2659,10/12/2015,21:35:19,foreigner,male,thin,59.0,no,no_kids,49.0,3.0,16.0,3.071504441,101.4989156,"Universiti Teknologi MARA Shah Alam, Jalan Ketiau 3/10, Seksyen 3, Shah Alam, Petaling, Selangor, 40450, Malaysia"
2660,29/12/2015,10:47:43,malay,male,moderate,56.0,no,toddler ,24.0,2.0,21.0,2.99645361,101.4743799,"99 Speedmart, Jalan Dato Dagang 31, Majlis Perbandaran Klang, Klang, Selangor, 41200, Malaysia"
2661,16/02/2016,4:50:12,malay,female,fat,22.0,no,young,34.0,0.0,7.0,3.006386134,101.5545176,"Jalan Olak Lempit 28/41, Seksyen 28, Shah Alam, Petaling, Selangor, 40350, Malaysia"
2662,26/01/2016,11:53:57,indian,male,moderate,27.0,no,baby,12.0,2.0,11.0,3.067472212,101.3936893,"Majlis Perbandaran Klang, Klang, Selangor, 42100, Malaysia"
2663,10/12/2015,8:31:09,chinese,female,fat,59.0,yes,toddler ,57.0,5.0,17.0,3.011990265,101.3931741,"Jalan Sireh, Pelabuhan Klang, Majlis Perbandaran Klang, Klang, Selangor, 42009, Malaysia"
2664,24/02/2016,23:15:06,indian,female,thin,60.0,yes,toddler ,34.0,2.0,12.0,3.025777943,101.5266098,"Jalan Mantap 25/126, Seksyen 25, Taman Sri Muda, Shah Alam, Klang, Selangor, 40470, Malaysia"
2665,05/02/2016,8:52:52,indian,male,fat,35.0,no,toddler,24.0,3.0,15.0,2.991458873,101.4088072,"Pendamar Apartments, Jalan Selat, Pendamar Villa, Pelabuhan Klang, Majlis Perbandaran Klang, Klang, Selangor, 42009, Malaysia"
2666,10/12/2015,3:26:54,chinese,female,moderate,46.0,yes,no_kids,36.0,4.0,15.0,3.014164304,101.491017,"Jalan Buah Melaka 36/14, Seksyen 36, Shah Alam, Klang, Selangor, 40470, Malaysia"
2667,06/01/2016,17:49:04,malay,female,moderate,20.0,yes,baby,22.0,5.0,19.0,3.094179116,101.5266183,"Lebuhraya Baru Lembah Klang, Menara Bukit Jelutong, Shah Alam, Petaling, Selangor, 40100, Malaysia"
2668,29/12/2015,17:46:08,chinese,female,moderate,48.0,yes,no_kids,17.0,5.0,12.0,3.006638574,101.5064263,"Seksyen 34, Shah Alam, Klang, Selangor, 40470, Malaysia"
2669,03/02/2016,9:05:32,chinese,male,fat,30.0,yes,baby,35.0,1.0,15.0,3.046854394,101.4672796,"Taman Ros, Majlis Perbandaran Klang, Klang, Selangor, 41000, Malaysia"
2670,13/02/2016,1:06:22,malay,male,moderate,48.0,no,baby,56.0,2.0,11.0,3.086678399,101.4845742,"Persiaran Pegaga, Seksyen U12, Shah Alam, Petaling, Selangor, 40450, Malaysia"
2671,14/12/2015,10:31:30,malay,female,moderate,57.0,no,toddler,30.0,4.0,8.0,2.999429842,101.4087374,"Lebuh Raja Lumu, Kawasan Perindustrian Pandamaran, Pandamaran, Pelabuhan Klang, Majlis Perbandaran Klang, Klang, Selangor, 42009, Malaysia"
2672,03/12/2015,15:46:14,chinese,male,thin,27.0,no,toddler ,58.0,4.0,21.0,3.08821566,101.3935467,"Jalan Keretapi Lama, Sementa, Majlis Perbandaran Klang, Klang, Selangor, 42200, Malaysia"
2673,07/01/2016,2:06:53,foreigner,male,fat,46.0,yes,baby,51.0,2.0,18.0,2.999509539,101.4962202,"Industrial Concrete Products Sdn Bhd, Jalan Sri Gambut, Taman Jati Indah, Seksyen 32, Shah Alam, Klang, Selangor, 40470, Malaysia"
2674,10/02/2016,11:40:03,indian,male,moderate,33.0,no,no_kids,21.0,0.0,15.0,3.009287213,101.5272217,"Jalan Kemuning Indah 32/139, Kemuning Utama II, Seksyen 32, Shah Alam, Klang, Selangor, 40470, Malaysia"
2675,26/02/2016,11:24:39,indian,female,fat,18.0,yes,young,36.0,5.0,7.0,3.030972077,101.4656258,"Jalan Raja Nong Kiri, Majlis Perbandaran Klang, Klang, Selangor, 41000, Malaysia"
2676,20/02/2016,10:23:12,indian,female,fat,24.0,yes,toddler,36.0,2.0,7.0,2.998460086,101.3842201,"Pelabuhan Klang, Jalan Syahbandar, Pelabuhan Klang, Majlis Perbandaran Klang, Klang, Selangor, 42009, Malaysia"
2677,04/12/2015,7:13:32,chinese,male,fat,48.0,yes,no_kids,27.0,2.0,9.0,3.069804063,101.3924328,"Majlis Perbandaran Klang, Klang, Selangor, 42100, Malaysia"
2678,19/02/2016,0:09:56,indian,female,fat,30.0,yes,no_kids,28.0,2.0,20.0,3.056332024,101.4755062,"Jalan Batu Tiga Lama, Taman Ros, Majlis Perbandaran Klang, Klang, Selangor, 41300, Malaysia"
2679,21/02/2016,2:25:36,foreigner,male,moderate,25.0,yes,baby,54.0,2.0,17.0,3.042566817,101.4328807,"Jalan Sepat 3, Teluk Pulai, Majlis Perbandaran Klang, Klang, Selangor, 41400, Malaysia"
2680,20/01/2016,3:15:29,chinese,male,fat,46.0,yes,baby,30.0,1.0,9.0,3.069441165,101.4509686,"Kompleks Pasar Besar Klang, Jalan Pasar Baru, Majlis Perbandaran Klang, Klang, Selangor, 41150, Malaysia"
2681,31/01/2016,23:45:57,foreigner,female,moderate,55.0,yes,baby,24.0,4.0,12.0,3.001018839,101.3892165,"Jalan Syahbandar, Pelabuhan Klang, Majlis Perbandaran Klang, Klang, Selangor, 42009, Malaysia"
2682,21/02/2016,0:14:51,chinese,male,thin,24.0,yes,young,52.0,3.0,9.0,3.022661204,101.4881451,"Jalan Samarinda, Seksyen 36, Majlis Perbandaran Klang, Klang, Selangor, 40470, Malaysia"
2683,29/12/2015,18:07:09,chinese,male,thin,22.0,no,baby,28.0,3.0,14.0,3.008832932,101.5121866,"Petron, Jalan Bukit Kemuning, Taman Jati Indah, Seksyen 32, Alam Impian, Shah Alam, Klang, Selangor, 40470, Malaysia"
2684,05/01/2016,5:04:12,indian,male,fat,57.0,yes,young,33.0,1.0,16.0,2.996207263,101.4637557,"Jalan Kebun Nenas, Taman Camellia, Majlis Perbandaran Klang, Klang, Selangor, 41200, Malaysia"
2685,23/01/2016,8:47:07,indian,female,fat,25.0,yes,young,12.0,5.0,19.0,3.044627461,101.5263101,"Jalan Pelabur A 23/A, Seksyen 23, Shah Alam, Petaling, Selangor, 40420, Malaysia"
2686,27/12/2015,10:47:59,indian,male,fat,22.0,yes,toddler ,26.0,2.0,13.0,2.997250598,101.379473,"Lingkaran Sultan Hishamuddin, Pelabuhan Klang, Majlis Perbandaran Klang, Klang, Selangor, 42009, Malaysia"
2687,12/01/2016,12:39:40,foreigner,male,moderate,18.0,no,no_kids,18.0,4.0,15.0,3.044288668,101.4061849,"Majlis Perbandaran Klang, Klang, Selangor, 41250, Malaysia"
2688,16/01/2016,2:10:52,foreigner,male,fat,20.0,no,no_kids,55.0,4.0,13.0,3.048586025,101.3850695,"Majlis Perbandaran Klang, Klang, Selangor, 41250, Malaysia"
2689,08/02/2016,17:36:09,foreigner,male,moderate,52.0,no,toddler,42.0,3.0,7.0,3.039419852,101.4491991,"Amverton, Jalan Padang, Majlis Perbandaran Klang, Klang, Selangor, 41400, Malaysia"
2690,29/12/2015,1:08:24,malay,male,moderate,53.0,yes,no_kids,40.0,1.0,11.0,3.001583711,101.4630178,"Jalan Dato Dagang 5, Majlis Perbandaran Klang, Klang, Selangor, 41200, Malaysia"
2691,13/01/2016,17:25:59,chinese,female,moderate,36.0,yes,young,54.0,0.0,7.0,3.037891867,101.3913381,"Majlis Perbandaran Klang, Klang, Selangor, 41250, Malaysia"
2692,22/02/2016,21:08:23,malay,female,fat,35.0,no,young,55.0,2.0,9.0,3.06048967,101.5429211,"Panasonic Air-Con, Persiaran Perkilangan, Seksyen 21, Shah Alam, Petaling, Selangor, 40300, Malaysia"
2693,01/02/2016,23:44:35,foreigner,female,thin,53.0,yes,toddler,47.0,0.0,20.0,3.053309423,101.4915746,"Seksyen 16, Shah Alam, Petaling, Selangor, 40450, Malaysia"
2694,13/02/2016,16:42:26,malay,female,fat,53.0,yes,no_kids,47.0,4.0,17.0,3.06857843,101.5469302,"Jalan Kawat 15/18, Seksyen 15, Shah Alam, Petaling, Selangor, 40675, Malaysia"
2695,13/02/2016,9:11:21,chinese,female,fat,26.0,no,baby,46.0,5.0,12.0,3.095060856,101.4674691,"Damai 16, Seksyen U13 (Setia Alam), Shah Alam, Petaling, Selangor, 40170, Malaysia"
2696,10/12/2015,11:00:23,malay,male,moderate,33.0,no,no_kids,52.0,3.0,9.0,3.090821705,101.4435543,"Jalan Sungai Puloh, Bandar Bukit Raja, Majlis Perbandaran Klang, Klang, Selangor, 41050, Malaysia"
2697,01/03/2016,20:04:45,indian,female,fat,46.0,yes,young,25.0,3.0,15.0,3.066229903,101.5470602,"Seksyen 15, Shah Alam, Petaling, Selangor, 40675, Malaysia"
2698,14/02/2016,11:02:16,chinese,female,moderate,37.0,no,baby,47.0,4.0,18.0,2.985742878,101.5441475,"Seksyen 31, Kota Kemuning, Shah Alam, Klang, Selangor, 40460, Malaysia"
2699,08/01/2016,12:41:56,indian,male,thin,18.0,no,toddler,53.0,0.0,16.0,3.084038269,101.4159988,"Taman Klang Utama, Majlis Perbandaran Klang, Klang, Selangor, 42100, Malaysia"
2700,01/01/2016,6:32:22,indian,female,fat,21.0,no,toddler ,34.0,3.0,15.0,3.030260119,101.4012018,"Majlis Perbandaran Klang, Klang, Selangor, 41250, Malaysia"
2701,23/12/2015,23:48:19,chinese,female,moderate,31.0,yes,no_kids,29.0,1.0,16.0,3.068440827,101.5184966,"Lorong Motosikal Lebuhraya Persekutuan, Shah Alam, Petaling, Selangor, 40000, Malaysia"
2702,01/03/2016,23:55:36,foreigner,female,thin,52.0,no,toddler,53.0,2.0,20.0,3.08357348,101.4582874,"Jalan Astana 3, Bandar Bukit Raja, Majlis Perbandaran Klang, Klang, Selangor, 41150, Malaysia"
2703,27/01/2016,10:14:58,malay,male,fat,38.0,yes,baby,13.0,2.0,9.0,3.05518962,101.5303667,"Jalan Tambatan 19/16, Seksyen 19, Shah Alam, Petaling, Selangor, 40420, Malaysia"
2704,22/12/2015,12:48:02,chinese,male,moderate,25.0,no,toddler ,22.0,2.0,21.0,2.994470893,101.4005277,"Jalan Pelabuhan Utara-Barat, Pendamar Villa, Pelabuhan Klang, Majlis Perbandaran Klang, Klang, Selangor, 42009, Malaysia"
2705,31/01/2016,17:25:25,malay,female,fat,39.0,yes,toddler,15.0,2.0,21.0,3.076428056,101.4583801,"Jalan Waja, Majlis Perbandaran Klang, Klang, Selangor, 41150, Malaysia"
2706,11/01/2016,11:28:21,indian,female,fat,55.0,no,no_kids,49.0,3.0,16.0,3.074740587,101.3791998,"Sementa, Majlis Perbandaran Klang, Klang, Selangor, 42100, Malaysia"
2707,11/01/2016,17:11:39,chinese,male,moderate,18.0,yes,toddler,34.0,0.0,8.0,2.996920282,101.4451853,"Klinik Pakar Mata Vista, Jalan Mahogani 5, Presint Cassia, Bandar Botanic, Majlis Perbandaran Klang, Klang, Selangor, 41200, Malaysia"
2708,24/12/2015,4:26:01,chinese,female,thin,46.0,no,young,47.0,3.0,11.0,3.028896094,101.5285943,"To E13 LKSA - KESAS, Seksyen 25, Taman Sri Muda, Shah Alam, Klang, Selangor, 40470, Malaysia"
2709,22/01/2016,0:38:13,indian,male,fat,42.0,yes,young,48.0,3.0,13.0,3.041581615,101.5436853,"Jalan S U 7, Seksyen 22, Taman Sri Muda, Shah Alam, Petaling, Selangor, 40300, Malaysia"
2710,24/12/2015,6:26:33,malay,female,fat,44.0,yes,baby,13.0,4.0,9.0,3.031955376,101.3911737,"Bandar Sultan Suleiman, Majlis Perbandaran Klang, Klang, Selangor, 41250, Malaysia"
2711,11/02/2016,15:36:05,chinese,female,moderate,37.0,no,toddler,27.0,3.0,8.0,3.035718804,101.4528315,"Kolej Islam Sultan Alam Shah, Jalan Kota Raja, Majlis Perbandaran Klang, Klang, Selangor, 41000, Malaysia"
2712,11/01/2016,5:11:42,malay,female,fat,32.0,no,toddler ,60.0,5.0,14.0,3.046070298,101.4938395,"Padang Jawa, Seksyen 16, Shah Alam, Petaling, Selangor, 40200, Malaysia"
2713,30/01/2016,7:42:57,malay,male,thin,36.0,yes,baby,43.0,5.0,21.0,2.990570625,101.489843,"Jalan Kebun Nenas, Taman Camellia, Majlis Perbandaran Klang, Klang, Selangor, 41200, Malaysia"
2714,17/01/2016,14:40:17,indian,male,moderate,48.0,no,toddler ,54.0,4.0,16.0,2.998871397,101.45656,"Persiaran Mahogani, Ambang Botanic 2, Bandar Botanic, Majlis Perbandaran Klang, Klang, Selangor, 41200, Malaysia"
2715,16/12/2015,21:52:55,malay,female,moderate,22.0,no,baby,41.0,3.0,8.0,3.084861913,101.4031582,"Lintang Sungai Keramat 1B, Taman Klang Utama, Majlis Perbandaran Klang, Klang, Selangor, 42100, Malaysia"
2716,06/01/2016,0:42:04,chinese,male,fat,45.0,yes,toddler,27.0,5.0,21.0,3.007524775,101.4549839,"Haji Abdul Karim 19, Taman Saujana 3, Majlis Perbandaran Klang, Klang, Selangor, 41200, Malaysia"
2717,04/02/2016,0:22:29,foreigner,female,thin,34.0,no,toddler,33.0,5.0,9.0,2.990739132,101.4304777,"Jalan Angsana 2, Presint Angsana, Bandar Botanic, Kampung Idaman, Majlis Perbandaran Klang, Klang, Selangor, 41200, Malaysia"
2718,12/01/2016,8:07:44,foreigner,female,fat,20.0,no,no_kids,60.0,2.0,13.0,2.992670975,101.4646659,"Lorong Kerongsang 9B, Bandar Puteri Klang, Majlis Perbandaran Klang, Klang, Selangor, 41200, Malaysia"
2719,01/12/2015,17:13:25,malay,female,moderate,48.0,yes,young,15.0,2.0,13.0,3.048776701,101.5134551,"Shah Alam, Petaling, Selangor, 40200, Malaysia"
2720,22/02/2016,8:26:52,indian,female,fat,59.0,no,young,41.0,1.0,19.0,3.088358888,101.4576008,"Jalan Astana 3, Bandar Bukit Raja, Majlis Perbandaran Klang, Klang, Selangor, 41150, Malaysia"
2721,07/12/2015,9:22:00,foreigner,male,fat,37.0,yes,young,26.0,4.0,21.0,3.054934887,101.3899379,"Majlis Perbandaran Klang, Klang, Selangor, 42100, Malaysia"
2722,06/02/2016,10:58:20,chinese,female,fat,32.0,no,young,11.0,5.0,12.0,3.037681933,101.5350907,"Persiaran Budiman, Seksyen 25, Taman Sri Muda, Shah Alam, Klang, Selangor, 40420, Malaysia"
2723,01/01/2016,23:15:19,malay,female,fat,51.0,yes,baby,23.0,0.0,9.0,3.050914986,101.4463964,"SG One Mobile, Lorong Gopeng, Kampung Atap, Majlis Perbandaran Klang, Klang, Selangor, 41400, Malaysia"
2724,30/12/2015,7:03:15,chinese,male,thin,60.0,no,toddler,57.0,4.0,19.0,2.994003406,101.4685266,"Subway, Lorong Pending 4A, Bandar Puteri Klang, Majlis Perbandaran Klang, Klang, Selangor, 41200, Malaysia"
2725,17/12/2015,18:58:22,indian,male,fat,21.0,yes,young,14.0,1.0,12.0,3.087845691,101.3924157,"Jalan Keretapi Lama, Sementa, Majlis Perbandaran Klang, Klang, Selangor, 42200, Malaysia"
2726,06/02/2016,22:17:19,malay,male,thin,35.0,no,toddler,26.0,2.0,7.0,3.043967552,101.4555761,"Solok Suasa, Majlis Perbandaran Klang, Klang, Selangor, 41000, Malaysia"
2727,27/12/2015,5:34:51,indian,female,moderate,34.0,no,toddler,27.0,2.0,13.0,3.069829816,101.4062612,"Jalan Genting, Majlis Perbandaran Klang, Klang, Selangor, 42100, Malaysia"
2728,07/12/2015,9:11:59,indian,female,moderate,46.0,yes,toddler ,53.0,0.0,14.0,3.003274871,101.5074912,"Lorong Kiyai Halil, Taman Jati Indah, Seksyen 32, Shah Alam, Klang, Selangor, 40470, Malaysia"
2729,12/12/2015,23:30:10,indian,female,fat,35.0,no,baby,49.0,4.0,16.0,3.060834706,101.4719491,"AEON Bukit Raja Shopping Centre, Persiaran Bukit Raja 2, Bandar Baru Klang, Majlis Perbandaran Klang, Klang, Selangor, 41150, Malaysia"
2730,20/02/2016,18:41:51,malay,female,fat,24.0,yes,no_kids,35.0,5.0,7.0,2.984422036,101.5325203,"Dewan Orang Ramai Kota Kemuning, Jalan Anggerik Tainia 31/123, Seksyen 31, Kota Kemuning, Shah Alam, Klang, Selangor, 40460, Malaysia"
2731,25/01/2016,7:35:07,chinese,female,fat,54.0,yes,baby,12.0,4.0,12.0,3.095617565,101.4987885,"Persiaran Gunung Nuang, Seksyen U11 (Bukit Bandaraya), Shah Alam, Petaling, Selangor, 40604, Malaysia"
2732,13/01/2016,12:42:48,indian,female,fat,19.0,no,toddler,18.0,5.0,20.0,3.089488964,101.5149842,"Jalan Lembah 8/1A, Seksyen 8, Shah Alam, Petaling, Selangor, Malaysia"
2733,06/02/2016,9:48:39,malay,female,thin,56.0,no,young,42.0,4.0,9.0,3.061310381,101.4421243,"Jalan Kapar, Majlis Perbandaran Klang, Klang, Selangor, 41400, Malaysia"
2734,21/12/2015,19:26:55,indian,female,thin,53.0,yes,no_kids,48.0,3.0,14.0,2.992918806,101.3849383,"Pelabuhan Klang, Majlis Perbandaran Klang, Klang, Selangor, 42009, Malaysia"
2735,01/03/2016,9:57:27,chinese,female,thin,46.0,yes,toddler ,16.0,1.0,12.0,3.034881532,101.4615283,"Bukit Jati 6B, Majlis Perbandaran Klang, Klang, Selangor, 41000, Malaysia"
2736,15/12/2015,4:33:06,foreigner,female,thin,42.0,yes,toddler,47.0,3.0,9.0,3.027598192,101.3845354,"Bandar Sultan Suleiman, Pelabuhan Klang, Majlis Perbandaran Klang, Klang, Selangor, 41250, Malaysia"
2737,15/12/2015,19:31:10,foreigner,female,fat,19.0,no,no_kids,45.0,1.0,13.0,3.006459673,101.4036382,"Kampung Raja Uda, Pandamaran, Pelabuhan Klang, Majlis Perbandaran Klang, Klang, Selangor, 42009, Malaysia"
2738,19/02/2016,3:58:01,chinese,female,fat,45.0,no,no_kids,56.0,5.0,19.0,2.985347557,101.4901305,"Lebuhraya Pesisiran Pantai Barat, Taman Camellia, Majlis Perbandaran Klang, Klang, Selangor, 40470, Malaysia"
2739,02/02/2016,15:56:19,chinese,female,fat,28.0,yes,baby,28.0,2.0,18.0,2.9951008,101.4057664,"Jalan Selat Selatan 1/3, Pendamar Villa, Pelabuhan Klang, Majlis Perbandaran Klang, Klang, Selangor, 42000, Malaysia"
2740,13/01/2016,19:21:25,chinese,female,fat,27.0,yes,toddler,50.0,2.0,20.0,2.995119716,101.5162119,"Jalan Sungai Jeluh 32/189, Seksyen 32, Shah Alam, Klang, Selangor, 40460, Malaysia"
2741,28/12/2015,16:12:23,malay,female,fat,32.0,no,no_kids,30.0,2.0,17.0,3.083849136,101.4004624,"Jalan Keretapi Lama, Majlis Perbandaran Klang, Klang, Selangor, 42200, Malaysia"
2742,26/02/2016,11:52:14,malay,female,fat,51.0,no,young,22.0,5.0,15.0,3.053560836,101.49023,"Padang Jawa, Seksyen 16, Shah Alam, Klang, Selangor, 40200, Malaysia"
2743,21/12/2015,15:27:58,indian,male,moderate,37.0,yes,no_kids,29.0,1.0,14.0,3.015734786,101.4846429,"Majlis Perbandaran Klang, Klang, Selangor, 40470, Malaysia"
2744,24/12/2015,3:45:59,chinese,female,moderate,19.0,no,young,42.0,3.0,12.0,3.032926549,101.3984644,"Majlis Perbandaran Klang, Klang, Selangor, 41250, Malaysia"
2745,04/01/2016,8:30:29,foreigner,male,fat,38.0,no,toddler ,38.0,1.0,14.0,3.092319553,101.5007941,"Jalan Mendapan 8/21, Seksyen 8, Shah Alam, Petaling, Selangor, 40604, Malaysia"
2746,02/01/2016,1:14:31,foreigner,female,thin,45.0,yes,no_kids,13.0,4.0,19.0,3.091834471,101.4062384,"Jalan Sungai Puloh, Bandar Bukit Raja, Majlis Perbandaran Klang, Klang, Selangor, 40150, Malaysia"
2747,04/02/2016,4:10:03,indian,female,moderate,39.0,no,toddler,46.0,0.0,7.0,3.073754518,101.454555,"ACP-DMT P.Klang, Lebuhraya Baru Selat Klang Utara, Majlis Perbandaran Klang, Klang, Selangor, 41150, Malaysia"
2748,23/12/2015,1:22:41,foreigner,female,thin,41.0,no,toddler,54.0,0.0,20.0,3.089088256,101.5022915,"Persiaran Kayangan, Shah Alam, Petaling, Selangor, 40604, Malaysia"
2749,22/12/2015,13:41:26,malay,female,thin,59.0,yes,baby,15.0,2.0,8.0,3.000556207,101.3849927,"Pelabuhan Klang, Majlis Perbandaran Klang, Klang, Selangor, 42009, Malaysia"
2750,27/01/2016,23:56:25,foreigner,male,fat,46.0,yes,toddler ,16.0,4.0,19.0,2.998118874,101.5068971,"Taman Jati Indah, Seksyen 32, Shah Alam, Klang, Selangor, 40470, Malaysia"
2751,07/02/2016,21:02:51,indian,male,moderate,20.0,yes,toddler ,48.0,3.0,7.0,2.985099019,101.4648847,"Lebuhraya Shah Alam, Bandar Puteri Klang, Majlis Perbandaran Klang, Klang, Selangor, 41200, Malaysia"
2752,15/01/2016,18:59:03,chinese,male,fat,33.0,yes,young,38.0,2.0,10.0,3.046477146,101.5247429,"Persiaran Jubli Perak, Shah Alam, Petaling, Selangor, 40420, Malaysia"
2753,09/01/2016,1:59:09,chinese,female,moderate,33.0,yes,toddler ,45.0,3.0,21.0,3.034432754,101.3801561,"Lebuhraya Baru Selat Klang Utara, Bandar Sultan Suleiman, Majlis Perbandaran Klang, Klang, Selangor, 41250, Malaysia"
2754,25/12/2015,23:05:36,chinese,female,moderate,43.0,no,no_kids,21.0,1.0,18.0,3.00865871,101.3876952,"Bagan Seafood, Lingkaran Sultan Hishamuddin, Pelabuhan Klang, Majlis Perbandaran Klang, Klang, Selangor, 42009, Malaysia"
2755,25/02/2016,16:04:52,malay,female,thin,60.0,no,no_kids,20.0,2.0,18.0,3.094888367,101.4935873,"Persiaran Gunung Tahan, Seksyen U11 (Bukit Bandaraya), Shah Alam, Petaling, Selangor, 40604, Malaysia"
2756,18/12/2015,16:32:10,chinese,male,moderate,43.0,yes,toddler ,23.0,1.0,13.0,2.984123576,101.3860778,"Jambatan Selat Lumut, Pelabuhan Klang, Majlis Perbandaran Klang, Klang, Selangor, 42009, Malaysia"
2757,22/01/2016,10:58:30,indian,male,fat,20.0,yes,toddler ,45.0,5.0,16.0,3.009421237,101.518755,"Jalan Bukit Rimau, Damai Residences, Seksyen 32, Alam Impian, Shah Alam, Klang, Selangor, 40470, Malaysia"
2758,29/02/2016,19:51:38,malay,female,fat,31.0,no,no_kids,19.0,0.0,14.0,3.029050185,101.4697411,"SAM Tinggi Sultan Hisamuddin, Jalan Kota Raja, Seksyen 36, Majlis Perbandaran Klang, Klang, Selangor, 41000, Malaysia"
2759,09/12/2015,17:48:38,foreigner,male,moderate,29.0,no,no_kids,49.0,4.0,9.0,3.082619379,101.5388964,"Cambridge Al-Ikhlas, Jalan Bola Sepak 13/11, Seksyen 13, Shah Alam, Petaling, Selangor, 40100, Malaysia"
2760,06/12/2015,4:13:48,malay,female,moderate,54.0,yes,toddler ,52.0,2.0,18.0,3.032310684,101.5154044,"Seksyen 24, Shah Alam, Petaling, Selangor, 40470, Malaysia"
2761,25/02/2016,14:41:41,chinese,female,fat,36.0,no,baby,20.0,0.0,7.0,3.0104003,101.4105687,"Kampung Baru Pandamaran, Pelabuhan Klang, Majlis Perbandaran Klang, Klang, Selangor, 42000, Malaysia"
2762,21/02/2016,21:52:26,foreigner,male,moderate,51.0,no,toddler,32.0,2.0,21.0,3.094361361,101.4935477,"Seksyen U11 (Bukit Bandaraya), Shah Alam, Petaling, Selangor, 40604, Malaysia"
2763,11/12/2015,22:10:33,chinese,male,thin,32.0,yes,young,56.0,5.0,10.0,3.058269885,101.5364941,"Jalan Tupai 20/16, Seksyen 20, Shah Alam, Petaling, Selangor, 40300, Malaysia"
2764,01/02/2016,14:40:20,indian,female,moderate,36.0,no,no_kids,50.0,1.0,11.0,2.986964941,101.4304081,"Jalan Akasia, Presint Akasia, Bandar Botanic, Kampung Idaman, Majlis Perbandaran Klang, Klang, Selangor, 41200, Malaysia"
2765,30/12/2015,5:47:14,malay,male,thin,59.0,yes,toddler,34.0,0.0,8.0,3.065271091,101.4606479,"SMJK Kwang Hua, Persiaran Bukit Raja, Bandar Baru Klang, Majlis Perbandaran Klang, Klang, Selangor, 41150, Malaysia"
2766,12/12/2015,5:22:27,indian,female,fat,34.0,no,toddler,24.0,2.0,12.0,3.09057972,101.4599223,"Surau, Jalan Singgahsana, Bandar Bukit Raja, Majlis Perbandaran Klang, Klang, Selangor, 41050, Malaysia"
2767,31/12/2015,13:03:51,indian,female,moderate,37.0,no,baby,29.0,2.0,16.0,2.998278395,101.5417741,"Jalan Anggerik Oncidium 31/78, Anggerik Oncidium, Seksyen 31, Kota Kemuning, Shah Alam, Klang, Selangor, 40460, Malaysia"
2768,10/02/2016,23:32:03,foreigner,female,thin,19.0,no,no_kids,59.0,0.0,10.0,2.984485246,101.5151542,"Jalan Sungai Kayu Ara 32/36, Seksyen 32, Shah Alam, Klang, Selangor, 40460, Malaysia"
2769,28/01/2016,4:09:09,indian,male,thin,53.0,yes,young,28.0,3.0,20.0,2.984849648,101.4621876,"Lorong Gelang 5A, Bandar Puteri Klang, Majlis Perbandaran Klang, Klang, Selangor, 41200, Malaysia"
2770,12/01/2016,4:55:33,foreigner,male,fat,24.0,no,young,46.0,4.0,12.0,3.007161288,101.5497246,"Jalan Jangur 28/43, Seksyen 28, Shah Alam, Petaling, Selangor, 40350, Malaysia"
2771,24/02/2016,5:56:09,malay,female,fat,25.0,yes,baby,39.0,2.0,8.0,3.028792381,101.38472,"Lorong Sultan Abdul Samad 48D, Bandar Sultan Suleiman, Majlis Perbandaran Klang, Klang, Selangor, 41250, Malaysia"
2772,10/02/2016,17:33:12,foreigner,female,moderate,23.0,yes,toddler,46.0,1.0,11.0,3.071790538,101.4359092,"Jalan Sungai Putus 43, Majlis Perbandaran Klang, Klang, Selangor, 41400, Malaysia"
2773,26/12/2015,10:05:55,chinese,male,fat,53.0,yes,young,23.0,5.0,9.0,3.056252751,101.4517955,"Glad Tidings Assembly, Jalan Meru, Majlis Perbandaran Klang, Klang, Selangor, 41400, Malaysia"
2774,24/01/2016,10:41:43,chinese,female,moderate,32.0,yes,baby,41.0,2.0,17.0,3.033518521,101.4264489,"Lintang Hilir, Taman Gembira, Teluk Pulai, Majlis Perbandaran Klang, Klang, Selangor, 41250, Malaysia"
2775,22/02/2016,6:21:15,foreigner,male,fat,19.0,yes,no_kids,59.0,5.0,20.0,3.07309594,101.4622782,"Jalan Waja, Majlis Perbandaran Klang, Klang, Selangor, 41150, Malaysia"
2776,26/12/2015,3:31:47,indian,female,moderate,60.0,no,toddler,54.0,5.0,20.0,2.988388555,101.5484888,"Persiaran Anggerik Oncidium, Seksyen 31, Kota Kemuning, Shah Alam, Klang, Selangor, 40460, Malaysia"
2777,15/01/2016,9:41:54,chinese,female,moderate,21.0,yes,toddler,37.0,0.0,14.0,3.040126479,101.466266,"Majlis Perbandaran Klang, Klang, Selangor, 41000, Malaysia"
2778,04/12/2015,2:30:57,foreigner,male,thin,29.0,yes,no_kids,55.0,1.0,12.0,3.023102739,101.4930005,"Jalan Dato Sellathevan, Seksyen 36, Shah Alam, Klang, Selangor, 40470, Malaysia"
2779,23/02/2016,4:30:35,indian,male,fat,25.0,no,no_kids,20.0,0.0,17.0,3.029335678,101.5134904,"Persiaran Panglima Hitam, Seksyen 35, Alam Impian, Shah Alam, Klang, Selangor, 40470, Malaysia"
2780,22/02/2016,16:43:46,malay,male,thin,18.0,yes,toddler,33.0,1.0,10.0,3.083080277,101.4669398,"Seksyen U12, Majlis Perbandaran Klang, Klang, Selangor, 41150, Malaysia"
2781,07/01/2016,4:00:11,indian,female,fat,33.0,yes,baby,59.0,2.0,14.0,3.057734165,101.4321373,"Kampung Tanjung Syawal, Majlis Perbandaran Klang, Klang, Selangor, 41400, Malaysia"
2782,03/01/2016,7:59:05,indian,male,thin,48.0,no,no_kids,53.0,0.0,14.0,3.054662549,101.4930169,"Seksyen 16, Shah Alam, Petaling, Selangor, 40450, Malaysia"
2783,30/01/2016,22:48:21,foreigner,male,fat,20.0,no,toddler ,60.0,1.0,20.0,3.041829659,101.4078195,"Majlis Perbandaran Klang, Klang, Selangor, 41250, Malaysia"
2784,28/02/2016,23:40:00,malay,male,fat,50.0,yes,young,46.0,2.0,9.0,3.065965736,101.4364612,"Proton, Jalan Kapar, Majlis Perbandaran Klang, Klang, Selangor, 41400, Malaysia"
2785,08/12/2015,7:05:28,foreigner,male,moderate,26.0,yes,young,20.0,3.0,9.0,3.027827808,101.5317818,"Institut Memandu ManduCekap Hi-Tec Sdn. Bhd., Jalan Mantap 25/126, Seksyen 25, Taman Sri Muda, Shah Alam, Klang, Selangor, 40470, Malaysia"
2786,30/01/2016,6:08:40,chinese,female,thin,23.0,no,no_kids,15.0,5.0,15.0,3.060966798,101.3939886,"Majlis Perbandaran Klang, Klang, Selangor, 42100, Malaysia"
2787,07/01/2016,15:16:30,indian,female,moderate,53.0,yes,toddler,31.0,2.0,8.0,3.047871646,101.3947501,"Pintasan Selat Klang Utara, Kampung Rantau Panjang, Majlis Perbandaran Klang, Klang, Selangor, 42100, Malaysia"
2788,23/02/2016,22:08:07,indian,male,thin,47.0,no,toddler ,38.0,0.0,11.0,3.056931364,101.4499002,"Majlis Perbandaran Klang, Klang, Selangor, 41400, Malaysia"
2789,17/12/2015,16:43:42,indian,female,fat,46.0,no,toddler ,42.0,4.0,7.0,3.075886617,101.5189921,"Seksyen 14, Shah Alam, Petaling, Selangor, Malaysia"
2790,15/01/2016,1:01:41,indian,female,moderate,50.0,no,young,57.0,3.0,21.0,3.097010361,101.4327884,"Lebuhraya Pesisiran Pantai Barat, Bandar Bukit Raja, Majlis Perbandaran Klang, Klang, Selangor, 41050, Malaysia"
2791,09/01/2016,7:07:09,chinese,female,thin,28.0,no,toddler,28.0,1.0,9.0,3.00371424,101.4123845,"Jalan Rambai, Kampung Baru Pandamaran, Pelabuhan Klang, Majlis Perbandaran Klang, Klang, Selangor, 42000, Malaysia"
2792,03/01/2016,8:55:19,foreigner,male,moderate,48.0,yes,toddler ,26.0,1.0,20.0,3.05166625,101.439128,"SJK(T) Jalan Tepi Sungai, Jalan Tepi Sungai, Kampung Atap, Majlis Perbandaran Klang, Klang, Selangor, 41400, Malaysia"
2793,04/02/2016,22:37:39,indian,male,thin,19.0,yes,toddler ,40.0,1.0,13.0,3.086505189,101.3933946,"Majlis Perbandaran Klang, Klang, Selangor, 42100, Malaysia"
2794,12/02/2016,22:22:55,foreigner,female,moderate,32.0,no,no_kids,13.0,0.0,11.0,3.070435433,101.466936,"Alcom Malaysia, Jalan Keluli 2, Majlis Perbandaran Klang, Klang, Selangor, 41150, Malaysia"
2795,26/02/2016,19:31:38,chinese,male,thin,38.0,yes,toddler ,37.0,2.0,16.0,3.056023659,101.4845194,"Jalan Lengkuas 16/18, Seksyen 16, Shah Alam, Klang, Selangor, 40450, Malaysia"
2796,07/02/2016,14:09:55,indian,female,thin,57.0,yes,toddler ,36.0,5.0,7.0,3.04389822,101.5043268,"SK Seksyen 17, Jalan Pari 17/16, Seksyen 17, Shah Alam, Petaling, Selangor, 40200, Malaysia"
2797,25/12/2015,9:23:48,indian,male,fat,42.0,no,no_kids,20.0,3.0,14.0,3.04564593,101.5444931,"Depoh RapidKL, Jalan SU 5, Seksyen 22, Shah Alam, Petaling, Selangor, 40300, Malaysia"
2798,07/12/2015,10:13:24,malay,female,fat,42.0,no,baby,44.0,0.0,11.0,3.046321499,101.5439902,"Depoh RapidKL, Jalan SU 5, Seksyen 22, Shah Alam, Petaling, Selangor, 40300, Malaysia"
2799,30/01/2016,0:27:26,foreigner,female,thin,57.0,yes,toddler,45.0,3.0,7.0,3.075132685,101.5310657,"Jalan Zapin 11/2B, Seksyen 11, Shah Alam, Petaling, Selangor, 40100, Malaysia"
2800,27/02/2016,10:26:41,chinese,male,fat,22.0,no,no_kids,28.0,2.0,8.0,3.085422767,101.4154738,"Taman Klang Utama, Majlis Perbandaran Klang, Klang, Selangor, 42100, Malaysia"
2801,31/01/2016,21:25:27,malay,female,moderate,22.0,no,toddler ,26.0,3.0,12.0,3.022661953,101.5403536,"Seksyen 33, Taman Sri Muda, Shah Alam, Klang, Selangor, 40350, Malaysia"
2802,29/01/2016,11:37:12,foreigner,female,thin,48.0,no,toddler ,15.0,1.0,12.0,3.000788065,101.4670139,"Jalan Dato Dagang 10, Majlis Perbandaran Klang, Klang, Selangor, 41200, Malaysia"
2803,13/02/2016,19:03:04,indian,male,fat,25.0,no,baby,28.0,2.0,10.0,2.995757287,101.4065114,"Jalan Selat Selatan 1/3, Pendamar Villa, Pelabuhan Klang, Majlis Perbandaran Klang, Klang, Selangor, 42000, Malaysia"
2804,30/12/2015,20:15:59,indian,male,moderate,19.0,yes,toddler ,46.0,1.0,11.0,3.05053152,101.4501599,"Shami Corner, Jalan Gelugor, Majlis Perbandaran Klang, Klang, Selangor, 41400, Malaysia"
2805,29/12/2015,9:03:27,malay,female,moderate,56.0,yes,baby,36.0,3.0,10.0,3.031841608,101.4702373,"Seksyen 36, Majlis Perbandaran Klang, Klang, Selangor, 41000, Malaysia"
2806,25/12/2015,10:32:47,foreigner,male,thin,60.0,yes,toddler,44.0,0.0,8.0,3.058659127,101.4686599,"Agensi Anti Dadah Kebangsaan Klang, Persiaran Bukit Raja 1, Bandar Baru Klang, Majlis Perbandaran Klang, Klang, Selangor, 41300, Malaysia"
2807,04/12/2015,21:14:33,chinese,male,thin,23.0,yes,toddler,32.0,3.0,13.0,3.022573454,101.4137269,"Jalan Melikai 51, Pandamaran, Pelabuhan Klang, Majlis Perbandaran Klang, Klang, Selangor, 42000, Malaysia"
2808,21/02/2016,18:10:31,indian,female,thin,50.0,no,toddler,59.0,1.0,18.0,3.036455449,101.4464773,"Jalan Istana, Teluk Pulai, Majlis Perbandaran Klang, Klang, Selangor, 41400, Malaysia"
2809,22/12/2015,8:34:07,foreigner,female,fat,39.0,no,no_kids,21.0,2.0,12.0,3.076163382,101.3819143,"Sementa, Majlis Perbandaran Klang, Klang, Selangor, 42100, Malaysia"
2810,07/12/2015,7:30:36,foreigner,male,moderate,32.0,no,young,15.0,5.0,16.0,3.048439447,101.4900097,"Padang Jawa, Seksyen 16, Shah Alam, Klang, Selangor, 40200, Malaysia"
2811,23/02/2016,4:41:36,chinese,male,fat,51.0,yes,toddler,36.0,3.0,11.0,3.095674006,101.5378429,"Persiaran Balairong, Bukit Jelutong, Shah Alam, Petaling, Selangor, 40150, Malaysia"
2812,22/12/2015,10:22:31,chinese,male,fat,22.0,no,toddler,54.0,3.0,21.0,3.042462361,101.430879,"Lorong Sepat 3, Teluk Pulai, Majlis Perbandaran Klang, Klang, Selangor, 41400, Malaysia"
2813,28/12/2015,5:16:01,foreigner,female,thin,20.0,no,young,58.0,5.0,21.0,2.98505865,101.4223242,"Lorong Pendamar Indah 1, Presint Jejawi, Pelabuhan Klang, Majlis Perbandaran Klang, Klang, Selangor, 42000, Malaysia"
2814,27/12/2015,22:47:20,foreigner,female,thin,31.0,no,young,11.0,4.0,13.0,3.079782651,101.5535944,"Shah Alam, Petaling, Selangor, 40675, Malaysia"
2815,28/02/2016,16:10:00,malay,female,moderate,31.0,no,young,34.0,1.0,11.0,3.063221527,101.4873922,"Seksyen 7, Shah Alam, Petaling, Selangor, 40450, Malaysia"
2816,03/02/2016,3:23:32,chinese,female,fat,34.0,yes,toddler ,54.0,0.0,14.0,3.052493864,101.4956457,"Jalan Bilal Wondo, Padang Jawa, Seksyen 16, Shah Alam, Petaling, Selangor, 40200, Malaysia"
2817,04/12/2015,0:20:02,malay,female,fat,53.0,no,baby,39.0,4.0,18.0,2.984108765,101.4454747,"Jalan Cassia Utama, Presint Cassia, Bandar Botanic, Majlis Perbandaran Klang, Klang, Selangor, 41200, Malaysia"
2818,23/01/2016,10:35:35,malay,female,moderate,27.0,yes,toddler ,24.0,4.0,11.0,3.02115997,101.5544326,"Ritamix sb, 1, Jalan Sapir 33/7, Seksyen 33, Shah Alam, Klang, Selangor, 40350, Malaysia"
2819,07/01/2016,2:49:57,indian,female,thin,44.0,yes,toddler,23.0,0.0,8.0,2.983988567,101.5111364,"Jalan Sungai Kayu Ara 32/38, Seksyen 32, Shah Alam, Klang, Selangor, 40460, Malaysia"
2820,08/12/2015,6:31:30,malay,female,thin,48.0,yes,toddler,28.0,4.0,7.0,3.029759297,101.3907788,"Pelabuhan Klang, Majlis Perbandaran Klang, Klang, Selangor, 41250, Malaysia"
2821,19/02/2016,7:42:10,malay,female,thin,55.0,no,no_kids,26.0,2.0,20.0,3.024743475,101.4020852,"Pelabuhan Klang, Majlis Perbandaran Klang, Klang, Selangor, 41250, Malaysia"
2822,14/02/2016,16:37:43,malay,female,fat,48.0,no,toddler ,47.0,1.0,9.0,2.988133144,101.5016575,"Jalan Kebun, Taman Camellia, Majlis Perbandaran Klang, Klang, Selangor, 40470, Malaysia"
2823,12/12/2015,3:33:09,foreigner,female,thin,35.0,yes,no_kids,28.0,5.0,15.0,2.986699089,101.3813169,"Lebuhraya Pulau Indah, Pelabuhan Klang, Majlis Perbandaran Klang, Klang, Selangor, 42009, Malaysia"
2824,03/12/2015,18:28:26,chinese,male,moderate,28.0,no,no_kids,12.0,4.0,10.0,3.032100906,101.402572,"Majlis Perbandaran Klang, Klang, Selangor, 41250, Malaysia"
2825,24/01/2016,1:06:58,chinese,female,thin,24.0,yes,baby,15.0,2.0,8.0,3.034379892,101.4447715,"Teluk Pulai, Majlis Perbandaran Klang, Klang, Selangor, 41400, Malaysia"
2826,06/12/2015,18:07:15,foreigner,female,fat,34.0,yes,baby,59.0,1.0,14.0,2.995477703,101.4938176,"Jalan Kebun Nenas 1G/KS 7, Taman Camellia, Majlis Perbandaran Klang, Klang, Selangor, 40470, Malaysia"
2827,18/12/2015,3:11:01,indian,female,fat,45.0,yes,young,30.0,1.0,18.0,3.057413972,101.4947084,"Persiaran Selangor, Seksyen 16, Shah Alam, Petaling, Selangor, 40450, Malaysia"
2828,17/02/2016,9:54:42,chinese,male,thin,29.0,yes,toddler,26.0,3.0,15.0,3.081727999,101.3803868,"Jalan Sementa, Sementa, Majlis Perbandaran Klang, Klang, Selangor, 42200, Malaysia"
2829,06/12/2015,15:18:11,chinese,male,fat,43.0,no,no_kids,11.0,2.0,14.0,2.987044207,101.4729316,"Jalan Sanggul 5, Bandar Puteri Klang, Majlis Perbandaran Klang, Klang, Selangor, 41200, Malaysia"
2830,17/02/2016,19:47:13,malay,male,moderate,19.0,no,young,17.0,1.0,10.0,3.036629951,101.5566968,"Persiaran Kuala Selangor, Seksyen 26, Shah Alam, Petaling, Selangor, 40400, Malaysia"
2831,20/02/2016,14:30:23,foreigner,female,thin,22.0,yes,baby,25.0,0.0,9.0,3.02435691,101.4489059,"Majlis Perbandaran Klang, Klang, Selangor, 41200, Malaysia"
2832,31/12/2015,14:48:27,foreigner,female,thin,22.0,yes,no_kids,52.0,3.0,14.0,3.078455665,101.4908399,"Jalan Platinum 7/60, Seksyen 7, Shah Alam, Petaling, Selangor, 40450, Malaysia"
2833,04/12/2015,11:06:44,foreigner,female,thin,18.0,no,toddler ,34.0,4.0,11.0,2.991947576,101.3895062,"Pelabuhan Klang, Majlis Perbandaran Klang, Klang, Selangor, Malaysia"
2834,01/12/2015,17:08:14,indian,male,moderate,27.0,no,toddler ,40.0,5.0,19.0,3.043705118,101.4502802,"Kampung Atap, Majlis Perbandaran Klang, Klang, Selangor, 41400, Malaysia"
2835,14/01/2016,3:05:42,chinese,female,thin,49.0,yes,young,55.0,2.0,20.0,3.067110848,101.4917306,"pos polis bantuan, Persiaran Kayangan, Seksyen 7, Shah Alam, Petaling, Selangor, 40450, Malaysia"
2836,14/01/2016,8:58:41,foreigner,male,moderate,24.0,no,toddler ,30.0,3.0,12.0,2.983941031,101.3821975,"Pelabuhan Klang, Majlis Perbandaran Klang, Klang, Selangor, 42009, Malaysia"
2837,31/01/2016,13:08:04,indian,male,thin,54.0,no,young,49.0,3.0,20.0,3.078909132,101.4086689,"Cempakasari 1, Taman Cempaka Sari 1, Taman Klang Utama, Majlis Perbandaran Klang, Klang, Selangor, 42100, Malaysia"
2838,01/12/2015,20:58:06,malay,female,moderate,37.0,no,toddler,53.0,4.0,14.0,3.048348681,101.5477234,"Persiaran Tengku Ampuan, Shah Alam, Petaling, Selangor, 40300, Malaysia"
2839,18/12/2015,1:19:10,foreigner,female,thin,42.0,no,toddler,26.0,4.0,15.0,3.09326533,101.5304751,"Lebuhraya Baru Lembah Klang, Menara Bukit Jelutong, Shah Alam, Petaling, Selangor, 40100, Malaysia"
2840,30/12/2015,9:15:44,foreigner,male,thin,27.0,no,no_kids,41.0,1.0,12.0,3.084476464,101.5413724,"Persiaran Sukan, Seksyen 13, Shah Alam, Petaling, Selangor, 40100, Malaysia"
2841,01/03/2016,15:00:13,indian,female,fat,51.0,yes,toddler ,20.0,5.0,14.0,2.992567645,101.5328031,"Jalan Anggerik Eria 31/109A, Anggerik Eria, Seksyen 31, Kota Kemuning, Shah Alam, Klang, Selangor, 40460, Malaysia"
2842,04/01/2016,15:51:39,malay,female,moderate,45.0,yes,young,56.0,0.0,9.0,3.030941038,101.3868191,"Jalan Sultanah, Bandar Sultan Suleiman, Majlis Perbandaran Klang, Klang, Selangor, 41250, Malaysia"
2843,29/01/2016,15:05:30,indian,female,moderate,41.0,yes,baby,55.0,0.0,16.0,3.044227731,101.4000879,"Majlis Perbandaran Klang, Klang, Selangor, 41250, Malaysia"
2844,22/12/2015,8:15:59,indian,female,thin,26.0,yes,young,18.0,5.0,17.0,2.992857124,101.4629697,"Lorong Kerongsang 9C, Bandar Puteri Klang, Majlis Perbandaran Klang, Klang, Selangor, 41200, Malaysia"
2845,02/02/2016,11:22:59,chinese,female,thin,43.0,yes,toddler,51.0,0.0,14.0,3.01951837,101.5371177,"Jalan Kemuning Prima D33/D, Seksyen 33, Taman Sri Muda, Shah Alam, Klang, Selangor, 40350, Malaysia"
2846,18/12/2015,19:34:01,foreigner,female,fat,33.0,no,baby,28.0,5.0,14.0,3.019611353,101.5265904,"Jalan Padu 25/127, Seksyen 25, Taman Sri Muda, Shah Alam, Klang, Selangor, 40470, Malaysia"
2847,08/01/2016,21:24:05,indian,female,moderate,37.0,no,no_kids,35.0,3.0,8.0,2.984459727,101.5492847,"Seksyen 31, Shah Alam, Klang, Selangor, 40460, Malaysia"
2848,18/02/2016,13:58:08,chinese,female,moderate,21.0,yes,toddler ,14.0,5.0,12.0,2.990052973,101.4262853,"Persiaran Botanik, Kiara Residency, Bandar Botanic, Kampung Idaman, Majlis Perbandaran Klang, Klang, Selangor, 41200, Malaysia"
2849,02/12/2015,4:05:15,indian,male,fat,53.0,yes,toddler ,28.0,0.0,8.0,2.986721942,101.5511031,"Seksyen 31, Shah Alam, Klang, Selangor, 40460, Malaysia"
2850,16/12/2015,1:04:49,foreigner,male,thin,34.0,no,young,31.0,0.0,10.0,2.989753849,101.4417192,"Jalan Rhu 1/KS 6, Kiara Residency, Bandar Botanic, Majlis Perbandaran Klang, Klang, Selangor, 41200, Malaysia"
2851,25/02/2016,0:57:34,indian,female,thin,30.0,no,toddler ,18.0,0.0,13.0,3.059011253,101.4368827,"Majlis Perbandaran Klang, Klang, Selangor, 41400, Malaysia"
2852,18/12/2015,19:53:57,chinese,female,thin,50.0,yes,baby,54.0,1.0,15.0,2.984753377,101.4222869,"Jalan Pendamar Indah 9, Presint Jejawi, Pelabuhan Klang, Majlis Perbandaran Klang, Klang, Selangor, 42000, Malaysia"
2853,23/01/2016,19:14:53,chinese,female,fat,24.0,no,baby,13.0,1.0,11.0,3.064764535,101.4469658,"Majlis Perbandaran Klang, Klang, Selangor, 41400, Malaysia"
2854,23/12/2015,13:04:18,indian,female,thin,28.0,no,toddler ,16.0,5.0,8.0,3.076710976,101.5116087,"Seksyen 4, Shah Alam, Petaling, Selangor, 40604, Malaysia"
2855,16/02/2016,4:40:49,foreigner,male,thin,29.0,yes,baby,38.0,3.0,17.0,3.050203116,101.3961042,"Majlis Perbandaran Klang, Klang, Selangor, 41250, Malaysia"
2856,17/01/2016,5:20:25,indian,female,thin,46.0,no,young,24.0,1.0,12.0,3.095006822,101.4724849,"Jalan U13/55A, Dremien, Shah Alam, Petaling, Selangor, 40170, Malaysia"
2857,05/02/2016,2:02:51,malay,female,moderate,42.0,yes,toddler ,59.0,0.0,11.0,3.013342255,101.4870841,"Jalan Kebun, Majlis Perbandaran Klang, Klang, Selangor, 40470, Malaysia"
2858,12/12/2015,2:32:26,malay,female,fat,20.0,no,young,52.0,5.0,16.0,3.063869302,101.4629564,"Bandar Baru Klang, Majlis Perbandaran Klang, Klang, Selangor, 41150, Malaysia"
2859,10/12/2015,12:43:43,foreigner,female,moderate,43.0,no,no_kids,36.0,4.0,12.0,3.056521185,101.3985352,"Majlis Perbandaran Klang, Klang, Selangor, 42100, Malaysia"
2860,10/01/2016,0:48:02,foreigner,female,moderate,58.0,no,baby,60.0,3.0,15.0,3.082795508,101.5011686,"Seksyen 7, Shah Alam, Petaling, Selangor, 40604, Malaysia"
2861,24/01/2016,16:36:29,malay,male,fat,27.0,yes,young,30.0,1.0,15.0,3.071359779,101.3995558,"Majlis Perbandaran Klang, Klang, Selangor, 42100, Malaysia"
2862,21/01/2016,4:30:37,indian,male,moderate,22.0,no,young,35.0,2.0,16.0,3.0426587,101.5032958,"SK Seksyen 17, Jalan Pari 17/16, Seksyen 17, Shah Alam, Petaling, Selangor, 40200, Malaysia"
2863,17/01/2016,21:52:45,malay,male,fat,57.0,yes,baby,15.0,4.0,13.0,3.042995867,101.3969525,"Jalan Haji Tarmidi, Majlis Perbandaran Klang, Klang, Selangor, 41250, Malaysia"
2864,05/12/2015,1:49:16,indian,female,moderate,49.0,no,baby,48.0,4.0,8.0,2.990769149,101.4895718,"Jalan Kebun Nenas, Taman Camellia, Majlis Perbandaran Klang, Klang, Selangor, 41200, Malaysia"
2865,11/12/2015,4:02:31,malay,female,thin,51.0,yes,toddler,51.0,1.0,19.0,3.07406424,101.5577832,"Batu Tiga, Subang Jaya, Petaling, Selangor, 40675, Malaysia"
2866,07/12/2015,6:10:53,indian,male,fat,33.0,yes,baby,55.0,1.0,20.0,3.048192773,101.4203021,"Teluk Pulai, Majlis Perbandaran Klang, Klang, Selangor, 41250, Malaysia"
2867,14/01/2016,13:50:19,malay,male,moderate,19.0,yes,baby,43.0,2.0,8.0,3.029735499,101.3982842,"Majlis Perbandaran Klang, Klang, Selangor, 41250, Malaysia"
2868,11/02/2016,9:00:23,indian,female,moderate,58.0,no,young,44.0,0.0,11.0,3.030730438,101.5297429,"Jalan Yakin 25/11, Seksyen 25, Taman Sri Muda, Shah Alam, Klang, Selangor, 40420, Malaysia"
2869,09/12/2015,12:28:41,chinese,male,thin,32.0,yes,toddler,59.0,3.0,9.0,3.028052377,101.3884442,"Pelabuhan Klang, Majlis Perbandaran Klang, Klang, Selangor, Malaysia"
2870,11/02/2016,22:13:18,malay,male,fat,32.0,yes,young,60.0,3.0,8.0,3.002677071,101.4991887,"Jalan Bukit Kemuning, Taman Jati Indah, Shah Alam, Klang, Selangor, 40470, Malaysia"
2871,19/12/2015,15:25:41,foreigner,male,fat,31.0,yes,toddler,23.0,0.0,8.0,3.062109534,101.4146648,"Budaya Lorong, Kampung Rantau Panjang, Majlis Perbandaran Klang, Klang, Selangor, 42100, Malaysia"
2872,03/12/2015,20:32:26,chinese,male,thin,59.0,no,baby,33.0,2.0,11.0,3.075563337,101.4295062,"Taman Klang Utama, Majlis Perbandaran Klang, Klang, Selangor, 42100, Malaysia"
2873,08/02/2016,18:15:33,foreigner,female,moderate,54.0,yes,baby,12.0,3.0,19.0,3.046778307,101.4343181,"Cermai, Kampung Atap, Majlis Perbandaran Klang, Klang, Selangor, 41400, Malaysia"
2874,30/12/2015,12:27:42,malay,female,moderate,34.0,yes,toddler,22.0,2.0,15.0,3.062323533,101.4464992,"Majlis Perbandaran Klang, Klang, Selangor, 41400, Malaysia"
2875,28/12/2015,14:02:03,foreigner,male,moderate,26.0,no,young,39.0,1.0,11.0,3.070094903,101.4658098,"Alcom Malaysia, Jalan Keluli 2, Majlis Perbandaran Klang, Klang, Selangor, 41150, Malaysia"
2876,18/12/2015,14:19:53,indian,male,thin,57.0,yes,toddler,56.0,0.0,21.0,3.056344606,101.5451349,"Panasonic TV, Persiaran Jubli Perak, Shah Alam, Petaling, Selangor, 40300, Malaysia"
2877,28/01/2016,15:30:19,indian,male,thin,53.0,no,baby,55.0,0.0,20.0,3.033159954,101.4778564,"Jalan Benteng, Seksyen 36, Kampung Bukit Badak, Shah Alam, Klang, Selangor, 41000, Malaysia"
2878,12/12/2015,1:25:36,indian,male,moderate,44.0,no,no_kids,57.0,0.0,11.0,3.00530257,101.5034459,"Jalan Omboh 34/1, Seksyen 34, Alam Impian, Shah Alam, Klang, Selangor, 40470, Malaysia"
2879,19/01/2016,20:53:03,foreigner,female,moderate,47.0,yes,young,31.0,0.0,16.0,3.007971434,101.5028233,"Seksyen 34, Alam Impian, Shah Alam, Klang, Selangor, 40470, Malaysia"
2880,11/02/2016,22:28:31,foreigner,female,moderate,57.0,no,baby,19.0,5.0,17.0,3.088352558,101.5478676,"Sri Acappella, Jalan Lompat Galah 13/36, Seksyen 13, Shah Alam, Petaling, Selangor, 40100, Malaysia"
2881,27/02/2016,18:47:52,foreigner,female,moderate,55.0,no,toddler ,35.0,2.0,10.0,3.074622789,101.4757953,"Lebuhraya Baru Lembah Klang, Shah Alam, Petaling, Selangor, 40604, Malaysia"
2882,04/12/2015,3:59:55,chinese,male,fat,26.0,no,toddler,53.0,3.0,18.0,3.078626746,101.46121,"Persiaran Astana / KU 2, Bandar Bukit Raja, Majlis Perbandaran Klang, Klang, Selangor, 41150, Malaysia"
2883,12/12/2015,22:56:16,malay,male,thin,56.0,no,toddler ,30.0,2.0,9.0,3.02654969,101.5050414,"Seksyen 35, Alam Impian, Shah Alam, Klang, Selangor, 40470, Malaysia"
2884,27/01/2016,23:19:38,foreigner,male,moderate,26.0,no,no_kids,38.0,2.0,16.0,3.007362378,101.3924848,"Jalan Pelabuhan Utara-Barat, Pendamar Villa, Pelabuhan Klang, Majlis Perbandaran Klang, Klang, Selangor, 42009, Malaysia"
2885,20/01/2016,10:43:14,indian,male,thin,25.0,yes,toddler,53.0,1.0,21.0,3.025317506,101.4402196,"Lebuh Bagor, Majlis Perbandaran Klang, Klang, Selangor, 41200, Malaysia"
2886,16/12/2015,15:03:31,chinese,male,moderate,43.0,no,no_kids,56.0,0.0,18.0,2.997542086,101.5323227,"Jalan Anggerik Eria 31/104A, Anggerik Eria, Seksyen 31, Kota Kemuning, Shah Alam, Klang, Selangor, 40460, Malaysia"
2887,27/01/2016,7:17:52,malay,male,moderate,46.0,yes,no_kids,37.0,1.0,8.0,3.059498589,101.383795,"Majlis Perbandaran Klang, Klang, Selangor, 42100, Malaysia"
2888,04/12/2015,3:04:55,chinese,female,fat,45.0,no,no_kids,38.0,0.0,21.0,3.045018384,101.4067366,"Majlis Perbandaran Klang, Klang, Selangor, 41250, Malaysia"
2889,30/01/2016,11:01:00,indian,male,fat,51.0,no,toddler,38.0,0.0,12.0,3.041744265,101.5173924,"Seksyen 24, Shah Alam, Petaling, Selangor, 40420, Malaysia"
2890,09/01/2016,19:39:28,indian,female,moderate,41.0,yes,toddler,22.0,2.0,17.0,3.030637999,101.4861396,"Jalan Sungai Kandis, Seksyen 36, Shah Alam, Klang, Selangor, 40470, Malaysia"
2891,24/02/2016,23:47:29,indian,male,fat,36.0,yes,toddler ,39.0,3.0,11.0,3.045728814,101.4826881,"Padang Jawa, Seksyen 16, Shah Alam, Klang, Selangor, 40200, Malaysia"
2892,30/12/2015,17:48:55,chinese,female,thin,39.0,no,baby,52.0,4.0,20.0,3.03799909,101.4091074,"Majlis Perbandaran Klang, Klang, Selangor, 41250, Malaysia"
2893,23/01/2016,2:37:31,chinese,female,moderate,51.0,yes,toddler,29.0,4.0,9.0,3.011241865,101.5393994,"Jalan Kemuning Bayu 33/30, Seksyen 33, Shah Alam, Klang, Selangor, 40350, Malaysia"
2894,06/02/2016,23:29:56,foreigner,female,thin,35.0,no,toddler ,23.0,2.0,10.0,3.067424821,101.5553166,"Lebuhraya Utara–Selatan Hubungan Tengah, Seksyen 22, Shah Alam, Petaling, Selangor, 40675, Malaysia"
2895,26/01/2016,15:55:29,indian,female,moderate,57.0,no,young,26.0,0.0,18.0,2.990030465,101.4359071,"Jalan Jenaris 3, Jenaris, Bandar Botanic, Kampung Idaman, Majlis Perbandaran Klang, Klang, Selangor, 41200, Malaysia"
2896,14/02/2016,0:45:51,malay,male,fat,47.0,no,baby,39.0,5.0,7.0,3.092437286,101.4579158,"Bandar Bukit Raja, Shah Alam, Petaling, Selangor, 41050, Malaysia"
2897,18/02/2016,4:08:15,chinese,male,fat,32.0,yes,toddler,17.0,0.0,19.0,3.052279278,101.4812787,"Padang Jawa, Sungai Rasah Dalam @ Kulon, Shah Alam, Klang, Selangor, 40200, Malaysia"
2898,15/01/2016,19:05:20,indian,male,thin,43.0,yes,no_kids,29.0,4.0,14.0,2.999823528,101.5101973,"Seksyen 32, Shah Alam, Klang, Selangor, 40470, Malaysia"
2899,29/02/2016,0:58:27,foreigner,female,moderate,48.0,no,young,33.0,3.0,13.0,2.990503663,101.4755835,"Jalan Kebun Nenas, Taman Camellia, Majlis Perbandaran Klang, Klang, Selangor, 41200, Malaysia"
2900,18/02/2016,21:13:04,malay,female,moderate,56.0,yes,toddler,57.0,5.0,10.0,3.046430133,101.415347,"Lorong Hajjah Rogayah, Majlis Perbandaran Klang, Klang, Selangor, 41250, Malaysia"
2901,12/12/2015,13:37:52,foreigner,female,moderate,24.0,no,young,15.0,4.0,19.0,3.068807099,101.5397807,"Lorong Motosikal Lebuhraya Persekutuan, D'Kayangan, Shah Alam, Petaling, Selangor, 40675, Malaysia"
2902,06/12/2015,18:11:03,chinese,male,thin,22.0,yes,young,31.0,4.0,9.0,3.094675171,101.3839788,"Pejabat Cabang Kapar PKR, Jalan Kapar, Taman Seri Residensi, Majlis Perbandaran Klang, Klang, Selangor, 42200, Malaysia"
2903,31/12/2015,19:47:12,indian,male,moderate,22.0,yes,young,35.0,4.0,9.0,3.018947698,101.5449146,"Seksyen 33, Taman Sri Muda, Shah Alam, Klang, Selangor, 40350, Malaysia"
2904,28/01/2016,14:24:27,foreigner,female,thin,26.0,no,no_kids,14.0,0.0,20.0,2.98962038,101.4279237,"Persiaran Botanik, Kiara Residency, Bandar Botanic, Kampung Idaman, Majlis Perbandaran Klang, Klang, Selangor, 41200, Malaysia"
2905,07/02/2016,19:08:31,malay,male,fat,59.0,yes,young,33.0,3.0,15.0,3.044252333,101.5118268,"Jalan 24/34, Seksyen 24, Shah Alam, Petaling, Selangor, 40200, Malaysia"
2906,29/01/2016,12:59:15,chinese,male,thin,22.0,no,young,55.0,5.0,21.0,3.00970797,101.4329988,"Giant Hypermarket, Bandar Bukit Tinggi, Majlis Perbandaran Klang, Klang, Selangor, 41200, Malaysia"
2907,02/01/2016,15:10:25,foreigner,male,fat,58.0,no,toddler,47.0,1.0,12.0,3.005915845,101.4585759,"Taman Saujana 3, Majlis Perbandaran Klang, Klang, Selangor, 41200, Malaysia"
2908,07/01/2016,23:56:31,foreigner,female,fat,44.0,no,toddler ,51.0,2.0,7.0,3.040966551,101.5403273,"Panasonic Malaysia, Jalan S U 8A, Seksyen 22, Taman Sri Muda, Shah Alam, Petaling, Selangor, 40300, Malaysia"
2909,13/01/2016,9:10:00,foreigner,male,moderate,23.0,no,young,58.0,0.0,14.0,3.071107192,101.507373,"kolej meranti block A, Persiaran Masjid, Shah Alam, Petaling, Selangor, 40604, Malaysia"
2910,30/01/2016,15:28:58,chinese,male,thin,40.0,no,young,39.0,3.0,8.0,3.048696491,101.4380591,"Kampung Atap, Majlis Perbandaran Klang, Klang, Selangor, 41400, Malaysia"
2911,15/01/2016,9:07:08,malay,male,thin,54.0,yes,toddler ,26.0,0.0,14.0,2.991834645,101.4255549,"Jalan Pandamaran Jaya, Presint Angsana, Kampung Idaman, Majlis Perbandaran Klang, Klang, Selangor, 42000, Malaysia"
2912,30/12/2015,16:33:27,indian,female,fat,43.0,no,baby,11.0,3.0,12.0,3.005932683,101.4200153,"Jalan Young, Kampung Baru Pandamaran, Pelabuhan Klang, Majlis Perbandaran Klang, Klang, Selangor, 42000, Malaysia"
2913,28/12/2015,8:59:36,chinese,male,fat,49.0,yes,toddler ,54.0,0.0,7.0,3.009562981,101.456333,"Haji Abdul Karim 25/KS 2, Taman Saujana 3, Majlis Perbandaran Klang, Klang, Selangor, 41200, Malaysia"
2914,28/12/2015,12:05:01,chinese,male,fat,42.0,yes,toddler ,34.0,1.0,10.0,3.026979291,101.4395765,"Majlis Perbandaran Klang, Klang, Selangor, 41200, Malaysia"
2915,30/12/2015,19:40:08,chinese,female,thin,39.0,yes,toddler ,18.0,5.0,10.0,3.083606929,101.4155063,"Taman Klang Utama, Majlis Perbandaran Klang, Klang, Selangor, 42100, Malaysia"
2916,11/02/2016,2:18:43,foreigner,male,moderate,19.0,yes,young,30.0,3.0,8.0,3.002421636,101.3927936,"Ibu Pejabat Jabatan Laut, Jalan Limbungan, Pelabuhan Klang, Majlis Perbandaran Klang, Klang, Selangor, 42009, Malaysia"
2917,14/02/2016,2:56:32,indian,male,thin,51.0,yes,young,28.0,4.0,21.0,3.088542257,101.4140025,"Jalan Sungai Batu 20/KU6, Taman Klang Utama, Majlis Perbandaran Klang, Klang, Selangor, 42100, Malaysia"
2918,17/02/2016,13:16:56,indian,female,fat,20.0,no,young,20.0,5.0,18.0,3.048651036,101.4461484,"Masjid Diraja Klang Utara, Jalan Pasar, Kampung Atap, Majlis Perbandaran Klang, Klang, Selangor, 41400, Malaysia"
2919,08/01/2016,2:03:57,malay,female,thin,22.0,yes,baby,38.0,1.0,9.0,3.0467313,101.49433,"Padang Jawa, Seksyen 16, Shah Alam, Petaling, Selangor, 40200, Malaysia"
2920,12/12/2015,23:26:55,malay,female,thin,60.0,yes,no_kids,14.0,1.0,13.0,3.078950149,101.4700817,"Jalan Utama, Toyota, Majlis Perbandaran Klang, Klang, Selangor, 41150, Malaysia"
2921,13/02/2016,15:50:28,chinese,female,fat,36.0,yes,no_kids,43.0,2.0,18.0,3.020929384,101.4116249,"Kampung Raja Uda, Pandamaran, Pelabuhan Klang, Majlis Perbandaran Klang, Klang, Selangor, 41250, Malaysia"
2922,28/02/2016,13:28:31,indian,female,moderate,46.0,no,no_kids,44.0,4.0,8.0,3.05255981,101.4028299,"Majlis Perbandaran Klang, Klang, Selangor, 42100, Malaysia"
2923,02/01/2016,5:56:06,malay,male,fat,19.0,no,toddler ,50.0,3.0,17.0,3.080729808,101.3841531,"Sementa, Majlis Perbandaran Klang, Klang, Selangor, 42100, Malaysia"
2924,20/01/2016,15:37:39,foreigner,female,moderate,59.0,no,young,39.0,5.0,12.0,3.079541042,101.418465,"Taman Klang Utama, Majlis Perbandaran Klang, Klang, Selangor, 42100, Malaysia"
2925,10/01/2016,15:10:35,chinese,male,moderate,37.0,no,toddler ,43.0,5.0,9.0,3.039101125,101.5100927,"Jalan Panglima Awang 35/104, Seksyen 35, Shah Alam, Klang, Selangor, 40470, Malaysia"
2926,09/02/2016,12:08:31,malay,female,thin,51.0,yes,toddler,49.0,1.0,10.0,3.072624637,101.4511776,"Rahimkon - LRT3 GS06, Jalan Dataran Marvelene, Majlis Perbandaran Klang, Klang, Selangor, 41150, Malaysia"
2927,31/12/2015,13:48:40,indian,female,thin,28.0,no,toddler,31.0,5.0,12.0,3.040413165,101.3844727,"Lebuhraya Baru Selat Klang Utara, Bandar Sultan Suleiman, Majlis Perbandaran Klang, Klang, Selangor, 41250, Malaysia"
2928,23/12/2015,14:08:59,indian,male,moderate,32.0,yes,young,25.0,5.0,11.0,3.022828428,101.4260515,"Majlis Perbandaran Klang, Klang, Selangor, 41250, Malaysia"
2929,14/02/2016,12:26:52,foreigner,male,thin,35.0,no,no_kids,29.0,0.0,21.0,3.028037597,101.4330973,"Taman Gembira, Teluk Pulai, Majlis Perbandaran Klang, Klang, Selangor, 41250, Malaysia"
2930,05/01/2016,15:12:29,chinese,female,thin,57.0,yes,toddler,18.0,5.0,9.0,3.001978833,101.5479445,"Jalan Anggerik Aranda 31/3, Anggerik Aranda, Seksyen 31, Kota Kemuning, Shah Alam, Klang, Selangor, 40350, Malaysia"
2931,23/02/2016,23:18:13,indian,male,thin,47.0,no,no_kids,20.0,2.0,18.0,3.032473671,101.4934763,"Seksyen 36, Shah Alam, Klang, Selangor, 40470, Malaysia"
2932,07/02/2016,7:30:47,foreigner,female,fat,54.0,no,toddler ,19.0,2.0,20.0,3.088757329,101.4817684,"Seksyen U12, Shah Alam, Petaling, Selangor, 40450, Malaysia"
2933,02/02/2016,23:32:43,foreigner,male,moderate,21.0,yes,toddler,57.0,0.0,20.0,2.998274655,101.520498,"Seksyen 32, Shah Alam, Klang, Selangor, 40460, Malaysia"
2934,05/12/2015,23:09:48,malay,male,thin,21.0,yes,baby,46.0,1.0,9.0,3.071549523,101.4516847,"Jalan Dataran Marvelane, Majlis Perbandaran Klang, Klang, Selangor, 41150, Malaysia"
2935,19/01/2016,15:00:23,chinese,male,fat,19.0,yes,baby,20.0,1.0,7.0,3.044931729,101.4553185,"Majlis Perbandaran Klang, Klang, Selangor, 41000, Malaysia"
2936,30/12/2015,9:59:19,chinese,female,fat,32.0,no,young,52.0,2.0,18.0,3.009276696,101.5158994,"Jalan Bukit Kemuning, Taman Jati Indah, Seksyen 32, Alam Impian, Shah Alam, Klang, Selangor, 40470, Malaysia"
2937,02/02/2016,4:26:39,malay,female,fat,32.0,yes,baby,57.0,4.0,7.0,3.068129499,101.4951346,"Universiti Teknologi MARA Shah Alam, Jalan Ketiau 3/10, Seksyen 3, Shah Alam, Petaling, Selangor, 40450, Malaysia"
2938,31/01/2016,13:23:48,foreigner,female,moderate,44.0,no,toddler ,14.0,4.0,16.0,3.03545615,101.4624728,"Bukit Jati 6A, Majlis Perbandaran Klang, Klang, Selangor, 41000, Malaysia"
2939,01/03/2016,0:22:45,foreigner,female,moderate,29.0,yes,toddler,48.0,1.0,10.0,3.017671393,101.4267945,"Taman Bayu Perdana, Pandamaran, Majlis Perbandaran Klang, Klang, Selangor, 42000, Malaysia"
2940,22/02/2016,14:42:49,chinese,female,moderate,26.0,yes,no_kids,41.0,5.0,13.0,3.079956431,101.5331851,"Jalan Opu Daeng Merewah, Seksyen 9, Shah Alam, Petaling, Selangor, 40100, Malaysia"
2941,29/02/2016,8:44:32,indian,male,moderate,18.0,yes,baby,16.0,0.0,9.0,2.985642424,101.5081367,"Jalan Sungai Kayu Ara 32/37, Seksyen 32, Shah Alam, Klang, Selangor, 40460, Malaysia"
2942,27/12/2015,23:34:19,indian,male,thin,54.0,no,baby,40.0,4.0,10.0,3.02123275,101.5439332,"Masjid An-Nur Muhammadiah, Jalan Tamborin 33/23, Seksyen 33, Taman Sri Muda, Shah Alam, Klang, Selangor, 40350, Malaysia"
2943,12/02/2016,16:06:23,chinese,female,fat,57.0,no,young,57.0,2.0,13.0,3.011299099,101.4392819,"Jalan Bayu Tinggi 2C, Bandar Bukit Tinggi 1, Bandar Bukit Tinggi, Majlis Perbandaran Klang, Klang, Selangor, 41200, Malaysia"
2944,20/01/2016,19:18:47,indian,female,moderate,59.0,no,baby,57.0,1.0,19.0,3.068457717,101.3924525,"Majlis Perbandaran Klang, Klang, Selangor, 42100, Malaysia"
2945,18/12/2015,13:20:55,indian,female,thin,29.0,no,no_kids,21.0,4.0,13.0,3.064011767,101.500085,"Universiti Teknologi MARA Shah Alam, Jalan Ketiau 3/10, Seksyen 3, Shah Alam, Petaling, Selangor, 40450, Malaysia"
2946,10/02/2016,22:46:01,malay,female,moderate,42.0,yes,toddler ,25.0,1.0,10.0,3.018302448,101.5069114,"Jalan Tun Mamat 35/92, Seksyen 35, Alam Impian, Shah Alam, Klang, Selangor, 40470, Malaysia"
2947,26/01/2016,19:41:32,malay,female,moderate,27.0,no,toddler ,47.0,2.0,8.0,3.086060546,101.5232507,"SMK Seksyen 9, Jalan Tengku Ampuan Rahimah 9/20, Seksyen 9, Shah Alam, Petaling, Selangor, 40100, Malaysia"
2948,05/01/2016,3:35:47,indian,female,thin,40.0,no,toddler,49.0,2.0,15.0,3.042493481,101.402909,"Majlis Perbandaran Klang, Klang, Selangor, 41250, Malaysia"
2949,12/02/2016,8:51:40,chinese,female,moderate,21.0,no,toddler ,54.0,5.0,10.0,3.084862938,101.4669374,"Seksyen U12, Majlis Perbandaran Klang, Klang, Selangor, 41150, Malaysia"
2950,17/01/2016,12:05:56,malay,female,moderate,24.0,yes,toddler ,42.0,0.0,20.0,3.030052392,101.4773381,"Majlis Perbandaran Klang, Klang, Selangor, 41000, Malaysia"
2951,18/01/2016,5:25:28,chinese,male,moderate,56.0,no,young,31.0,2.0,11.0,3.008066489,101.4394231,"FamilyMart, Lorong Batu Nilam 4A, Bandar Bukit Tinggi 1, Bandar Bukit Tinggi, Majlis Perbandaran Klang, Klang, Selangor, 41200, Malaysia"
2952,10/02/2016,15:34:15,indian,female,fat,33.0,yes,baby,44.0,5.0,9.0,3.067119244,101.4801556,"Seksyen 7, Shah Alam, Petaling, Selangor, 40450, Malaysia"
2953,06/02/2016,23:05:31,foreigner,female,fat,46.0,yes,toddler ,30.0,3.0,19.0,3.070148296,101.5157279,"Al-Shofwa, Persiaran Dato Menteri, Shah Alam, Petaling, Selangor, 40000, Malaysia"
2954,10/02/2016,7:09:53,indian,male,thin,51.0,no,toddler,54.0,3.0,11.0,3.069164066,101.4050135,"Kedai Runcit Awaina ENT., Jalan Genting, Majlis Perbandaran Klang, Klang, Selangor, 42100, Malaysia"
2955,01/02/2016,10:32:25,indian,male,thin,45.0,no,baby,14.0,5.0,8.0,3.057468194,101.465228,"Taman Eng Ann, Majlis Perbandaran Klang, Klang, Selangor, 41300, Malaysia"
2956,11/02/2016,0:47:23,indian,male,fat,18.0,no,baby,36.0,5.0,19.0,2.990931134,101.5288265,"Jalan Sungai Beranang 32/52, Seksyen 32, Shah Alam, Klang, Selangor, 40460, Malaysia"
2957,07/01/2016,10:42:00,malay,female,thin,43.0,no,toddler,36.0,1.0,11.0,3.008764267,101.3814919,"Lingkaran Sultan Hishamuddin, Pelabuhan Klang, Majlis Perbandaran Klang, Klang, Selangor, 42009, Malaysia"
2958,06/12/2015,10:55:46,foreigner,female,moderate,26.0,no,no_kids,14.0,5.0,17.0,3.056702872,101.4100166,"Kampung Rantau Panjang, Majlis Perbandaran Klang, Klang, Selangor, 42100, Malaysia"
2959,25/01/2016,5:23:36,foreigner,male,fat,60.0,yes,toddler,59.0,5.0,18.0,2.990887658,101.5465181,"99 Speedmart, Jalan Anggerik Aranda C31/C, Anggerik Aranda, Seksyen 31, Kota Kemuning, Shah Alam, Klang, Selangor, 40460, Malaysia"
2960,16/01/2016,5:05:13,malay,male,moderate,58.0,yes,no_kids,60.0,3.0,18.0,3.000704774,101.4723732,"Majlis Perbandaran Klang, Klang, Selangor, 41200, Malaysia"
2961,08/01/2016,16:29:00,malay,male,thin,35.0,yes,no_kids,39.0,0.0,10.0,3.025461492,101.387191,"Bandar Sultan Suleiman, Pelabuhan Klang, Majlis Perbandaran Klang, Klang, Selangor, 41250, Malaysia"
2962,19/01/2016,9:18:55,chinese,male,moderate,38.0,no,young,17.0,5.0,21.0,3.019471394,101.4419822,"Taman Sri Andalas, Majlis Perbandaran Klang, Klang, Selangor, 41200, Malaysia"
2963,09/12/2015,2:15:26,indian,female,moderate,43.0,yes,toddler ,39.0,3.0,21.0,3.039732412,101.5058299,"Jalan Panglima Awang 35/103B, Seksyen 35, Shah Alam, Klang, Selangor, 40470, Malaysia"
2964,04/02/2016,10:16:28,chinese,male,moderate,31.0,no,no_kids,42.0,2.0,12.0,3.09704086,101.4721083,"Jalan U13/52C, Aeres, Shah Alam, Petaling, Selangor, 40170, Malaysia"
2965,05/02/2016,4:00:37,chinese,male,thin,34.0,no,baby,45.0,4.0,14.0,3.090566614,101.4736997,"Eco Ardence, Shah Alam, Petaling, Selangor, 40170, Malaysia"
2966,01/02/2016,13:06:24,malay,female,moderate,30.0,yes,young,46.0,1.0,9.0,3.051073789,101.4040956,"AS Logistic Klang, Jalan Haji Tarmizi, Majlis Perbandaran Klang, Klang, Selangor, 42100, Malaysia"
2967,17/12/2015,16:04:34,foreigner,female,moderate,47.0,no,young,19.0,5.0,19.0,3.048487871,101.4258693,"Jambatan Ketiga Klang, Jalan Kiai Khusairy, Teluk Pulai, Majlis Perbandaran Klang, Klang, Selangor, 41400, Malaysia"
2968,31/01/2016,4:33:12,chinese,female,moderate,60.0,no,toddler,51.0,0.0,17.0,3.014911368,101.45693,"Majlis Perbandaran Klang, Klang, Selangor, 41200, Malaysia"
2969,05/02/2016,19:32:41,foreigner,female,fat,45.0,no,no_kids,19.0,2.0,11.0,3.057868339,101.4898072,"Restoran Nasi Kandar Pelita, Jalan Serai Wangi K 16/K, Seksyen 16, Shah Alam, Klang, Selangor, 40450, Malaysia"
2970,12/12/2015,21:43:57,foreigner,female,thin,52.0,yes,toddler,27.0,5.0,16.0,3.018557459,101.3843255,"Pelabuhan Klang, Majlis Perbandaran Klang, Klang, Selangor, 41250, Malaysia"
2971,01/01/2016,15:37:51,malay,female,thin,52.0,yes,baby,45.0,3.0,12.0,3.011517049,101.4603267,"Taman Saujana 3, Majlis Perbandaran Klang, Klang, Selangor, 41200, Malaysia"
2972,11/12/2015,16:08:39,malay,male,fat,60.0,no,toddler ,50.0,3.0,15.0,3.086806201,101.4885587,"Jalan Selasih U12/21B, Encorp Cahaya Alam, Seksyen U12, Shah Alam, Petaling, Selangor, 40450, Malaysia"
2973,21/12/2015,10:23:23,indian,male,moderate,18.0,yes,no_kids,49.0,3.0,9.0,3.083184968,101.4856311,"Encorp Cahaya Alam, Seksyen U12, Shah Alam, Petaling, Selangor, 40450, Malaysia"
2974,15/12/2015,2:37:44,chinese,female,fat,44.0,no,no_kids,21.0,2.0,21.0,3.034044986,101.4380594,"7-Eleven, Persiaran Raja Muda Musa, Teluk Pulai, Majlis Perbandaran Klang, Klang, Selangor, 41400, Malaysia"
2975,22/01/2016,1:06:04,indian,male,fat,43.0,yes,baby,17.0,4.0,14.0,3.09365979,101.4648819,"Damai 15, Seksyen U13 (Setia Alam), Shah Alam, Petaling, Selangor, 40170, Malaysia"
2976,10/02/2016,16:16:47,indian,female,thin,53.0,no,toddler ,29.0,2.0,17.0,3.024550444,101.5418508,"Jalan Sepadu 25/123, Seksyen 25, Taman Sri Muda, Shah Alam, Klang, Selangor, 40400, Malaysia"
2977,30/12/2015,17:25:01,foreigner,male,moderate,33.0,no,young,47.0,0.0,14.0,3.075758252,101.4846834,"Jalan Kristal 7/70A, Seksyen 7, Shah Alam, Petaling, Selangor, 40450, Malaysia"
2978,06/12/2015,4:00:07,malay,female,fat,41.0,yes,young,49.0,4.0,7.0,3.047949162,101.4683052,"Taman Ros, Majlis Perbandaran Klang, Klang, Selangor, 41300, Malaysia"
2979,15/12/2015,10:01:08,chinese,male,fat,54.0,yes,no_kids,21.0,2.0,19.0,2.994803441,101.5023823,"Lorong Amal, Taman Jati Indah, Seksyen 32, Shah Alam, Klang, Selangor, 40470, Malaysia"
2980,18/02/2016,4:37:00,chinese,male,moderate,30.0,no,young,18.0,5.0,7.0,3.026393089,101.3822234,"SMK Bandar Baru Sultan Suleiman, Lebuh Sultan Abdul Samad, Bandar Sultan Suleiman, Pelabuhan Klang, Majlis Perbandaran Klang, Klang, Selangor, 41250, Malaysia"
2981,21/01/2016,19:48:24,malay,female,thin,41.0,no,baby,29.0,2.0,12.0,3.066050115,101.4023465,"Majlis Perbandaran Klang, Klang, Selangor, 42100, Malaysia"
2982,02/01/2016,10:06:01,indian,female,thin,59.0,yes,toddler ,36.0,1.0,12.0,3.074180249,101.4256907,"Taman Klang Utama, Majlis Perbandaran Klang, Klang, Selangor, 42100, Malaysia"
2983,24/12/2015,17:06:59,indian,male,moderate,29.0,yes,young,33.0,1.0,9.0,3.050250752,101.4812828,"Padang Jawa, Sungai Rasah Dalam @ Kulon, Shah Alam, Klang, Selangor, 40200, Malaysia"
2984,01/03/2016,21:35:43,malay,female,thin,18.0,no,young,30.0,5.0,10.0,3.003916912,101.4578547,"Majlis Perbandaran Klang, Klang, Selangor, 41200, Malaysia"
2985,07/12/2015,18:51:52,indian,female,fat,31.0,yes,baby,36.0,4.0,17.0,3.076569818,101.5533656,"Management and Science University, Persiaran Olahraga, Seksyen 13, Shah Alam, Petaling, Selangor, 40675, Malaysia"
2986,12/02/2016,6:53:23,chinese,female,fat,59.0,no,toddler,25.0,4.0,16.0,2.985961493,101.4054554,"Jalan Sungai Sama Gagah 21, Taman Teluk Gedung Indah, Pelabuhan Klang, Majlis Perbandaran Klang, Klang, Selangor, 42009, Malaysia"
2987,04/02/2016,9:22:19,malay,female,moderate,48.0,yes,young,52.0,4.0,12.0,3.053761613,101.3796232,"Majlis Perbandaran Klang, Klang, Selangor, 42100, Malaysia"
2988,14/02/2016,17:32:24,malay,female,moderate,59.0,no,toddler,13.0,3.0,15.0,3.06966307,101.4836572,"Seksyen 7, Shah Alam, Petaling, Selangor, 40450, Malaysia"
2989,26/02/2016,9:45:17,indian,male,fat,19.0,yes,baby,42.0,3.0,11.0,3.060032228,101.4910458,"Jalan Padang Jawa, Seksyen 16, Shah Alam, Petaling, Selangor, 40450, Malaysia"
2990,09/02/2016,13:37:52,foreigner,female,moderate,53.0,yes,young,18.0,3.0,21.0,3.051676976,101.3975266,"Majlis Perbandaran Klang, Klang, Selangor, 42100, Malaysia"
2991,10/01/2016,23:31:23,chinese,female,thin,29.0,yes,baby,60.0,5.0,18.0,3.010518973,101.4623135,"Jalan Sungai Jati, Taman Sentosa, Taman Saujana 3, Majlis Perbandaran Klang, Klang, Selangor, 41200, Malaysia"
2992,30/01/2016,3:53:16,indian,female,thin,23.0,no,toddler ,29.0,5.0,13.0,3.021738289,101.5195086,"Seksyen 35, Alam Impian, Shah Alam, Klang, Selangor, 40470, Malaysia"
2993,06/01/2016,18:04:57,indian,male,thin,26.0,yes,young,46.0,4.0,18.0,3.060304715,101.4349928,"Kampung Tanjung Syawal, Majlis Perbandaran Klang, Klang, Selangor, 41400, Malaysia"
2994,13/12/2015,13:42:49,malay,female,moderate,42.0,no,toddler ,48.0,5.0,17.0,3.091509737,101.4946303,"Jalan Selasih U12/13, Encorp Cahaya Alam, Seksyen U12, Shah Alam, Petaling, Selangor, 40450, Malaysia"
2995,05/01/2016,16:14:36,malay,male,fat,41.0,yes,no_kids,32.0,1.0,10.0,3.079690985,101.5412876,"Persiaran Sukan, Seksyen 13, Shah Alam, Petaling, Selangor, 40100, Malaysia"
2996,01/02/2016,23:23:24,chinese,female,thin,58.0,no,toddler,55.0,5.0,17.0,3.006265985,101.450452,"Taman Klang Jaya, Majlis Perbandaran Klang, Klang, Selangor, 41200, Malaysia"
2997,08/02/2016,7:57:43,malay,female,thin,53.0,yes,baby,22.0,4.0,17.0,2.990804195,101.4056645,"Jalan Pelabuhan Utara-Barat, Pendamar Villa, Pelabuhan Klang, Majlis Perbandaran Klang, Klang, Selangor, 42009, Malaysia"
2998,01/02/2016,12:32:09,indian,male,fat,27.0,yes,baby,54.0,2.0,11.0,3.050370521,101.4718506,"Taman Ros, Majlis Perbandaran Klang, Klang, Selangor, 41300, Malaysia"
2999,28/01/2016,7:23:03,foreigner,female,thin,47.0,no,baby,11.0,0.0,14.0,3.033406442,101.5076628,"Jalan Panglima Awang 35/102, Seksyen 35, Shah Alam, Klang, Selangor, 40470, Malaysia"
3000,15/02/2016,20:32:01,indian,female,thin,37.0,no,baby,23.0,4.0,16.0,3.013990221,101.4534477,"Majlis Perbandaran Klang, Klang, Selangor, 41200, Malaysia"
3001,19/12/2015,14:17:36,chinese,male,moderate,57.0,yes,toddler,60.0,5.0,20.0,3.090053328,101.4808036,"Seksyen U12, Shah Alam, Petaling, Selangor, 40450, Malaysia"
3002,01/12/2015,9:13:07,chinese,female,thin,32.0,no,no_kids,34.0,0.0,18.0,3.061001695,101.5127767,"Jalan Gerudi 15/4, Seksyen 15, Shah Alam, Petaling, Selangor, 40200, Malaysia"
3003,02/12/2015,9:08:37,indian,female,fat,26.0,yes,toddler,43.0,3.0,11.0,3.034446273,101.4563801,"Majlis Perbandaran Klang, Klang, Selangor, 41000, Malaysia"
3004,23/02/2016,14:24:27,foreigner,female,moderate,30.0,yes,toddler ,52.0,2.0,11.0,3.03710386,101.5336592,"Jalan Tertib 25/32, Seksyen 25, Taman Sri Muda, Shah Alam, Klang, Selangor, 40420, Malaysia"
3005,16/02/2016,9:36:28,chinese,female,fat,40.0,no,young,17.0,0.0,16.0,3.025044731,101.5378282,"Jalan Faedah 25/86, Seksyen 25, Taman Sri Muda, Shah Alam, Klang, Selangor, 40350, Malaysia"
3006,29/02/2016,2:34:19,indian,female,fat,44.0,no,baby,50.0,0.0,10.0,2.988535558,101.4244845,"Jalan Palma Raja 2, Presint Jejawi, Bandar Botanic, Kampung Idaman, Majlis Perbandaran Klang, Klang, Selangor, 41200, Malaysia"
3007,22/12/2015,10:34:26,malay,male,moderate,27.0,no,toddler ,39.0,4.0,10.0,3.085434233,101.5463389,"Shah Alam terminal, Jalan Lompat Pagar 13/37, Seksyen 13, Shah Alam, Petaling, Selangor, 40100, Malaysia"
3008,17/02/2016,6:40:29,malay,female,thin,24.0,no,baby,31.0,3.0,12.0,3.007402068,101.418091,"Pasar Ekonomi Econsave, Jalan Bukit Kerayong, Kampung Baru Pandamaran, Pelabuhan Klang, Majlis Perbandaran Klang, Klang, Selangor, 42000, Malaysia"
3009,14/12/2015,13:09:22,malay,female,moderate,51.0,yes,toddler ,40.0,3.0,9.0,3.069239473,101.4439526,"Majlis Perbandaran Klang, Klang, Selangor, 41400, Malaysia"
3010,06/02/2016,20:04:29,indian,male,fat,50.0,yes,no_kids,13.0,1.0,9.0,3.00717364,101.4198967,"Signmastr Advertising Sdn Bhd, No 31, Jalan Ehsan Perdana 4, Pandamaran, Pelabuhan Klang, Majlis Perbandaran Klang, Klang, Selangor, 42000, Malaysia"
3011,18/12/2015,6:30:40,chinese,male,thin,34.0,yes,toddler,48.0,0.0,16.0,3.018320846,101.5284563,"Seksyen 25, Taman Sri Muda, Shah Alam, Klang, Selangor, 40470, Malaysia"
3012,06/12/2015,17:58:20,malay,male,fat,35.0,no,baby,28.0,2.0,13.0,3.035539551,101.4019489,"Majlis Perbandaran Klang, Klang, Selangor, 41250, Malaysia"
3013,27/12/2015,21:58:54,foreigner,female,moderate,28.0,no,baby,33.0,4.0,10.0,3.025940829,101.4370892,"Taman Chi Liung, Majlis Perbandaran Klang, Klang, Selangor, 41200, Malaysia"
3014,02/02/2016,19:49:32,foreigner,female,thin,29.0,yes,baby,57.0,4.0,20.0,2.992516269,101.5267186,"SK Bukit Rimau, Jalan Sungai Congkak 32/41, Seksyen 32, Shah Alam, Klang, Selangor, 40460, Malaysia"
3015,28/12/2015,10:53:42,foreigner,female,moderate,30.0,no,toddler ,33.0,4.0,17.0,3.06664916,101.4572318,"Bukit Raja Utara, Lebuhraya Baru Selat Klang Utara, Majlis Perbandaran Klang, Klang, Selangor, 41150, Malaysia"
3016,11/01/2016,9:22:08,indian,female,thin,49.0,no,toddler ,14.0,5.0,10.0,3.063276807,101.4398744,"Majlis Perbandaran Klang, Klang, Selangor, 41400, Malaysia"
3017,14/12/2015,19:15:44,chinese,female,fat,20.0,no,no_kids,45.0,5.0,16.0,3.089784033,101.4689201,"Bandar Bukit Raja, Majlis Perbandaran Klang, Klang, Selangor, 40170, Malaysia"
3018,15/01/2016,23:04:54,indian,female,moderate,47.0,no,toddler ,48.0,3.0,16.0,2.996487516,101.4643323,"Jalan Dato Abdul Hamid 14, Majlis Perbandaran Klang, Klang, Selangor, 41200, Malaysia"
3019,18/01/2016,3:46:41,chinese,male,thin,43.0,no,no_kids,53.0,0.0,7.0,3.024650469,101.3852848,"Bandar Sultan Suleiman, Pelabuhan Klang, Majlis Perbandaran Klang, Klang, Selangor, 41250, Malaysia"
3020,26/01/2016,22:48:45,indian,male,thin,23.0,yes,baby,33.0,3.0,14.0,3.023471469,101.5541472,"Tiong Nam Logistics W8, 8, Jalan Sapir 33/7, Seksyen 33, Shah Alam, Klang, Selangor, 40400, Malaysia"
3021,28/01/2016,12:23:38,malay,female,moderate,43.0,yes,toddler ,36.0,4.0,10.0,3.013282301,101.5089246,"ADTEC Shah Alam, Jalan Palam 34/17, Seksyen 34, Alam Impian, Shah Alam, Klang, Selangor, 40470, Malaysia"
3022,18/12/2015,2:35:04,foreigner,male,thin,42.0,no,toddler,58.0,3.0,17.0,3.00134527,101.4095175,"Leboh Pendamar, Kampung Baru Pandamaran, Pelabuhan Klang, Majlis Perbandaran Klang, Klang, Selangor, 42000, Malaysia"
3023,25/02/2016,16:30:28,indian,female,fat,38.0,no,baby,22.0,0.0,13.0,3.01745045,101.381792,"Jalan Pelabuhan Utara, Pelabuhan Klang, Majlis Perbandaran Klang, Klang, Selangor, 42009, Malaysia"
3024,28/02/2016,10:09:51,foreigner,male,moderate,48.0,yes,young,17.0,3.0,15.0,3.038624538,101.5529796,"Jalan Ijuk 26/5, Seksyen 26, Shah Alam, Petaling, Selangor, 47600, Malaysia"
3025,16/02/2016,5:00:39,chinese,female,thin,25.0,no,no_kids,47.0,1.0,11.0,3.015757914,101.4992156,"Jalan Tok Janggut 35/74, Seksyen 35, Alam Impian, Shah Alam, Klang, Selangor, 40470, Malaysia"
3026,08/12/2015,5:02:37,malay,male,moderate,49.0,no,no_kids,54.0,4.0,15.0,3.079425786,101.5475369,"Stadium Malawati, Persiaran Sukan, Seksyen 13, Shah Alam, Petaling, Selangor, 40675, Malaysia"
3027,27/12/2015,23:43:17,indian,female,fat,51.0,no,baby,54.0,3.0,15.0,2.986771695,101.5306303,"Jalan Anggerik Tainia 31/119, Anggerik Tainia, Seksyen 31, Kota Kemuning, Shah Alam, Klang, Selangor, 40460, Malaysia"
3028,18/12/2015,11:18:25,chinese,male,thin,29.0,no,toddler ,29.0,2.0,16.0,2.993115655,101.4353362,"Lorong Batu Nilam 20G, Bandar Bukit Tinggi 2, Kampung Idaman, Majlis Perbandaran Klang, Klang, Selangor, 41200, Malaysia"
3029,07/02/2016,17:19:00,foreigner,male,thin,44.0,no,toddler,31.0,4.0,21.0,3.067927785,101.4451667,"Sekolah Rendah Agama Integrasi Tengku Ampuan Fatimah, Lengkuk Muda 70, Majlis Perbandaran Klang, Klang, Selangor, 41400, Malaysia"
3030,13/01/2016,21:59:54,foreigner,female,thin,20.0,no,young,40.0,4.0,7.0,2.990300359,101.5123731,"Gardenia Factory, Jalan Klinik, Seksyen 32, Shah Alam, Klang, Selangor, 40470, Malaysia"
3031,17/01/2016,22:39:47,malay,male,fat,40.0,no,toddler,35.0,0.0,9.0,3.046897196,101.4625542,"SK Bukit Kuda, Jalan Landasan, Taman Ros, Majlis Perbandaran Klang, Klang, Selangor, 41000, Malaysia"
3032,11/02/2016,15:50:02,indian,female,thin,54.0,yes,young,34.0,1.0,8.0,3.030694938,101.4917474,"Lorong Haji Mokhtar, Seksyen 36, Shah Alam, Klang, Selangor, 40470, Malaysia"
3033,28/01/2016,5:15:27,foreigner,male,thin,46.0,no,toddler,36.0,5.0,20.0,3.087658597,101.4545253,"Bandar Bukit Raja, Majlis Perbandaran Klang, Klang, Selangor, 41050, Malaysia"
3034,28/12/2015,7:31:59,malay,male,fat,34.0,no,no_kids,55.0,0.0,20.0,3.027759846,101.4439171,"Majlis Perbandaran Klang, Klang, Selangor, 41400, Malaysia"
3035,07/12/2015,19:24:00,foreigner,male,thin,47.0,no,baby,26.0,2.0,11.0,3.006442191,101.528416,"Jalan Kemuning Indah 32/143F, Kemuning Utama II, Seksyen 32, Shah Alam, Klang, Selangor, 40470, Malaysia"
3036,08/12/2015,6:44:36,malay,male,moderate,38.0,yes,baby,17.0,5.0,9.0,3.009946141,101.4785314,"Jalan Temenggung 1, Majlis Perbandaran Klang, Klang, Selangor, 40470, Malaysia"
3037,23/01/2016,3:14:42,foreigner,male,fat,23.0,yes,toddler ,15.0,0.0,21.0,3.072304975,101.3837955,"Sementa, Majlis Perbandaran Klang, Klang, Selangor, 42100, Malaysia"
3038,27/12/2015,11:24:03,chinese,male,moderate,60.0,yes,young,21.0,3.0,11.0,3.040872428,101.4512562,"Sekolah Kebangsaan Klang, Lorong Dato Hamzah, Majlis Perbandaran Klang, Klang, Selangor, 41000, Malaysia"
3039,14/02/2016,11:56:55,foreigner,male,fat,40.0,no,young,34.0,1.0,20.0,2.992140806,101.5259001,"Seksyen 32, Shah Alam, Klang, Selangor, 40460, Malaysia"
3040,07/01/2016,11:33:53,indian,male,moderate,31.0,no,no_kids,53.0,2.0,19.0,3.029499007,101.4459665,"Majlis Perbandaran Klang, Klang, Selangor, 41400, Malaysia"
3041,19/01/2016,19:03:52,indian,female,fat,44.0,no,toddler,32.0,3.0,18.0,3.060094714,101.4586502,"Taman Eng Ann, Majlis Perbandaran Klang, Klang, Selangor, 41150, Malaysia"
3042,21/12/2015,7:32:48,chinese,male,fat,32.0,yes,baby,56.0,5.0,17.0,3.026002832,101.4799705,"Seksyen 36, Shah Alam, Klang, Selangor, 40470, Malaysia"
3043,26/01/2016,8:30:58,malay,male,thin,52.0,no,young,23.0,2.0,19.0,3.024775488,101.5142354,"Jalan Panglima Hitam 35/26, Seksyen 35, Alam Impian, Shah Alam, Klang, Selangor, 40470, Malaysia"
3044,31/01/2016,1:26:55,indian,male,fat,19.0,yes,baby,35.0,4.0,8.0,3.069696465,101.514487,"Persiaran Dato Menteri, Shah Alam, Petaling, Selangor, 40000, Malaysia"
3045,25/01/2016,11:54:48,chinese,female,fat,47.0,no,baby,54.0,5.0,10.0,3.073323703,101.476571,"Lebuhraya Baru Lembah Klang, Shah Alam, Petaling, Selangor, 41150, Malaysia"
3046,24/12/2015,4:32:23,chinese,male,thin,28.0,yes,baby,60.0,3.0,14.0,3.076686351,101.4272889,"Jalan Haji Sirat, Taman Klang Utama, Majlis Perbandaran Klang, Klang, Selangor, 42100, Malaysia"
3047,27/01/2016,9:36:07,foreigner,male,fat,30.0,yes,young,37.0,4.0,21.0,3.087358166,101.4512235,"Bandar Bukit Raja, Majlis Perbandaran Klang, Klang, Selangor, 41050, Malaysia"
3048,10/12/2015,0:12:36,chinese,female,thin,31.0,yes,no_kids,54.0,1.0,14.0,3.043893374,101.4089663,"Majlis Perbandaran Klang, Klang, Selangor, 41250, Malaysia"
3049,01/12/2015,5:59:00,indian,female,fat,33.0,no,no_kids,42.0,5.0,21.0,2.987871123,101.3956166,"Taman Teluk Gedung Indah, Pelabuhan Klang, Majlis Perbandaran Klang, Klang, Selangor, 42009, Malaysia"
3050,20/12/2015,5:20:46,malay,male,fat,30.0,yes,no_kids,32.0,1.0,19.0,2.984152789,101.5172801,"Jalan Sungai Renggam 32/10, Berjaya Park, Shah Alam, Klang, Selangor, 40460, Malaysia"
3051,10/02/2016,12:28:10,malay,female,fat,26.0,yes,young,49.0,4.0,18.0,3.069848864,101.4538616,"Lebuhraya Baru Selat Klang Utara, Majlis Perbandaran Klang, Klang, Selangor, 41150, Malaysia"
3052,20/01/2016,0:15:13,malay,female,moderate,45.0,no,young,46.0,2.0,19.0,3.052765362,101.4060629,"Majlis Perbandaran Klang, Klang, Selangor, 42100, Malaysia"
3053,08/01/2016,11:25:34,indian,male,fat,56.0,yes,toddler ,44.0,1.0,19.0,3.079456149,101.4904768,"Jalan Platinum 7/60, Seksyen 7, Shah Alam, Petaling, Selangor, 40450, Malaysia"
3054,06/02/2016,20:31:06,foreigner,female,moderate,51.0,no,toddler ,37.0,0.0,19.0,3.02377201,101.5326322,"Jalan Teluk Jambu 2, Seksyen 25, Taman Sri Muda, Shah Alam, Klang, Selangor, 40470, Malaysia"
3055,31/12/2015,15:04:17,indian,male,fat,57.0,no,baby,36.0,3.0,20.0,3.064304728,101.4541341,"Taman Eng Ann, Majlis Perbandaran Klang, Klang, Selangor, 41150, Malaysia"
3056,07/01/2016,16:13:08,indian,female,fat,24.0,no,baby,38.0,3.0,19.0,3.024988827,101.4152872,"Jalan Kampung Delek Baru, Pelabuhan Klang, Majlis Perbandaran Klang, Klang, Selangor, 41250, Malaysia"
3057,26/01/2016,18:58:52,chinese,female,fat,51.0,no,young,44.0,5.0,19.0,3.003681428,101.4600853,"Majlis Perbandaran Klang, Klang, Selangor, 41200, Malaysia"
3058,06/12/2015,8:04:53,indian,female,fat,46.0,yes,baby,13.0,4.0,20.0,3.025764296,101.3901744,"Pelabuhan Klang, Majlis Perbandaran Klang, Klang, Selangor, 41250, Malaysia"
3059,29/01/2016,23:15:41,indian,female,fat,57.0,yes,baby,47.0,4.0,9.0,3.018995682,101.4031408,"Kampung Raja Uda, Pelabuhan Klang, Majlis Perbandaran Klang, Klang, Selangor, 41250, Malaysia"
3060,19/02/2016,20:24:04,malay,male,fat,57.0,no,young,14.0,4.0,10.0,3.074651763,101.4648761,"Majlis Perbandaran Klang, Klang, Selangor, 41150, Malaysia"
3061,29/02/2016,18:29:05,chinese,male,thin,50.0,yes,no_kids,26.0,2.0,13.0,3.004740464,101.4081037,"Jalan Kempas, Kampung Baru Pandamaran, Pelabuhan Klang, Majlis Perbandaran Klang, Klang, Selangor, 42000, Malaysia"
3062,31/01/2016,0:52:45,foreigner,female,thin,24.0,no,no_kids,11.0,5.0,21.0,3.076523986,101.4789574,"Persiaran Serai Wangi, Desa Alam, Seksyen U12, Shah Alam, Petaling, Selangor, 40450, Malaysia"
3063,01/01/2016,7:43:04,indian,male,thin,49.0,no,young,36.0,2.0,20.0,3.040804838,101.4594607,"Telur Berlada Kedai Merah, Jalan Bukit Kuda, Taman Ros, Majlis Perbandaran Klang, Klang, Selangor, 41000, Malaysia"
3064,09/02/2016,5:16:08,malay,female,moderate,46.0,yes,no_kids,31.0,5.0,15.0,3.068137109,101.4777978,"Lorong Keluli 1, Shah Alam, Petaling, Selangor, 41150, Malaysia"
3065,28/02/2016,11:39:05,foreigner,female,fat,49.0,yes,toddler,24.0,3.0,10.0,2.997406552,101.3916206,"Terminal Penumpang South Port, Jalan Syahbandar, Pelabuhan Klang, Majlis Perbandaran Klang, Klang, Selangor, 42009, Malaysia"
3066,14/02/2016,5:24:35,foreigner,female,moderate,26.0,no,toddler,26.0,3.0,7.0,3.014212736,101.5535958,"Jalan Trompet 33/8, Seksyen 33, Shah Alam, Klang, Selangor, 40350, Malaysia"
3067,18/12/2015,14:17:58,malay,male,moderate,34.0,no,baby,23.0,3.0,9.0,2.993146589,101.4755885,"Jalan Dato Abdul Hamid 27, Majlis Perbandaran Klang, Klang, Selangor, 41200, Malaysia"
3068,01/01/2016,21:43:36,chinese,male,moderate,48.0,yes,toddler ,42.0,4.0,19.0,3.088089601,101.3929466,"Jalan Keretapi Lama, Sementa, Majlis Perbandaran Klang, Klang, Selangor, 42200, Malaysia"
3069,01/01/2016,21:04:44,indian,male,moderate,56.0,yes,toddler,44.0,2.0,14.0,3.00543162,101.4904629,"Desa Bayumas, Majlis Perbandaran Klang, Klang, Selangor, 40470, Malaysia"
3070,23/02/2016,12:28:37,indian,male,moderate,34.0,yes,no_kids,27.0,2.0,19.0,2.98547119,101.5451705,"Seksyen 31, Kota Kemuning, Shah Alam, Klang, Selangor, 40460, Malaysia"
3071,29/02/2016,2:10:14,malay,male,moderate,48.0,yes,young,14.0,4.0,8.0,2.996052844,101.3900021,"Terminal Penumpang South Port, Jalan Syahbandar, Pelabuhan Klang, Majlis Perbandaran Klang, Klang, Selangor, 42009, Malaysia"
3072,09/01/2016,15:55:57,indian,female,moderate,57.0,no,baby,32.0,5.0,12.0,3.005654648,101.4885554,"Desa Bayumas, Majlis Perbandaran Klang, Klang, Selangor, 40470, Malaysia"
3073,20/01/2016,8:31:44,foreigner,male,moderate,44.0,yes,young,49.0,1.0,17.0,3.090375483,101.46503,"Bandar Bukit Raja, Majlis Perbandaran Klang, Klang, Selangor, 40170, Malaysia"
3074,13/02/2016,8:49:42,malay,male,moderate,36.0,no,young,51.0,4.0,14.0,3.044465184,101.4585792,"SMK (P) Bukit Kuda, Jalan Perak, Majlis Perbandaran Klang, Klang, Selangor, 41000, Malaysia"
3075,08/01/2016,20:11:12,malay,male,thin,39.0,no,toddler ,49.0,1.0,19.0,3.04458708,101.4274447,"Teluk Pulai, Majlis Perbandaran Klang, Klang, Selangor, 41400, Malaysia"
3076,07/02/2016,19:21:43,foreigner,female,thin,38.0,no,baby,49.0,4.0,11.0,3.062528288,101.5064023,"Lebuhraya Persekutuan, Shah Alam, Petaling, Selangor, 40000, Malaysia"
3077,09/01/2016,6:40:20,indian,female,fat,41.0,no,toddler,14.0,2.0,20.0,3.042832744,101.5332092,"Hitachi Chemical, Persiaran Budiman, Seksyen 23, Taman Sri Muda, Shah Alam, Petaling, Selangor, 40300, Malaysia"
3078,18/02/2016,16:31:18,indian,male,thin,29.0,yes,toddler,38.0,0.0,17.0,3.058666919,101.4676143,"Lebuh Unta, Majlis Perbandaran Klang, Klang, Selangor, 41300, Malaysia"
3079,14/12/2015,22:38:54,chinese,female,moderate,49.0,no,baby,11.0,4.0,14.0,3.079180522,101.4838915,"Lebuhraya Baru Lembah Klang, Shah Alam, Petaling, Selangor, 40604, Malaysia"
3080,05/01/2016,6:48:32,indian,male,moderate,57.0,yes,toddler,25.0,4.0,7.0,2.992505038,101.5230118,"Jalan Sungai Burung 32/62, Seksyen 32, Shah Alam, Klang, Selangor, 40460, Malaysia"
3081,12/12/2015,22:55:29,malay,female,moderate,55.0,no,baby,43.0,1.0,14.0,3.079573908,101.3877887,"Sementa, Majlis Perbandaran Klang, Klang, Selangor, 42100, Malaysia"
3082,14/02/2016,10:13:17,malay,male,moderate,33.0,no,toddler ,33.0,1.0,8.0,3.071068894,101.5549569,"Jalan Jubli Perak 22/1, Seksyen 22, Shah Alam, Petaling, Selangor, 40675, Malaysia"
3083,24/01/2016,2:17:35,chinese,male,moderate,46.0,yes,no_kids,34.0,3.0,19.0,3.073367525,101.4504786,"Pintasan Selat Klang Utara, Majlis Perbandaran Klang, Klang, Selangor, 41150, Malaysia"
3084,06/01/2016,8:24:19,indian,female,moderate,32.0,yes,toddler,25.0,0.0,7.0,3.0651081,101.4315347,"Kampung Tanjung Syawal, Majlis Perbandaran Klang, Klang, Selangor, 41400, Malaysia"
3085,21/02/2016,0:16:00,malay,female,moderate,56.0,no,baby,18.0,5.0,17.0,3.058321828,101.4719201,"Bandar Baru Klang, Majlis Perbandaran Klang, Klang, Selangor, 41300, Malaysia"
3086,14/02/2016,23:15:29,foreigner,male,thin,27.0,yes,no_kids,56.0,5.0,14.0,3.058828775,101.4533382,"Majlis Perbandaran Klang, Klang, Selangor, 41000, Malaysia"
3087,21/01/2016,8:17:51,foreigner,male,thin,36.0,yes,no_kids,42.0,4.0,10.0,3.001348405,101.4546298,"Taman Saujana 3, Majlis Perbandaran Klang, Klang, Selangor, 41200, Malaysia"
3088,04/01/2016,17:49:06,malay,male,thin,47.0,no,toddler ,54.0,3.0,9.0,3.037918988,101.5006554,"Seksyen 35, Shah Alam, Klang, Selangor, 40470, Malaysia"
3089,28/01/2016,10:52:15,chinese,female,moderate,21.0,yes,no_kids,17.0,4.0,16.0,3.016095377,101.4948828,"Seksyen 36, Shah Alam, Klang, Selangor, 40470, Malaysia"
3090,19/02/2016,20:33:40,indian,female,fat,40.0,yes,baby,23.0,3.0,10.0,3.010362024,101.5162555,"Jalan Bukit Kemuning, Taman Jati Indah, Seksyen 32, Alam Impian, Shah Alam, Klang, Selangor, 40470, Malaysia"
3091,29/12/2015,10:05:45,indian,female,moderate,27.0,no,young,59.0,2.0,18.0,3.065603893,101.400275,"Majlis Perbandaran Klang, Klang, Selangor, 42100, Malaysia"
3092,10/12/2015,10:42:13,chinese,female,thin,36.0,no,toddler ,45.0,1.0,20.0,3.05095755,101.3949526,"Majlis Perbandaran Klang, Klang, Selangor, 41250, Malaysia"
3093,09/12/2015,5:26:13,malay,male,thin,28.0,no,young,23.0,3.0,21.0,3.093550172,101.4399695,"3207A, Lebuhraya Pesisiran Pantai Barat, Bandar Bukit Raja, Majlis Perbandaran Klang, Klang, Selangor, 41050, Malaysia"
3094,18/12/2015,2:44:09,malay,male,fat,21.0,no,toddler ,22.0,4.0,14.0,2.986198636,101.4694279,"Jalan Sanggul 4, Bandar Puteri Klang, Majlis Perbandaran Klang, Klang, Selangor, 41200, Malaysia"
3095,26/12/2015,9:55:14,indian,female,fat,29.0,no,young,47.0,0.0,19.0,2.997693527,101.4958312,"Lorong Seri Gambut 3, Taman Camellia, Majlis Perbandaran Klang, Klang, Selangor, 40470, Malaysia"
3096,29/01/2016,13:53:51,indian,male,thin,38.0,yes,toddler,20.0,5.0,7.0,3.066610189,101.5331657,"Jalan Gergaji 15/14, Seksyen 15, Shah Alam, Petaling, Selangor, 40675, Malaysia"
3097,29/01/2016,15:24:27,chinese,male,fat,53.0,no,toddler ,56.0,4.0,15.0,3.084444814,101.4346306,"Bandar Bukit Raja, Majlis Perbandaran Klang, Klang, Selangor, 41050, Malaysia"
3098,28/01/2016,2:26:29,chinese,female,fat,48.0,no,toddler,26.0,2.0,17.0,3.024382216,101.5538125,"Tiong Nam Logistics W8, 8, Jalan Sapir 33/7, Seksyen 33, Shah Alam, Klang, Selangor, 40400, Malaysia"
3099,19/12/2015,17:30:20,chinese,female,thin,24.0,yes,young,21.0,5.0,9.0,3.032998965,101.451702,"Majlis Perbandaran Klang, Klang, Selangor, 41000, Malaysia"
3100,13/12/2015,4:14:09,foreigner,male,fat,20.0,no,baby,40.0,4.0,11.0,3.08859888,101.4127401,"Lintang Sungai Keramat 6, Taman Klang Utama, Majlis Perbandaran Klang, Klang, Selangor, 42100, Malaysia"
3101,02/12/2015,11:23:14,chinese,female,thin,26.0,yes,no_kids,14.0,0.0,18.0,3.037541863,101.4661682,"Bukit Jati 2, Majlis Perbandaran Klang, Klang, Selangor, 41000, Malaysia"
3102,28/12/2015,0:20:44,chinese,female,moderate,55.0,yes,no_kids,52.0,5.0,16.0,3.067913773,101.4572052,"Amsteel Mills, Lebuhraya Pesisiran Pantai Barat, Majlis Perbandaran Klang, Klang, Selangor, 41150, Malaysia"
3103,11/12/2015,4:00:34,chinese,female,thin,58.0,yes,toddler ,21.0,4.0,17.0,3.081568714,101.4992908,"Seksyen 7, Shah Alam, Petaling, Selangor, 40450, Malaysia"
3104,06/02/2016,8:00:58,chinese,male,moderate,20.0,yes,no_kids,28.0,2.0,12.0,3.089233228,101.4261308,"Bandar Bukit Raja, Majlis Perbandaran Klang, Klang, Selangor, 42100, Malaysia"
3105,31/01/2016,0:46:43,foreigner,female,fat,35.0,no,young,31.0,1.0,21.0,3.075819136,101.4001003,"Lorong Haji Mohd. Amin, Majlis Perbandaran Klang, Klang, Selangor, 42100, Malaysia"
3106,17/12/2015,18:34:28,foreigner,male,thin,35.0,yes,toddler,12.0,0.0,20.0,3.074634319,101.5312774,"Seksyen 11, Shah Alam, Petaling, Selangor, 40100, Malaysia"
3107,28/12/2015,21:56:56,chinese,male,thin,25.0,no,baby,57.0,0.0,17.0,3.029907458,101.5046254,"Persiaran Panglima Hitam, Seksyen 35, Alam Impian, Shah Alam, Klang, Selangor, 40470, Malaysia"
3108,07/12/2015,22:42:05,foreigner,female,fat,48.0,yes,baby,47.0,2.0,10.0,3.093502444,101.4123156,"Aman Perdana 11J/KU 5, Aman Perdana, Taman Klang Utama, Majlis Perbandaran Klang, Klang, Selangor, 42100, Malaysia"
3109,01/12/2015,20:47:25,foreigner,male,thin,44.0,no,no_kids,46.0,2.0,16.0,3.053840966,101.387673,"Majlis Perbandaran Klang, Klang, Selangor, 42100, Malaysia"
3110,08/12/2015,1:44:49,indian,male,thin,48.0,yes,young,37.0,4.0,16.0,3.022214955,101.4044755,"Jalan Sireh Tambahan, Kampung Raja Uda, Pandamaran, Pelabuhan Klang, Majlis Perbandaran Klang, Klang, Selangor, 41250, Malaysia"
3111,26/12/2015,16:54:25,foreigner,female,thin,50.0,yes,no_kids,43.0,5.0,13.0,3.04463637,101.4872778,"Shah Alam, Klang, Selangor, 40450, Malaysia"
3112,06/02/2016,23:54:11,indian,female,fat,59.0,yes,toddler,32.0,2.0,11.0,3.095844755,101.5524378,"Jalan Fatwa Empat U2/46D, Mayang Sutera, Shah Alam, Petaling, Selangor, 40150, Malaysia"
3113,29/01/2016,18:41:12,chinese,male,thin,41.0,yes,toddler,31.0,5.0,9.0,3.08376801,101.4808737,"Persiaran Pegaga, Seksyen U12, Shah Alam, Petaling, Selangor, 40450, Malaysia"
3114,06/01/2016,23:50:42,chinese,female,fat,56.0,yes,young,19.0,0.0,18.0,3.084152847,101.4427792,"Sawadee Thai Healing Touch, 140, Jalan Rodat 2A, Bandar Bukit Raja, Majlis Perbandaran Klang, Klang, Selangor, 41050, Malaysia"
3115,14/01/2016,2:43:48,foreigner,male,fat,59.0,yes,toddler ,33.0,2.0,21.0,3.00663911,101.4734478,"Taman Sentosa, Majlis Perbandaran Klang, Klang, Selangor, 41200, Malaysia"
3116,24/02/2016,20:07:09,chinese,female,fat,20.0,no,toddler ,31.0,5.0,20.0,3.044005779,101.5422708,"Depoh RapidKL, Jalan SU 5, Seksyen 22, Shah Alam, Petaling, Selangor, 40300, Malaysia"
3117,11/02/2016,7:22:23,foreigner,male,thin,23.0,no,no_kids,30.0,0.0,15.0,2.984555332,101.5325,"Dewan Orang Ramai Kota Kemuning, Jalan Anggerik Tainia 31/123, Seksyen 31, Kota Kemuning, Shah Alam, Klang, Selangor, 40460, Malaysia"
3118,08/01/2016,6:56:53,malay,male,moderate,30.0,no,no_kids,60.0,3.0,11.0,3.052720292,101.5475707,"JVC, Persiaran Jubli Perak, Shah Alam, Petaling, Selangor, 40300, Malaysia"
3119,12/01/2016,13:03:21,chinese,female,moderate,20.0,no,baby,35.0,4.0,19.0,3.068217848,101.4448118,"Sekolah Rendah Agama Integrasi Tengku Ampuan Fatimah, Lengkuk Muda 70, Majlis Perbandaran Klang, Klang, Selangor, 41400, Malaysia"
3120,06/01/2016,9:38:37,malay,female,fat,23.0,yes,baby,18.0,4.0,10.0,3.055725625,101.4454319,"Majlis Perbandaran Klang, Klang, Selangor, 41400, Malaysia"
3121,07/02/2016,4:39:27,malay,male,moderate,21.0,yes,no_kids,57.0,0.0,9.0,3.088169508,101.3827006,"Sementa, Majlis Perbandaran Klang, Klang, Selangor, 42200, Malaysia"
3122,01/03/2016,5:25:46,malay,male,thin,42.0,no,young,51.0,3.0,15.0,3.046673644,101.4700939,"Taman Ros, Majlis Perbandaran Klang, Klang, Selangor, 41300, Malaysia"
3123,14/12/2015,8:17:01,malay,male,fat,50.0,no,baby,52.0,5.0,9.0,3.005418171,101.4559029,"Majlis Perbandaran Klang, Klang, Selangor, 41200, Malaysia"
3124,14/12/2015,12:06:43,malay,female,fat,56.0,no,toddler ,23.0,1.0,17.0,3.017495824,101.49932,"Jalan Tok Janggut 35/74, Seksyen 35, Alam Impian, Shah Alam, Klang, Selangor, 40470, Malaysia"
3125,11/01/2016,14:09:23,indian,male,thin,29.0,no,toddler,55.0,2.0,7.0,3.069113078,101.5174181,"Persiaran Dato Menteri, Shah Alam, Petaling, Selangor, 40000, Malaysia"
3126,11/02/2016,6:21:56,foreigner,female,thin,55.0,yes,toddler,43.0,0.0,7.0,3.028522145,101.4134725,"Pelabuhan Klang, Majlis Perbandaran Klang, Klang, Selangor, 41250, Malaysia"
3127,07/12/2015,8:03:22,chinese,female,moderate,50.0,yes,toddler,23.0,1.0,21.0,3.017174299,101.4750049,"Majlis Perbandaran Klang, Klang, Selangor, 40470, Malaysia"
3128,13/12/2015,18:31:25,malay,male,moderate,34.0,no,no_kids,47.0,5.0,10.0,3.053519844,101.5216256,"Seksyen 18, Shah Alam, Petaling, Selangor, 40200, Malaysia"
3129,04/12/2015,10:43:55,foreigner,female,moderate,22.0,no,toddler,32.0,5.0,7.0,3.065335169,101.4104224,"Majlis Perbandaran Klang, Klang, Selangor, 42100, Malaysia"
3130,17/12/2015,23:18:30,chinese,male,thin,24.0,yes,baby,31.0,1.0,13.0,3.068079262,101.3998023,"Majlis Perbandaran Klang, Klang, Selangor, 42100, Malaysia"
3131,06/12/2015,3:00:17,chinese,male,moderate,46.0,yes,baby,45.0,4.0,19.0,3.087738342,101.5027896,"Seksyen 7, Shah Alam, Petaling, Selangor, 40604, Malaysia"
3132,10/01/2016,9:28:07,foreigner,female,moderate,41.0,yes,toddler ,60.0,0.0,18.0,2.996567893,101.5290997,"To CAH KK Underground Car Park, Seksyen 32, Shah Alam, Klang, Selangor, 40460, Malaysia"
3133,25/01/2016,5:19:44,chinese,male,fat,37.0,yes,toddler ,58.0,4.0,12.0,3.060660634,101.5067551,"Seksyen 16, Shah Alam, Petaling, Selangor, 40200, Malaysia"
3134,30/12/2015,9:51:19,indian,female,moderate,54.0,yes,toddler ,36.0,5.0,19.0,3.039052593,101.4875447,"Seksyen 36, Shah Alam, Klang, Selangor, 41300, Malaysia"
3135,23/01/2016,1:33:33,malay,female,thin,37.0,yes,toddler ,55.0,1.0,15.0,3.032341843,101.4808787,"Seksyen 36, Shah Alam, Klang, Selangor, 41000, Malaysia"
3136,23/12/2015,19:56:43,foreigner,male,fat,24.0,no,toddler ,37.0,4.0,11.0,3.073260956,101.4149735,"Taman Klang Utama, Majlis Perbandaran Klang, Klang, Selangor, 42100, Malaysia"
3137,24/12/2015,10:41:52,foreigner,female,moderate,55.0,yes,young,27.0,1.0,21.0,3.083002604,101.4340141,"Lebuhraya Baru Selat Klang Utara, Bandar Bukit Raja, Majlis Perbandaran Klang, Klang, Selangor, 42100, Malaysia"
3138,06/01/2016,17:27:30,foreigner,male,thin,47.0,no,toddler,59.0,4.0,8.0,3.000601583,101.4928932,"Jg Containers (M) Sdn Bhd, Jalan Kebun, Majlis Perbandaran Klang, Klang, Selangor, 40470, Malaysia"
3139,29/01/2016,23:00:56,chinese,male,thin,59.0,yes,baby,34.0,1.0,21.0,3.043236498,101.4314198,"Lebuh Sembilang 2, Teluk Pulai, Majlis Perbandaran Klang, Klang, Selangor, 41400, Malaysia"
3140,04/01/2016,7:44:27,malay,male,moderate,49.0,no,toddler,32.0,3.0,16.0,3.054975704,101.507195,"Jalan Tukul 16/5, Seksyen 16, Shah Alam, Petaling, Selangor, 40200, Malaysia"
3141,09/02/2016,5:54:42,indian,female,moderate,18.0,no,young,52.0,2.0,10.0,3.014746141,101.4000765,"Jalan Sireh, Kampung Raja Uda, Pandamaran, Pelabuhan Klang, Majlis Perbandaran Klang, Klang, Selangor, 41250, Malaysia"
3142,07/12/2015,3:47:33,indian,female,moderate,58.0,yes,baby,34.0,3.0,14.0,3.041640742,101.4298868,"Jalan Teluk Pulai, Teluk Pulai, Majlis Perbandaran Klang, Klang, Selangor, 41400, Malaysia"
3143,27/02/2016,19:39:59,malay,male,moderate,18.0,no,no_kids,17.0,2.0,15.0,3.020701348,101.4676992,"Majlis Perbandaran Klang, Klang, Selangor, 41000, Malaysia"
3144,15/02/2016,8:55:14,foreigner,male,thin,54.0,no,toddler,29.0,4.0,10.0,3.06663218,101.3818539,"Majlis Perbandaran Klang, Klang, Selangor, 42100, Malaysia"
3145,18/12/2015,23:37:06,malay,female,moderate,49.0,no,toddler,11.0,3.0,7.0,3.038010431,101.401304,"Majlis Perbandaran Klang, Klang, Selangor, 41250, Malaysia"
3146,18/01/2016,20:34:36,chinese,female,fat,59.0,no,no_kids,33.0,5.0,11.0,3.08043799,101.4257286,"Kawasan Rehat Klang Utara, Lebuhraya Baru Selat Klang Utara, Bandar Bukit Raja, Majlis Perbandaran Klang, Klang, Selangor, 42100, Malaysia"
3147,07/01/2016,18:30:34,chinese,female,moderate,18.0,no,no_kids,52.0,0.0,17.0,3.029614088,101.3876718,"Jalan Sultanah, Bandar Sultan Suleiman, Pelabuhan Klang, Majlis Perbandaran Klang, Klang, Selangor, 41250, Malaysia"
3148,01/12/2015,22:04:14,foreigner,male,thin,43.0,no,no_kids,46.0,5.0,21.0,3.000779918,101.3794936,"Lingkaran Sultan Hishamuddin, Pelabuhan Klang, Majlis Perbandaran Klang, Klang, Selangor, 42009, Malaysia"
3149,13/02/2016,14:09:00,malay,female,fat,52.0,no,no_kids,51.0,5.0,9.0,3.024639666,101.5244598,"Jalan Batu Bata, Seksyen 25, Taman Sri Muda, Shah Alam, Klang, Selangor, 40470, Malaysia"
3150,05/12/2015,14:51:02,chinese,male,moderate,19.0,yes,toddler,41.0,3.0,14.0,3.049048198,101.5296961,"Jalan Tajak Dua 19/4B, Seksyen 19, Shah Alam, Petaling, Selangor, 40420, Malaysia"
3151,30/01/2016,19:45:20,indian,female,moderate,26.0,no,young,14.0,0.0,9.0,3.003757177,101.5005622,"Jalan Bukit Kemuning, Taman Jati Indah, Shah Alam, Klang, Selangor, 40470, Malaysia"
3152,11/12/2015,15:42:22,malay,male,fat,48.0,no,young,16.0,2.0,8.0,3.06829044,101.4408227,"Jalan Sentosa 63, Majlis Perbandaran Klang, Klang, Selangor, 41400, Malaysia"
3153,30/12/2015,3:55:17,foreigner,female,fat,47.0,no,no_kids,46.0,4.0,9.0,2.996837647,101.5121863,"Jalan Klinik, Seksyen 32, Shah Alam, Klang, Selangor, 40470, Malaysia"
3154,14/12/2015,14:48:03,chinese,female,thin,56.0,no,young,49.0,1.0,18.0,3.042903963,101.4633555,"Jalan Bukit Kuda, Taman Ros, Majlis Perbandaran Klang, Klang, Selangor, 41000, Malaysia"
3155,20/12/2015,2:21:18,foreigner,male,moderate,50.0,no,toddler,34.0,4.0,17.0,3.078614472,101.4675087,"Majlis Perbandaran Klang, Klang, Selangor, 41150, Malaysia"
3156,11/01/2016,6:37:26,indian,male,moderate,43.0,no,no_kids,31.0,3.0,11.0,3.01727899,101.5133026,"Persiaran Tun Teja, Seksyen 35, Alam Impian, Shah Alam, Klang, Selangor, 40470, Malaysia"
3157,15/02/2016,23:18:28,malay,male,fat,50.0,yes,toddler ,48.0,1.0,16.0,3.014436052,101.4286872,"Lorong Sentosa 8, Pandamaran, Majlis Perbandaran Klang, Klang, Selangor, 42000, Malaysia"
3158,14/01/2016,18:26:30,malay,female,thin,50.0,no,no_kids,24.0,0.0,15.0,3.007521979,101.3977013,"112, Lorong Bungur, Pelabuhan Klang, Majlis Perbandaran Klang, Klang, Selangor, 42009, Malaysia"
3159,21/01/2016,9:54:37,chinese,female,moderate,28.0,no,young,51.0,2.0,16.0,3.074594212,101.5047457,"Seksyen 7, Shah Alam, Petaling, Selangor, 40450, Malaysia"
3160,17/12/2015,20:45:19,chinese,male,fat,54.0,yes,young,53.0,1.0,8.0,3.027261942,101.5091005,"balancing reservoir, Jalan Panglima Hitam 35/26, Seksyen 35, Alam Impian, Shah Alam, Klang, Selangor, 40470, Malaysia"
3161,07/01/2016,15:29:52,foreigner,male,moderate,45.0,yes,no_kids,18.0,5.0,9.0,3.092658818,101.4627313,"Bandar Bukit Raja, Shah Alam, Petaling, Selangor, 40170, Malaysia"
3162,15/12/2015,17:07:27,malay,male,fat,42.0,yes,young,13.0,4.0,19.0,3.039149493,101.4739882,"Seksyen 36, Kampung Bukit Badak, Shah Alam, Klang, Selangor, 41000, Malaysia"
3163,06/01/2016,8:19:18,chinese,female,fat,37.0,yes,toddler ,60.0,3.0,18.0,3.01406417,101.4236187,"Jalan Nipah 5, Kampung Baru Pandamaran, Majlis Perbandaran Klang, Klang, Selangor, 42000, Malaysia"
3164,05/12/2015,9:26:38,foreigner,male,moderate,39.0,yes,toddler ,49.0,3.0,15.0,3.039160734,101.468911,"Majlis Perbandaran Klang, Klang, Selangor, 41000, Malaysia"
3165,17/01/2016,12:26:18,foreigner,female,fat,29.0,yes,no_kids,58.0,5.0,20.0,3.016634846,101.4835317,"Majlis Perbandaran Klang, Klang, Selangor, 40470, Malaysia"
3166,01/12/2015,8:17:10,malay,female,thin,42.0,no,baby,45.0,0.0,7.0,3.071111375,101.5027553,"Universiti Teknologi MARA Shah Alam, Jalan Ketiau 3/10, Seksyen 3, Shah Alam, Petaling, Selangor, 40450, Malaysia"
3167,19/01/2016,10:06:38,indian,male,thin,50.0,yes,no_kids,27.0,0.0,7.0,3.000549762,101.4942987,"Delloyd Malaysia, Jalan Kebun, Taman Camellia, Majlis Perbandaran Klang, Klang, Selangor, 40470, Malaysia"
3168,07/01/2016,14:34:35,chinese,female,thin,20.0,yes,toddler ,11.0,4.0,14.0,2.984293085,101.4495498,"Lebuhraya Shah Alam, Presint Cassia, Majlis Perbandaran Klang, Klang, Selangor, 41200, Malaysia"
3169,14/02/2016,0:03:17,indian,male,fat,22.0,yes,toddler ,54.0,0.0,19.0,3.03606566,101.5217481,"Kompleks Warga Emas, Jalan Pudina 24/39A, Seksyen 24, Taman Sri Muda, Shah Alam, Petaling, Selangor, 40300, Malaysia"
3170,14/01/2016,9:23:25,chinese,female,moderate,42.0,yes,no_kids,29.0,2.0,10.0,3.083477537,101.5078842,"7-Eleven, Jalan Cenderawasih 6/7, Seksyen 6, Shah Alam, Petaling, Selangor, 40604, Malaysia"
3171,08/02/2016,5:32:50,chinese,male,fat,58.0,yes,toddler ,22.0,2.0,21.0,3.071616067,101.5461315,"Lorong Motosikal Lebuhraya Persekutuan, D'Kayangan, Shah Alam, Petaling, Selangor, 40675, Malaysia"
3172,17/12/2015,6:17:21,chinese,male,fat,26.0,no,baby,38.0,0.0,11.0,3.038726563,101.4293027,"Teluk Pulai, Majlis Perbandaran Klang, Klang, Selangor, 41400, Malaysia"
3173,17/12/2015,10:16:33,foreigner,female,fat,25.0,no,toddler ,22.0,5.0,17.0,3.025782981,101.4559884,"Majlis Perbandaran Klang, Klang, Selangor, 41000, Malaysia"
3174,11/12/2015,11:03:20,malay,male,moderate,19.0,no,toddler,52.0,1.0,13.0,3.019674981,101.4336028,"Lorong Batu Unjur 6, Taman Bayu Perdana, Majlis Perbandaran Klang, Klang, Selangor, 41200, Malaysia"
3175,06/12/2015,8:33:50,indian,female,fat,28.0,no,toddler ,34.0,4.0,12.0,3.095084935,101.5570122,"Petronas TTDI Jaya, Jalan Juruwang A U2/A, Section U1, Shah Alam, Petaling, Selangor, 40150, Malaysia"
3176,24/12/2015,9:47:18,chinese,male,fat,37.0,no,no_kids,58.0,1.0,20.0,3.056645308,101.5242996,"Shah Alam, Jalan Nyiur 18/41, Seksyen 19, Shah Alam, Petaling, Selangor, 40200, Malaysia"
3177,17/01/2016,6:22:25,indian,male,moderate,41.0,yes,baby,19.0,0.0,21.0,3.065494518,101.5014171,"Universiti Teknologi MARA Shah Alam, Jalan Ketiau 3/10, Seksyen 3, Shah Alam, Petaling, Selangor, 40450, Malaysia"
3178,06/02/2016,9:51:20,foreigner,female,moderate,24.0,yes,young,38.0,1.0,21.0,3.000481848,101.4036753,"APM Automotive Holdings Bhd, Lebuh Raja Lumu, Kawasan Perindustrian Pandamaran, Pandamaran, Pelabuhan Klang, Majlis Perbandaran Klang, Klang, Selangor, 42009, Malaysia"
3179,08/01/2016,17:20:22,malay,male,moderate,48.0,yes,no_kids,23.0,1.0,13.0,3.084127618,101.3817297,"Sementa, Majlis Perbandaran Klang, Klang, Selangor, 42200, Malaysia"
3180,19/12/2015,13:10:23,malay,male,thin,51.0,no,baby,37.0,4.0,13.0,3.060812799,101.523402,"Jalan Linggis 15/24, Seksyen 15, Shah Alam, Petaling, Selangor, 40200, Malaysia"
3181,19/02/2016,5:47:37,malay,female,fat,60.0,no,no_kids,21.0,2.0,14.0,3.065128881,101.405053,"Majlis Perbandaran Klang, Klang, Selangor, 42100, Malaysia"
3182,01/01/2016,2:11:15,foreigner,female,fat,35.0,yes,toddler,29.0,5.0,9.0,3.056371053,101.4013034,"Majlis Perbandaran Klang, Klang, Selangor, 42100, Malaysia"
3183,12/01/2016,11:59:19,chinese,male,moderate,18.0,no,toddler ,47.0,0.0,18.0,3.036203622,101.4965283,"Seksyen 36, Shah Alam, Klang, Selangor, 40470, Malaysia"
3184,17/01/2016,4:32:02,foreigner,male,thin,56.0,yes,toddler ,23.0,5.0,21.0,3.025978613,101.4718707,"Majlis Perbandaran Klang, Klang, Selangor, 41000, Malaysia"
3185,22/12/2015,5:47:45,foreigner,male,thin,47.0,no,toddler,18.0,2.0,14.0,3.091041951,101.4347991,"Bandar Bukit Raja, Majlis Perbandaran Klang, Klang, Selangor, 41050, Malaysia"
3186,25/01/2016,1:01:58,indian,male,moderate,20.0,no,young,55.0,1.0,7.0,3.003706446,101.5418216,"Jalan Anggerik Vanilla 31/94, Seksyen 31, Kota Kemuning, Shah Alam, Klang, Selangor, Malaysia"
3187,13/02/2016,8:45:18,foreigner,male,fat,33.0,yes,toddler ,44.0,5.0,10.0,3.038580226,101.4681271,"Majlis Perbandaran Klang, Klang, Selangor, 41000, Malaysia"
3188,01/01/2016,22:38:54,foreigner,female,moderate,33.0,no,toddler ,53.0,4.0,21.0,3.091789565,101.4271678,"Bandar Bukit Raja, Majlis Perbandaran Klang, Klang, Selangor, 41050, Malaysia"
3189,22/02/2016,9:46:44,malay,male,fat,46.0,yes,young,52.0,0.0,21.0,3.074017448,101.4795609,"Seksyen 7, Shah Alam, Petaling, Selangor, 40450, Malaysia"
3190,05/02/2016,6:57:50,foreigner,male,thin,44.0,yes,baby,59.0,0.0,13.0,3.061972893,101.463519,"KPJ Klang Specialist Hospital, Persiaran Bukit Raja, Bandar Baru Klang, Majlis Perbandaran Klang, Klang, Selangor, 41150, Malaysia"
3191,20/12/2015,9:42:23,indian,male,fat,29.0,no,toddler,40.0,5.0,16.0,3.027334989,101.4049905,"Lorong Haji Jasmin, Pelabuhan Klang, Majlis Perbandaran Klang, Klang, Selangor, 41250, Malaysia"
3192,01/01/2016,13:42:58,malay,male,fat,58.0,no,toddler,46.0,1.0,13.0,3.095629165,101.5094978,"Bicycle rental, Jalan Jujur, Shah Alam, Petaling, Selangor, 40604, Malaysia"
3193,20/12/2015,21:50:40,indian,female,moderate,22.0,yes,no_kids,52.0,5.0,11.0,3.035391549,101.4675108,"Majlis Perbandaran Klang, Klang, Selangor, 41000, Malaysia"
3194,09/01/2016,12:03:33,indian,male,thin,39.0,no,young,58.0,2.0,20.0,2.983935069,101.3844789,"Jambatan Selat Lumut, Pelabuhan Klang, Majlis Perbandaran Klang, Klang, Selangor, 42009, Malaysia"
3195,09/01/2016,12:24:42,malay,female,moderate,40.0,yes,young,25.0,1.0,9.0,3.075273152,101.3874471,"Majlis Perbandaran Klang, Klang, Selangor, 42100, Malaysia"
3196,31/01/2016,9:53:47,indian,female,moderate,29.0,no,toddler ,11.0,2.0,21.0,3.071215603,101.507018,"Persiaran Masjid, Shah Alam, Petaling, Selangor, 40604, Malaysia"
3197,14/01/2016,2:29:01,chinese,female,fat,21.0,no,baby,38.0,2.0,19.0,3.060763025,101.4767561,"Shah Alam, Petaling, Selangor, 41150, Malaysia"
3198,24/01/2016,21:01:58,malay,male,thin,18.0,yes,young,13.0,2.0,9.0,3.023202021,101.5534765,"Tiong Nam Logistics W8, 8, Jalan Sapir 33/7, Seksyen 33, Shah Alam, Klang, Selangor, 40400, Malaysia"
3199,01/02/2016,15:26:21,chinese,female,thin,18.0,yes,toddler,22.0,5.0,17.0,3.086944469,101.4641769,"Bandar Bukit Raja, Majlis Perbandaran Klang, Klang, Selangor, 41150, Malaysia"
3200,15/02/2016,14:55:53,chinese,female,moderate,31.0,yes,young,42.0,0.0,20.0,3.079275878,101.6569115,"Taman Kanagapuram, PJ Old Town, Petaling Jaya, Petaling, Selangor, 46000, Malaysia"
3201,17/12/2015,5:17:19,indian,male,moderate,30.0,yes,no_kids,22.0,0.0,16.0,3.067517753,101.7010419,"Jalan Perlak, Zone E, Bandar Baru Sri Petaling, Kuala Lumpur, 57000, Malaysia"
3202,19/02/2016,0:11:32,foreigner,female,thin,42.0,yes,toddler,22.0,3.0,18.0,3.092971068,101.6742982,"Taman Goodwood, Pantai Dalam, Kuala Lumpur, 58200, Malaysia"
3203,07/12/2015,15:36:32,foreigner,female,thin,48.0,no,toddler ,21.0,4.0,20.0,3.104848344,101.6955651,"Lebuhraya Salak, Seputeh, Kuala Lumpur, 50614, Malaysia"
3204,07/02/2016,3:08:31,foreigner,female,thin,60.0,no,no_kids,20.0,2.0,10.0,3.111308346,101.6454725,"Jalan Bukit 11/2, PJ State, Petaling Jaya, Petaling, Selangor, 46200, Malaysia"
3205,15/01/2016,18:22:52,malay,female,fat,48.0,yes,young,16.0,3.0,15.0,3.093967797,101.6722531,"Lebuhraya Baru Pantai, Taman Goodwood, Pantai Dalam, Kuala Lumpur, 58200, Malaysia"
3206,23/02/2016,22:16:39,malay,female,fat,37.0,no,young,59.0,2.0,15.0,3.118819548,101.694936,"SJK (C) Kuen Cheng 2, Jalan Kerayong Aman, Seputeh, Kuala Lumpur, 50460, Malaysia"
3207,31/12/2015,13:16:12,malay,female,moderate,36.0,yes,no_kids,44.0,0.0,16.0,3.066872789,101.6821073,"Jalan 1/149L, Zone P, Bandar Baru Sri Petaling, Kuala Lumpur, 57000, Malaysia"
3208,15/02/2016,1:11:54,indian,female,fat,56.0,yes,toddler ,38.0,5.0,11.0,3.068663588,101.6984939,"Jalan Wan Malini 1, Zone H, Bandar Baru Sri Petaling, Kuala Lumpur, 57000, Malaysia"
3209,23/01/2016,6:43:02,foreigner,male,thin,45.0,no,no_kids,21.0,2.0,16.0,3.083983344,101.6637317,"Petaling Estate, Taman OUG, Kuala Lumpur, 58200, Malaysia"
3210,03/01/2016,14:44:22,chinese,female,moderate,41.0,no,young,46.0,5.0,11.0,3.083466265,101.7007304,"Megan Salak Park, Salak Selatan, Kuala Lumpur, 57100, Malaysia"
3211,29/02/2016,0:22:17,foreigner,male,fat,49.0,no,toddler ,22.0,2.0,10.0,3.088401288,101.6920349,"Jalan Kuchai Maju 13, Kuchai Entrepreneurs Park, Kuchai Lama, Kuala Lumpur, 58100, Malaysia"
3212,19/12/2015,0:32:46,malay,male,fat,25.0,yes,toddler ,33.0,0.0,12.0,3.111150916,101.7003808,"Setiawangsa–Pantai Expressway, MRT Escape Shaft 3, Cheras, Ulu Kelang, Kuala Lumpur, Gombak, Selangor, 50600, Malaysia"
3213,07/12/2015,8:08:43,chinese,male,moderate,43.0,no,baby,34.0,3.0,20.0,3.080903412,101.6764712,"Jalan Gembira, Taman United, Taman OUG, Kuala Lumpur, 58200, Malaysia"
3214,03/12/2015,16:03:47,foreigner,male,thin,44.0,no,toddler ,28.0,3.0,10.0,3.127228828,101.6829331,"Jalan Tun Sambanthan 1, Brickfields, Kuala Lumpur, 50470, Malaysia"
3215,27/12/2015,8:01:43,foreigner,male,thin,36.0,no,toddler,12.0,3.0,21.0,3.067389439,101.6582254,"Parklane OUG, Taman OUG, Kuala Lumpur, 47180, Malaysia"
3216,26/12/2015,6:18:23,indian,male,fat,28.0,yes,young,31.0,5.0,13.0,3.116350812,101.6830017,"Jalan Taman Seputeh, Seputeh, Kuala Lumpur, 50614, Malaysia"
3217,14/12/2015,12:31:05,foreigner,female,moderate,22.0,yes,toddler ,39.0,5.0,16.0,3.131804658,101.7047265,"Menara Zurich, Jalan Dewan Bahasa, Pudu, Kuala Lumpur, 50150, Malaysia"
3218,02/02/2016,23:47:42,chinese,female,thin,35.0,yes,toddler ,46.0,2.0,11.0,3.124798972,101.6533864,"University of Malaya, Lorong 12/14A, Seksyen 12, PJ State, Kuala Lumpur, Petaling, Selangor, 50603, Malaysia"
3219,01/03/2016,13:14:44,indian,female,thin,31.0,yes,baby,16.0,1.0,16.0,3.093596275,101.707437,"657B, Jalan 27, Kampung Baru Salak Selatan, Salak Selatan, Kuala Lumpur, 51020, Malaysia"
3220,01/02/2016,7:50:02,indian,female,thin,32.0,no,no_kids,21.0,5.0,19.0,3.101742979,101.6637917,"Pantai Dalam, Kuala Lumpur, 59200, Malaysia"
3221,27/01/2016,20:13:23,chinese,male,thin,36.0,no,toddler,47.0,4.0,20.0,3.136577355,101.6890867,"Jalan Stesen Sentral 2, KL Sentral, Kuala Lumpur, 50566, Malaysia"
3222,07/01/2016,19:21:00,indian,female,thin,22.0,yes,toddler ,23.0,5.0,21.0,3.117231913,101.6692148,"Tenaga National Sports Complex, Jalan Kilat, Tenaga Nasional Berhad, Bangsar, Kuala Lumpur, 50614, Malaysia"
3223,15/01/2016,10:34:16,malay,male,moderate,46.0,no,toddler ,59.0,1.0,19.0,3.073308998,101.7087387,"Jalan Lingkaran Tengah 2, Taman Castlefield, Sungai Besi, Kuala Lumpur, 57100, Malaysia"
3224,22/12/2015,7:48:26,foreigner,male,moderate,33.0,yes,toddler ,13.0,2.0,11.0,3.072674357,101.686765,"Jalan 7/149K, Zone N, Bandar Baru Sri Petaling, Kuala Lumpur, 57000, Malaysia"
3225,08/02/2016,19:16:47,foreigner,female,moderate,44.0,yes,baby,44.0,5.0,14.0,3.070219953,101.6416693,"Jalan Petaling Jaya Selatan 1/15, Taman Kinrara, Subang Jaya, Petaling, Selangor, 46050, Malaysia"
3226,19/01/2016,1:23:51,malay,male,fat,45.0,yes,toddler,44.0,3.0,17.0,3.06722069,101.7058971,"Lebuhraya Sungai Besi, Taman Castlefield, Sungai Besi, Kuala Lumpur, 57000, Malaysia"
3227,26/12/2015,1:21:49,indian,female,fat,55.0,no,toddler ,25.0,1.0,20.0,3.100164783,101.6823402,"Jalan Desa Ria, Taman Danau Desa, Taman Desa, Kuala Lumpur, 58100, Malaysia"
3228,13/12/2015,8:14:34,indian,female,moderate,33.0,yes,no_kids,43.0,5.0,9.0,3.076791779,101.6744305,"Jalan Hujan Emas 3, Taman Overseas Union, Taman OUG, Kuala Lumpur, 58200, Malaysia"
3229,22/01/2016,7:45:38,foreigner,male,moderate,38.0,yes,no_kids,55.0,3.0,14.0,3.104291057,101.6512414,"Ramakrishna Mission, 36, Jalan 10/7, Seksyen 10, PJ State, Petaling Jaya, Petaling, Selangor, 46000, Malaysia"
3230,09/02/2016,12:33:23,foreigner,female,moderate,53.0,no,no_kids,19.0,5.0,11.0,3.099863529,101.7020276,"Lebuhraya Maju, Bandar Sri Permaisuri, Salak Selatan, Kuala Lumpur, 58100, Malaysia"
3231,17/01/2016,15:34:39,foreigner,male,fat,47.0,yes,no_kids,59.0,1.0,19.0,3.108399347,101.6535466,"Shell, Jalan Gasing, PJ State, Petaling Jaya, Petaling, Selangor, 46661, Malaysia"
3232,12/02/2016,8:51:16,foreigner,male,thin,38.0,no,toddler ,49.0,2.0,8.0,3.136091011,101.7024656,"Bangunan Chi Nan, Jalan Choo Cheng Khay, Merdeka View, Pudu, Kuala Lumpur, 50150, Malaysia"
3233,11/12/2015,0:12:50,foreigner,male,fat,38.0,no,toddler,48.0,5.0,11.0,3.134028316,101.6947197,"Jalan Syed Putra, Bukit Petaling, Kuala Lumpur, 50460, Malaysia"
3234,11/02/2016,5:48:49,chinese,female,moderate,30.0,no,toddler ,59.0,1.0,13.0,3.107391245,101.6943634,"Seputeh, Kuala Lumpur, 58100, Malaysia"
3235,29/02/2016,4:05:56,malay,female,thin,58.0,no,young,38.0,1.0,7.0,3.111620426,101.6410722,"Jalan 12/19, Seksyen 12, PJ State, Petaling Jaya, Petaling, Selangor, 46200, Malaysia"
3236,17/12/2015,15:38:32,malay,male,moderate,43.0,no,young,31.0,4.0,13.0,3.074967738,101.6482589,"Jalan PJS 3/50, PJS 3, Petaling Jaya Selatan, Petaling Jaya, Petaling, Selangor, 46990, Malaysia"
3237,08/01/2016,16:41:05,indian,male,moderate,45.0,yes,young,54.0,1.0,14.0,3.106845133,101.6888249,"Jalan Desa Mesra, Taman Danau Desa, Taman Desa, Kuala Lumpur, 58100, Malaysia"
3238,18/01/2016,13:36:25,indian,male,moderate,34.0,no,baby,33.0,1.0,11.0,3.134927694,101.7030455,"Wisma Mirama, Jalan Wisma Putra, Bukit Petaling, Pudu, Kuala Lumpur, 50150, Malaysia"
3239,30/01/2016,16:03:32,malay,female,thin,49.0,yes,young,36.0,0.0,13.0,3.1100484,101.6802076,"Jalan Taman Bukit Desa, Taman Desa, Kuala Lumpur, 50614, Malaysia"
3240,07/12/2015,10:23:45,malay,female,thin,30.0,yes,no_kids,55.0,3.0,15.0,3.071473352,101.694048,"Jalan Merah Silu, Taman Sri Petaling, Bandar Baru Sri Petaling, Kuala Lumpur, 57000, Malaysia"
3241,09/02/2016,21:56:29,foreigner,male,fat,22.0,no,no_kids,36.0,0.0,11.0,3.085871566,101.7042004,"Jalan Vila Puncak Desa 2, Desa Petaling, Salak Selatan, Kuala Lumpur, 57100, Malaysia"
3242,02/12/2015,13:12:21,chinese,male,moderate,45.0,yes,no_kids,54.0,0.0,10.0,3.082611318,101.6888655,"99 Speedmart, Jalan Gembira, Taman Sri Serangkai, Kuchai Lama, Kuala Lumpur, 58200, Malaysia"
3243,02/02/2016,18:05:29,indian,male,fat,43.0,no,toddler ,43.0,4.0,13.0,3.074677173,101.6748561,"Jalan Hujan Emas 6, Taman Overseas Union, Taman OUG, Kuala Lumpur, 58200, Malaysia"
3244,04/02/2016,19:58:49,malay,female,moderate,23.0,yes,toddler,45.0,3.0,18.0,3.077349815,101.6989942,"Taman Salak Selatan, Salak Selatan, Kuala Lumpur, 57100, Malaysia"
3245,22/12/2015,7:53:01,malay,female,fat,44.0,yes,no_kids,22.0,2.0,14.0,3.111226565,101.7083058,"Jalan 1/89, Kawasan Perindustrian Trisegi, Kuala Lumpur, 55200, Malaysia"
3246,16/01/2016,1:47:50,indian,male,moderate,39.0,yes,baby,26.0,5.0,11.0,3.0767702,101.6999226,"Taman Salak Selatan, Salak Selatan, Kuala Lumpur, 57100, Malaysia"
3247,01/12/2015,23:02:22,chinese,male,thin,47.0,no,baby,29.0,3.0,16.0,3.119990536,101.6674743,"Pantai Hospital, Jalan Bukit Pantai, Bukit Pantai, Bangsar, Kuala Lumpur, 50614, Malaysia"
3248,25/02/2016,5:46:39,indian,female,thin,25.0,yes,no_kids,26.0,5.0,17.0,3.067800848,101.6916091,"Imperial Art College, Jalan Radin Anum 2, Zone J, Bandar Baru Sri Petaling, Kuala Lumpur, 57000, Malaysia"
3249,06/01/2016,8:27:34,indian,female,fat,22.0,yes,no_kids,31.0,4.0,10.0,3.073646678,101.6966592,"Jalan Sri Petaling 5, Zone F, Bandar Baru Sri Petaling, Kuala Lumpur, 57000, Malaysia"
3250,27/12/2015,9:35:34,indian,female,moderate,34.0,no,toddler ,46.0,2.0,18.0,3.124666275,101.655607,"University of Malaya, Lorong 12/14A, Seksyen 12, PJ State, Kuala Lumpur, Petaling, Selangor, 50603, Malaysia"
3251,21/12/2015,8:18:27,indian,female,fat,35.0,yes,toddler,34.0,3.0,16.0,3.136862282,101.6955491,"Impian Kota, Jalan Manau, Bukit Bintang, Kuala Lumpur, 50000, Malaysia"
3252,23/02/2016,19:05:45,indian,male,thin,23.0,yes,young,58.0,5.0,14.0,3.110540535,101.6915387,"Lebuhraya Salak, Seputeh, Kuala Lumpur, 50614, Malaysia"
3253,04/01/2016,13:35:50,malay,male,fat,47.0,yes,baby,32.0,1.0,13.0,3.10061293,101.6471034,"3, Jalan Timur, Seksyen 52, PJ State, Petaling Jaya, Petaling, Selangor, 46200, Malaysia"
3254,31/01/2016,4:09:13,malay,male,fat,33.0,no,baby,22.0,0.0,13.0,3.112896496,101.6694822,"Wisma TV Angkasapuri, Setiawangsa–Pantai Expressway, Cheras, Ulu Kelang, Kuala Lumpur, Gombak, Selangor, 50600, Malaysia"
3255,31/12/2015,6:18:22,malay,male,thin,28.0,no,young,58.0,4.0,10.0,3.137805625,101.6450617,"TPC Kuala Lumpur, Lebuhraya Sprint, Bukit Kiara, Kuala Lumpur, 46350, Malaysia"
3256,28/12/2015,22:42:31,chinese,female,moderate,44.0,yes,toddler ,40.0,3.0,18.0,3.078189844,101.7029848,"Lebuhraya Kuala Lumpur–Seremban, Desa Petaling, Kuala Lumpur, 57100, Malaysia"
3257,12/02/2016,7:22:45,indian,male,fat,18.0,no,young,12.0,0.0,11.0,3.101973668,101.6540436,"Jalan Bukit Badak 5/17, Seksyen 5, Bukit Gasing, Petaling Jaya, Petaling, Selangor, 46000, Malaysia"
3258,11/02/2016,10:19:32,chinese,male,moderate,47.0,yes,young,38.0,4.0,13.0,3.089274193,101.6459583,"Jalan 4/46, Seksyen 4, PJ Old Town, Petaling Jaya, Petaling, Selangor, 46990, Malaysia"
3259,22/01/2016,18:54:42,indian,female,thin,60.0,yes,no_kids,59.0,0.0,8.0,3.112676555,101.7043502,"Lebuhraya Kuala Lumpur–Seremban, Razak Mansion, Kuala Lumpur, 55200, Malaysia"
3260,23/02/2016,5:43:02,chinese,male,thin,38.0,yes,toddler,40.0,4.0,8.0,3.108035112,101.685105,"Taman Danau Desa, Taman Desa, Kuala Lumpur, 58100, Malaysia"
3261,24/12/2015,17:19:15,chinese,female,moderate,34.0,yes,young,60.0,0.0,20.0,3.087827228,101.6897026,"Shell, Jalan Kuchai Maju, Kuchai Entrepreneurs Park, Kuchai Lama, Kuala Lumpur, 58100, Malaysia"
3262,01/02/2016,8:50:42,malay,female,fat,31.0,no,toddler ,48.0,3.0,17.0,3.133165982,101.6438872,"Jalan KGPA, Kuala Lumpur, 46350, Malaysia"
3263,18/01/2016,17:31:14,chinese,female,moderate,24.0,yes,young,28.0,4.0,14.0,3.082325405,101.7054954,"Prestige Atlantic Asia Sdn Bhd, 1-2, Jalan 5/125d, Desa Petaling, 57100 Kuala Lumpur, Wilayah Persekutuan Kuala Lumpur, Jalan 5/125D, Desa Petaling, Salak Selatan, Kuala Lumpur, 57100, Malaysia"
3264,29/01/2016,12:28:48,malay,male,fat,44.0,yes,baby,42.0,5.0,16.0,3.125138276,101.6455401,"Lorong 16/9F, Seksyen 16, Petaling Jaya, Petaling, Selangor, 46350, Malaysia"
3265,13/01/2016,12:14:31,malay,male,thin,52.0,yes,baby,55.0,0.0,14.0,3.083465581,101.6659505,"Jalan 2/131A, Taman OUG, Kuala Lumpur, 58200, Malaysia"
3266,12/01/2016,16:48:37,malay,male,thin,23.0,yes,toddler,37.0,1.0,15.0,3.089756744,101.644226,"Kuarters Inai Merah MBPJ, Kuarters Inai Merah 4/46 MBPJ, PJ Old Town, Petaling Jaya, Petaling, Selangor, 46990, Malaysia"
3267,14/12/2015,15:06:32,chinese,male,fat,37.0,no,baby,48.0,5.0,9.0,3.078933245,101.6602189,"Block D, Jalan Seri Sentosa 4, Seri Sentosa, Taman OUG, Kuala Lumpur, 58000, Malaysia"
3268,10/12/2015,6:26:21,chinese,female,thin,32.0,no,baby,19.0,3.0,19.0,3.077652339,101.69794,"Taman Naga Emas, Sungai Besi, Kuala Lumpur, 57100, Malaysia"
3269,28/12/2015,3:02:46,foreigner,female,thin,24.0,yes,toddler,20.0,5.0,17.0,3.104408275,101.6560029,"Lorong 5/10A, Seksyen 5, Bukit Gasing, Petaling Jaya, Petaling, Selangor, 46000, Malaysia"
3270,29/02/2016,9:40:26,chinese,female,fat,51.0,yes,toddler ,60.0,3.0,20.0,3.128252687,101.6933183,"Kuen Cheng High School 吉隆坡坤成中学, Jalan Syed Putra, Bukit Petaling, Seputeh, Kuala Lumpur, 50460, Malaysia"
3271,04/01/2016,12:38:16,indian,male,moderate,25.0,yes,toddler,46.0,5.0,14.0,3.094636654,101.6988921,"Jalan 14/108C, Taman Sungai Besi, Salak Selatan, Kuala Lumpur, 57100, Malaysia"
3272,09/02/2016,19:15:03,foreigner,female,fat,59.0,no,young,50.0,5.0,16.0,3.112934255,101.6838232,"Jalan Tanjung 12, Seputeh, Kuala Lumpur, 50614, Malaysia"
3273,11/01/2016,3:32:55,chinese,female,thin,43.0,yes,toddler,47.0,4.0,11.0,3.074067031,101.668927,"Persiaran Awan, Taman Yarl, Taman OUG, Kuala Lumpur, 58200, Malaysia"
3274,07/01/2016,22:44:39,indian,female,thin,33.0,no,toddler,58.0,3.0,12.0,3.071699161,101.6684223,"Jalan Awan Dandan, Taman Yarl, Taman OUG, Kuala Lumpur, 58200, Malaysia"
3275,07/12/2015,3:25:25,malay,male,fat,20.0,yes,toddler ,37.0,2.0,7.0,3.070827423,101.6540257,"Checkers, Seri Sentosa, Taman OUG, Kuala Lumpur, 58000, Malaysia"
3276,28/01/2016,2:41:25,indian,female,thin,53.0,no,young,58.0,1.0,17.0,3.099743643,101.6834511,"Jalan Desa Damai, Taman Danau Desa, Taman Desa, Kuala Lumpur, 58100, Malaysia"
3277,24/02/2016,21:52:35,indian,male,thin,35.0,yes,young,22.0,5.0,9.0,3.07968002,101.6463799,"TPU1, Jalan PJS 1/25, PJS 1, PJ Old Town, Petaling Jaya, Petaling, Selangor, 46990, Malaysia"
3278,04/12/2015,18:15:37,foreigner,male,moderate,50.0,no,toddler ,26.0,3.0,20.0,3.130146469,101.6464534,"Jalan KGPA, Kuala Lumpur, 46350, Malaysia"
3279,14/02/2016,8:48:33,foreigner,male,thin,52.0,yes,young,49.0,4.0,21.0,3.107927468,101.6954349,"Bandar Malaysia - High Speed Rail station to Singapore, Lebuhraya Salak, Seputeh, Kuala Lumpur, 50614, Malaysia"
3280,12/12/2015,0:00:34,malay,male,thin,54.0,no,baby,55.0,0.0,21.0,3.078701876,101.685405,"Jalan Ramah, Taman Gembira, Taman OUG, Kuala Lumpur, 58200, Malaysia"
3281,30/12/2015,1:19:03,indian,female,thin,39.0,yes,baby,34.0,1.0,9.0,3.119721858,101.6896177,"Robson Heights Codominium, Impian Diatas, Seputeh, Kuala Lumpur, 50460, Malaysia"
3282,17/02/2016,16:18:49,indian,male,fat,28.0,no,toddler,51.0,4.0,7.0,3.070263695,101.6850778,"Jalan 1/149K, Zone N, Bandar Baru Sri Petaling, Kuala Lumpur, 57000, Malaysia"
3283,22/02/2016,14:03:17,indian,male,fat,32.0,yes,no_kids,42.0,4.0,11.0,3.077942459,101.661575,"Jalan Taman Seri Sentosa, Seri Sentosa, Taman OUG, Kuala Lumpur, 58200, Malaysia"
3284,27/12/2015,1:36:54,chinese,male,thin,30.0,no,toddler,40.0,5.0,17.0,3.134159949,101.6442927,"Jalan KGPA, Kuala Lumpur, 46350, Malaysia"
3285,19/02/2016,4:52:38,chinese,female,fat,60.0,yes,young,29.0,0.0,18.0,3.129272862,101.6788245,"SJK (T) Bangsar, Lengkok Abdulah, Bukit Bangsar, Bangsar, Kuala Lumpur, 59000, Malaysia"
3286,05/01/2016,12:21:55,malay,female,fat,42.0,no,baby,22.0,1.0,20.0,3.068778554,101.6928567,"Jalan Radin Tengah, Zone J, Bandar Baru Sri Petaling, Kuala Lumpur, 57000, Malaysia"
3287,22/01/2016,0:50:01,indian,female,thin,42.0,no,toddler,16.0,4.0,7.0,3.128964959,101.6723419,"Jalan Tempinis 1, Taman Lucky, Kuala Lumpur, 59100, Malaysia"
3288,18/12/2015,7:13:05,malay,male,thin,25.0,no,toddler,53.0,4.0,14.0,3.124181476,101.7036852,"Jalan Istana, Bukit Petaling, Pudu, Kuala Lumpur, 55200, Malaysia"
3289,19/02/2016,19:15:08,indian,male,fat,30.0,no,toddler,49.0,0.0,9.0,3.107891722,101.7041156,"Pasar Razak Mansion, Razak Mansion, Kuala Lumpur, 51020, Malaysia"
3290,11/12/2015,20:25:13,indian,female,moderate,59.0,no,toddler,41.0,1.0,14.0,3.096872947,101.6968614,"Surau Al-Muslihin, Jalan 1/108C, Bandar Sri Permaisuri, Salak Selatan, Kuala Lumpur, 57100, Malaysia"
3291,30/01/2016,16:43:06,indian,male,moderate,31.0,yes,young,24.0,5.0,8.0,3.123367519,101.69043,"Siu Siu Seputeh, Lorong Syed Putra Kiri, Le Chateau 2, Seputeh, Kuala Lumpur, 50460, Malaysia"
3292,12/02/2016,1:22:04,foreigner,female,thin,31.0,yes,no_kids,18.0,4.0,9.0,3.09647017,101.6730807,"The Scott Garden, 289, Jalan Klang Lama, Taman Goodwood, Pantai Dalam, Kuala Lumpur, 58100, Malaysia"
3293,26/12/2015,3:24:55,malay,male,moderate,27.0,no,no_kids,36.0,5.0,7.0,3.081750879,101.6599224,"Lorong 18/16B, PJS 1, PJ Old Town, Petaling Jaya, Petaling, Selangor, 58000, Malaysia"
3294,27/12/2015,12:24:56,malay,male,moderate,28.0,no,toddler,53.0,3.0,16.0,3.116198739,101.6631993,"Pullman Kuala Lumpur-Bangsar Hotel, Lorong Motosikal Lebuhraya Persekutuan, Pantai Baru, Kuala Lumpur, 50614, Malaysia"
3295,21/01/2016,15:06:46,indian,male,moderate,45.0,yes,baby,22.0,0.0,17.0,3.119261036,101.683889,"Jalan Bukit Seputeh 3, Vasana 25 @ Seputeh Heights, Seputeh, Kuala Lumpur, 50460, Malaysia"
3296,18/02/2016,5:14:44,indian,male,moderate,55.0,no,toddler,57.0,4.0,18.0,3.092464748,101.6522777,"Jalan Gasing, Seksyen 5, Bukit Gasing, Petaling Jaya, Petaling, Selangor, 46000, Malaysia"
3297,28/12/2015,3:14:03,indian,male,moderate,55.0,yes,toddler,16.0,4.0,20.0,3.089790418,101.665953,"Pantai Dalam, Kuala Lumpur, 58000, Malaysia"
3298,05/12/2015,3:48:46,malay,male,thin,33.0,no,toddler ,33.0,4.0,19.0,3.113541351,101.6449564,"Lorong 12/14B, Seksyen 12, PJ State, Petaling Jaya, Petaling, Selangor, 46200, Malaysia"
3299,24/02/2016,12:22:09,chinese,male,thin,31.0,no,young,53.0,5.0,11.0,3.129592404,101.6839506,"Pos Malaysia, Jalan Thamby Abdullah, Brickfields, Kuala Lumpur, 50470, Malaysia"
3300,23/01/2016,5:38:44,malay,female,fat,52.0,no,young,27.0,3.0,7.0,3.070370627,101.6580795,"Taman Suria, Kuala Lumpur, 58200, Malaysia"
3301,24/12/2015,22:44:25,malay,male,moderate,45.0,no,young,57.0,2.0,17.0,3.077468223,101.6809431,"Poliklinik Perubatan, Jalan Lazat 1, Taman Bukit Indah, Taman OUG, Kuala Lumpur, 58200, Malaysia"
3302,23/12/2015,3:13:01,chinese,male,thin,26.0,no,no_kids,36.0,2.0,11.0,3.107949037,101.6658822,"Dewi Pet Shop Pantai Dalam, Centrio Pantai Hillpark, Pantai Dalam, Kuala Lumpur, 59200, Malaysia"
3303,13/01/2016,4:24:06,malay,female,fat,45.0,yes,toddler,37.0,4.0,17.0,3.12184577,101.6449529,"Jalan Dato Abu Bakar 16/1, Petaling Jaya, Petaling, Selangor, 47350, Malaysia"
3304,07/12/2015,17:51:02,malay,male,moderate,30.0,yes,toddler,39.0,2.0,13.0,3.126769848,101.7021667,"Jalan Istana, Bukit Petaling, Pudu, Kuala Lumpur, 55200, Malaysia"
3305,14/12/2015,13:40:23,indian,male,fat,23.0,no,toddler ,48.0,3.0,20.0,3.080037595,101.7057594,"Desa Petaling, Salak Selatan, Kuala Lumpur, 57100, Malaysia"
3306,16/02/2016,19:16:59,indian,male,thin,23.0,no,toddler ,28.0,1.0,19.0,3.119848846,101.702507,"Az-Zubair Mosque KL Air Base, Jalan Lapangan Terbang Lama, Kuala Lumpur, 55200, Malaysia"
3307,18/12/2015,6:56:00,indian,male,fat,44.0,no,no_kids,28.0,1.0,20.0,3.124155444,101.6453778,"Jalan 16/9, Seksyen 16, Petaling Jaya, Petaling, Selangor, 46350, Malaysia"
3308,10/01/2016,15:43:12,foreigner,female,thin,55.0,no,toddler,38.0,1.0,11.0,3.08448266,101.6995618,"Pusat Perdagangan Hexa, Salak Selatan, Kuala Lumpur, 57100, Malaysia"
3309,07/02/2016,6:35:25,indian,male,moderate,43.0,yes,young,49.0,1.0,20.0,3.069999734,101.6897573,"مركز الدعوة سري بيتالنغ, Jalan 3/149J, Zone L, Bandar Baru Sri Petaling, Kuala Lumpur, 57000, Malaysia"
3310,19/12/2015,0:27:39,malay,female,fat,54.0,no,no_kids,51.0,2.0,11.0,3.116132104,101.6714049,"SK Bangsar, Jalan Pantai Baharu, Bukit Pantai, Kampung Tradisi Sri Pantai, Kuala Lumpur, 50614, Malaysia"
3311,03/12/2015,13:06:22,foreigner,female,fat,44.0,yes,toddler,46.0,3.0,21.0,3.108372215,101.6587078,"Lorong 5/21B, Seksyen 5, Bukit Gasing, Petaling Jaya, Petaling, Selangor, 46000, Malaysia"
3312,28/12/2015,23:42:57,chinese,female,thin,38.0,no,no_kids,47.0,1.0,15.0,3.109525684,101.6882953,"Seputeh, Kuala Lumpur, 58100, Malaysia"
3313,09/12/2015,12:05:56,indian,female,moderate,55.0,yes,toddler ,22.0,4.0,16.0,3.094588775,101.6509221,"Jalan Endah, Seksyen 6, Bukit Gasing, Petaling Jaya, Petaling, Selangor, 46990, Malaysia"
3314,18/02/2016,2:07:25,indian,male,moderate,52.0,yes,no_kids,34.0,5.0,10.0,3.135335782,101.7091545,"Mail Boxes Kenanga Wholesale, Jalan Gelugur, Pudu, Kuala Lumpur, 55720, Malaysia"
3315,21/01/2016,6:17:13,chinese,female,moderate,58.0,yes,baby,45.0,0.0,20.0,3.071590237,101.6445294,"PJS 3, Petaling Jaya Selatan, Petaling Jaya, Petaling, Selangor, 46050, Malaysia"
3316,26/02/2016,3:10:38,chinese,male,thin,59.0,yes,no_kids,19.0,2.0,20.0,3.092917424,101.7056919,"Jalan 30/108, Bandar Sri Permaisuri, Salak Selatan, Kuala Lumpur, 51020, Malaysia"
3317,17/01/2016,22:20:14,foreigner,female,thin,27.0,yes,toddler,25.0,3.0,20.0,3.094176996,101.6565126,"Hutan Pendidikan Bukit Gasing, Jalan 5/69, Taman Petaling, Bukit Gasing, Petaling Jaya, Petaling, Selangor, 46000, Malaysia"
3318,02/02/2016,8:02:20,malay,male,moderate,34.0,yes,young,32.0,0.0,10.0,3.13761338,101.6568408,"Lorong Beluntas 2, Medan Damansara, Bukit Damansara, Kuala Lumpur, 50490, Malaysia"
3319,31/12/2015,9:31:19,malay,male,fat,29.0,yes,no_kids,12.0,1.0,7.0,3.116375085,101.6484087,"Jalan 12/7, Seksyen 12, PJ State, Petaling Jaya, Petaling, Selangor, 50603, Malaysia"
3320,14/12/2015,13:34:59,malay,female,moderate,39.0,yes,toddler ,43.0,5.0,12.0,3.112547601,101.6507092,"Jalan 11/12, Seksyen 11, PJ State, Petaling Jaya, Petaling, Selangor, 46200, Malaysia"
3321,16/01/2016,22:29:13,malay,female,moderate,41.0,yes,young,59.0,2.0,10.0,3.086800171,101.670885,"10, Jalan 1/137B, Taman Skyline, Taman OUG, Petaling Jaya, 58200, Malaysia"
3322,15/12/2015,5:35:12,foreigner,female,thin,53.0,yes,toddler,18.0,5.0,12.0,3.122227493,101.6790966,"Sri Aathipuriswarer Temple, Jalan Ang Seng, Brickfields, Kuala Lumpur, 59000, Malaysia"
3323,16/01/2016,1:50:57,chinese,male,thin,42.0,yes,toddler,46.0,4.0,8.0,3.079615041,101.6929191,"Jalan Gempita 9, Taman Naga Emas, Kuchai Lama, Kuala Lumpur, 57100, Malaysia"
3324,15/01/2016,9:42:27,chinese,male,moderate,38.0,yes,young,48.0,0.0,13.0,3.112954328,101.6420086,"Jalan 12/15, Seksyen 12, PJ State, Petaling Jaya, Petaling, Selangor, 46200, Malaysia"
3325,05/12/2015,11:47:44,malay,female,moderate,39.0,yes,baby,17.0,0.0,12.0,3.071275511,101.6470528,"PJS 3, Petaling Jaya Selatan, Petaling Jaya, Petaling, Selangor, 46990, Malaysia"
3326,11/12/2015,4:05:32,foreigner,female,thin,23.0,yes,toddler,40.0,4.0,16.0,3.084673002,101.6598279,"Jalan 5/63, Taman Petaling, Bukit Gasing, Petaling Jaya, Petaling, Selangor, 46000, Malaysia"
3327,02/02/2016,23:01:28,chinese,female,fat,47.0,yes,baby,48.0,4.0,17.0,3.115851107,101.6856826,"Jalan Bukit Seputih 1, Seputeh Heights, Seputeh, Kuala Lumpur, 50460, Malaysia"
3328,19/12/2015,16:46:04,chinese,female,moderate,24.0,no,no_kids,11.0,1.0,11.0,3.130021352,101.6971001,"Jalan Bellamy, Bukit Petaling, Seputeh, Kuala Lumpur, 50460, Malaysia"
3329,11/02/2016,16:35:33,chinese,female,fat,52.0,yes,toddler,59.0,0.0,21.0,3.123941926,101.681432,"Jalan Syed Putra, Seputeh, Kuala Lumpur, 50470, Malaysia"
3330,28/01/2016,12:36:54,chinese,female,fat,54.0,yes,no_kids,27.0,3.0,13.0,3.074264783,101.6882722,"Jalan Senang Ria, Bandar Baru Sri Petaling, Kuala Lumpur, 57000, Malaysia"
3331,12/02/2016,11:27:43,malay,male,fat,33.0,yes,toddler ,32.0,0.0,8.0,3.088520542,101.6948912,"Lebuhraya Maju, Taman Salak Selatan, Salak Selatan, Kuala Lumpur, 57100, Malaysia"
3332,14/12/2015,13:47:32,chinese,female,thin,60.0,yes,toddler ,48.0,1.0,12.0,3.093209497,101.6499794,"Jalan 6/5, Seksyen 6, Bukit Gasing, Petaling Jaya, Petaling, Selangor, 46990, Malaysia"
3333,13/12/2015,7:53:57,indian,male,fat,44.0,no,baby,35.0,0.0,9.0,3.110592873,101.7017706,"Setiawangsa–Pantai Expressway, MRT Escape Shaft 3, Cheras, Ulu Kelang, Kuala Lumpur, Gombak, Selangor, 50600, Malaysia"
3334,30/12/2015,11:51:12,indian,female,thin,26.0,yes,toddler ,43.0,5.0,9.0,3.079307797,101.6610532,"Jalan Seri Sentosa 4, Seri Sentosa, Taman OUG, Kuala Lumpur, 58000, Malaysia"
3335,17/02/2016,10:21:33,chinese,female,moderate,31.0,yes,young,48.0,5.0,14.0,3.08576047,101.6948138,"The Leafz, Lebuhraya Sungai Besi, Taman Salak Selatan, Salak Selatan, Kuala Lumpur, 57100, Malaysia"
3336,16/02/2016,13:12:36,foreigner,male,fat,48.0,no,no_kids,29.0,4.0,21.0,3.077582817,101.6711543,"SK Seri Mega, Jalan Hujan, Taman Overseas Union, Taman OUG, Kuala Lumpur, 58200, Malaysia"
3337,10/12/2015,6:23:55,chinese,male,thin,36.0,yes,toddler ,13.0,5.0,16.0,3.093931872,101.6939179,"Ajinomoto Malaysia, Jalan Kuchai Lama, Kuchai Lama, Kuala Lumpur, 58100, Malaysia"
3338,16/01/2016,4:32:26,foreigner,male,moderate,53.0,yes,toddler,24.0,2.0,19.0,3.098507502,101.657903,"Hutan Pendidikan Bukit Gasing, Jalan 5/69, Taman Petaling, Bukit Gasing, Petaling Jaya, Petaling, Selangor, 46000, Malaysia"
3339,30/01/2016,15:43:42,indian,female,moderate,40.0,no,baby,40.0,5.0,14.0,3.072369524,101.6742981,"Lorong Hujan 2, Taman Overseas Union, Taman OUG, Kuala Lumpur, 58200, Malaysia"
3340,15/02/2016,16:45:56,malay,female,thin,54.0,no,baby,60.0,4.0,12.0,3.08463735,101.688117,"Gembira Park, Jalan Riang 4, Taman Gembira, Kuchai Lama, Kuala Lumpur, 58200, Malaysia"
3341,30/12/2015,5:09:37,chinese,male,fat,26.0,yes,no_kids,27.0,0.0,8.0,3.083986533,101.6778394,"Meadow Park 1, Jalan Seragam, Taman United, Kuchai Lama, Kuala Lumpur, 58200, Malaysia"
3342,14/02/2016,7:18:54,malay,female,thin,28.0,yes,toddler ,24.0,1.0,14.0,3.112870226,101.7030075,"Setiawangsa–Pantai Expressway, MRT Escape Shaft 3, Cheras, Ulu Kelang, Kuala Lumpur, Gombak, Selangor, 50600, Malaysia"
3343,25/12/2015,11:59:22,chinese,male,moderate,37.0,no,toddler ,57.0,0.0,11.0,3.132453181,101.68694,"Menara Allianz Sentral, Jalan Tun Sambanthan, Kuala Lumpur, 50470, Malaysia"
3344,29/01/2016,21:16:59,malay,female,moderate,47.0,no,no_kids,40.0,1.0,17.0,3.082044581,101.6448458,"Lebuhraya Baru Pantai, Taman Petaling Utama, PJ Old Town, Petaling Jaya, Petaling, Selangor, 46050, Malaysia"
3345,11/02/2016,15:41:51,chinese,male,thin,54.0,yes,toddler,35.0,3.0,14.0,3.121295067,101.6655897,"Jalan Pantai Endah, Bukit Pantai, Bangsar, Kuala Lumpur, 59100, Malaysia"
3346,16/12/2015,12:58:54,chinese,female,thin,41.0,no,no_kids,29.0,1.0,15.0,3.075287932,101.6984784,"Taman Castlefield, Sungai Besi, Kuala Lumpur, 57100, Malaysia"
3347,24/01/2016,9:10:59,indian,male,moderate,42.0,yes,toddler,22.0,1.0,13.0,3.105621403,101.7063523,"Jalan Sungai Besi, Razak Mansion, Kuala Lumpur, 51020, Malaysia"
3348,02/01/2016,21:47:01,foreigner,female,thin,41.0,yes,young,24.0,0.0,9.0,3.108667176,101.7065093,"Block B2, Jalan Besi, Razak Mansion, Kuala Lumpur, 55200, Malaysia"
3349,19/02/2016,17:28:07,indian,female,thin,19.0,yes,no_kids,27.0,0.0,11.0,3.106456672,101.6525801,"Jalan 10/6, Seksyen 10, PJ State, Petaling Jaya, Petaling, Selangor, 46000, Malaysia"
3350,12/12/2015,12:26:37,malay,female,moderate,37.0,yes,young,26.0,3.0,11.0,3.13672105,101.6468925,"Jalan Bukit Kiara 1, Bukit Kiara, Kuala Lumpur, 60000, Malaysia"
3351,16/12/2015,14:04:31,indian,male,thin,24.0,no,baby,22.0,5.0,8.0,3.079802883,101.7095973,"To Lobby Utama, Kuala Lumpur, 57100, Malaysia"
3352,26/12/2015,8:34:46,indian,male,moderate,28.0,no,no_kids,21.0,3.0,9.0,3.123216781,101.6988656,"Jalan Kerayong, Bukit Petaling, Seputeh, Kuala Lumpur, 50460, Malaysia"
3353,22/12/2015,12:47:04,malay,female,moderate,34.0,no,toddler ,42.0,1.0,20.0,3.100844019,101.6668838,"Pantai Sentral Park, Pantai Dalam, Kuala Lumpur, 59200, Malaysia"
3354,23/12/2015,7:08:09,malay,female,fat,50.0,no,toddler ,11.0,3.0,10.0,3.086276477,101.6444036,"Jalan 2/36, Seksyen 2, PJ Old Town, Petaling Jaya, Petaling, Selangor, 46000, Malaysia"
3355,20/02/2016,5:11:19,indian,female,fat,40.0,yes,toddler,51.0,4.0,15.0,3.069943717,101.6633758,"Jalan Awan Berarak 1, Taman Yarl, Taman OUG, Kuala Lumpur, 58200, Malaysia"
3356,01/03/2016,12:13:24,chinese,male,moderate,24.0,yes,toddler ,34.0,4.0,17.0,3.082805936,101.6868217,"Visitor parking, Jalan Gembira, Taman Gembira, Kuchai Lama, Kuala Lumpur, 58200, Malaysia"
3357,11/02/2016,6:07:07,chinese,female,fat,34.0,yes,baby,57.0,0.0,12.0,3.078853421,101.7035869,"Lebuhraya Sungai Besi, Desa Petaling, Salak Selatan, Kuala Lumpur, 57100, Malaysia"
3358,01/03/2016,11:35:27,indian,female,thin,42.0,no,no_kids,16.0,3.0,12.0,3.136994715,101.6735419,"Kita Kids, 150, Lorong Maarof, Taman Bangsar, Kuala Lumpur, 59000, Malaysia"
3359,31/12/2015,7:48:38,malay,male,moderate,47.0,no,toddler,18.0,3.0,17.0,3.070220461,101.6524865,"Kuala Lumpur, 47180, Malaysia"
3360,11/01/2016,19:17:08,chinese,male,thin,59.0,no,young,20.0,4.0,9.0,3.085960156,101.7012982,"Jalan 4/125, Kampung Baru Salak Selatan, Salak Selatan, Kuala Lumpur, 57100, Malaysia"
3361,10/12/2015,8:24:28,indian,female,fat,28.0,no,no_kids,29.0,2.0,16.0,3.1312063,101.7075485,"Pudu, Kuala Lumpur, 55200, Malaysia"
3362,22/01/2016,20:19:28,indian,male,thin,37.0,yes,toddler ,56.0,0.0,18.0,3.085630192,101.6528454,"Masala Wheels, Jalan 1/3A, Seksyen 1, PJ Old Town, Petaling Jaya, Petaling, Selangor, 46000, Malaysia"
3363,13/01/2016,19:48:41,foreigner,male,moderate,55.0,no,young,49.0,3.0,18.0,3.104729932,101.6645086,"GiatMARA Lembah Pantai, Jalan Pantai Murni 2, Pantai Dalam, Kuala Lumpur, 59200, Malaysia"
3364,20/02/2016,13:22:40,malay,female,fat,45.0,yes,toddler,14.0,1.0,7.0,3.095500207,101.6719848,"Blok D, Jalan Kampung Pasir, PPR Pantai Ria, Pantai Dalam, Kuala Lumpur, 58200, Malaysia"
3365,20/01/2016,6:50:52,foreigner,female,fat,20.0,yes,toddler ,11.0,4.0,21.0,3.070933261,101.6631413,"Jalan 9A, Taman Tan Yew Lai, Taman OUG, Kuala Lumpur, 58200, Malaysia"
3366,17/12/2015,5:48:48,malay,male,thin,21.0,yes,young,33.0,3.0,14.0,3.120639096,101.6738025,"Ibu Pejabat TNB KL ECO City, Jalan Bangsar, Bangsar, Kuala Lumpur, 59000, Malaysia"
3367,03/02/2016,13:08:33,foreigner,female,fat,35.0,no,toddler,60.0,5.0,10.0,3.122262019,101.6872058,"Thean Hou Temple, Impian Diatas, Seputeh, Kuala Lumpur, 50460, Malaysia"
3368,27/12/2015,22:36:03,foreigner,male,fat,37.0,no,toddler,42.0,4.0,18.0,3.13505928,101.6884522,"Jalan Stesen Sentral 4, KL Sentral, Kuala Lumpur, 50566, Malaysia"
3369,08/12/2015,22:26:13,chinese,male,thin,38.0,no,no_kids,46.0,5.0,21.0,3.107259362,101.6515548,"SMJK Katholik (PJ), Jalan 10/3, Seksyen 10, PJ State, Petaling Jaya, Petaling, Selangor, 46000, Malaysia"
3370,24/01/2016,13:37:33,malay,female,moderate,52.0,yes,toddler ,12.0,1.0,15.0,3.133598427,101.7096539,"SMK Dato' Onn, Jalan Gelang, Pudu, Kuala Lumpur, 55200, Malaysia"
3371,21/02/2016,13:14:38,malay,female,thin,46.0,yes,no_kids,45.0,1.0,10.0,3.127870447,101.6471471,"Jalan Dato Abu Bakar 16/1, Petaling Jaya, Petaling, Selangor, 46350, Malaysia"
3372,28/01/2016,0:44:06,chinese,male,thin,24.0,no,toddler,24.0,5.0,8.0,3.074613712,101.6659312,"Taman Tan Yew Lai, Taman OUG, Kuala Lumpur, 58200, Malaysia"
3373,14/02/2016,3:25:51,chinese,male,fat,39.0,no,toddler,23.0,0.0,11.0,3.117201373,101.6979021,"Seputeh, Kuala Lumpur, 50460, Malaysia"
3374,27/01/2016,7:39:33,malay,male,fat,50.0,no,baby,14.0,1.0,13.0,3.079668918,101.6839464,"Jalan Jiran 12, Taman Sri Serangkai, Kuchai Lama, Kuala Lumpur, 58200, Malaysia"
3375,28/01/2016,20:28:29,foreigner,male,fat,21.0,no,toddler,39.0,5.0,8.0,3.078120965,101.648436,"Jalan PJS 1/52, PJS 1, Petaling Jaya Selatan, Petaling Jaya, Petaling, Selangor, 46990, Malaysia"
3376,15/02/2016,13:21:57,malay,female,thin,20.0,yes,no_kids,45.0,0.0,13.0,3.100806604,101.7002647,"Bandar Sri Permaisuri, Salak Selatan, Kuala Lumpur, 58100, Malaysia"
3377,14/12/2015,9:06:30,indian,female,thin,49.0,no,young,58.0,1.0,16.0,3.112224493,101.6878428,"Jalan Desa Seputeh 3, Seputeh, Kuala Lumpur, 58100, Malaysia"
3378,11/02/2016,11:52:06,malay,female,moderate,56.0,no,toddler ,43.0,4.0,21.0,3.095138496,101.6591469,"2B, Liana Steps, Bukit Gasing, Petaling Jaya, Petaling, Selangor, 58000, Malaysia"
3379,19/12/2015,1:18:04,malay,male,thin,45.0,yes,no_kids,16.0,4.0,11.0,3.134399096,101.6691487,"Jalan Terasek 7, Bukit Bandaraya, Bangsar, Kuala Lumpur, 59100, Malaysia"
3380,18/12/2015,1:20:21,malay,female,thin,21.0,yes,young,29.0,1.0,12.0,3.103897754,101.6456761,"KJ20 Taman Jaya, Persiaran Barat, Seksyen 52, PJ State, Petaling Jaya, Petaling, Selangor, 46200, Malaysia"
3381,12/01/2016,11:22:13,foreigner,female,moderate,18.0,yes,toddler,15.0,0.0,7.0,3.071534305,101.6931382,"Jalan Merah Silu, Taman Sri Petaling, Bandar Baru Sri Petaling, Kuala Lumpur, 57000, Malaysia"
3382,14/01/2016,0:34:10,chinese,female,fat,46.0,no,no_kids,29.0,0.0,21.0,3.134392505,101.6847392,"Jalan Travers, Kuala Lumpur, 50470, Malaysia"
3383,14/02/2016,23:49:44,indian,female,thin,44.0,no,toddler ,21.0,4.0,10.0,3.132064215,101.6942377,"Jalan Syed Putra, Bukit Petaling, Seputeh, Kuala Lumpur, 50460, Malaysia"
3384,26/02/2016,20:26:47,malay,female,fat,51.0,no,young,35.0,5.0,8.0,3.075884415,101.645291,"PJS 1, Petaling Jaya Selatan, Petaling Jaya, Petaling, Selangor, 46050, Malaysia"
3385,09/02/2016,19:34:57,indian,female,moderate,45.0,no,baby,48.0,2.0,21.0,3.135127064,101.6518615,"Lebuhraya Sprint (Hubungan Damansara), Kuala Lumpur, 46350, Malaysia"
3386,17/02/2016,11:46:16,indian,female,thin,31.0,yes,young,27.0,2.0,16.0,3.11233016,101.6569937,"Trinity Methodist Church, Lorong Motosikal Lebuhraya Persekutuan, PJ State, Petaling Jaya, Petaling, Selangor, 50603, Malaysia"
3387,16/01/2016,16:58:47,chinese,female,moderate,37.0,no,toddler,29.0,2.0,10.0,3.104053915,101.6744161,"PPR Pantai Ria, Pantai Dalam, Kuala Lumpur, 59200, Malaysia"
3388,24/01/2016,1:47:35,indian,male,fat,20.0,yes,toddler,41.0,1.0,16.0,3.118855484,101.6974615,"Seputeh, Kuala Lumpur, 50460, Malaysia"
3389,20/01/2016,7:30:24,malay,female,thin,58.0,yes,toddler ,53.0,3.0,21.0,3.139262383,101.6551088,"Jalan Beluntas, Medan Damansara, Bukit Damansara, Kuala Lumpur, 50490, Malaysia"
3390,13/01/2016,2:24:24,indian,male,fat,32.0,no,no_kids,47.0,3.0,17.0,3.098307237,101.6666989,"Jalan Pantai Sentral, Pantai Sentral Park, Pantai Dalam, Kuala Lumpur, 58000, Malaysia"
3391,04/02/2016,8:07:19,chinese,male,fat,47.0,yes,no_kids,44.0,1.0,9.0,3.068958574,101.6570672,"J&T Express, Jalan 1/152, Taman Suria, Taman OUG, Kuala Lumpur, 47180, Malaysia"
3392,17/02/2016,23:00:40,foreigner,female,thin,58.0,yes,no_kids,57.0,1.0,13.0,3.106305,101.701365,"Taiga Residences, Lebuhraya Kuala Lumpur–Seremban, Razak Mansion, Kuala Lumpur, 58100, Malaysia"
3393,07/12/2015,3:27:00,foreigner,male,fat,27.0,no,young,58.0,0.0,21.0,3.089356575,101.6892185,"Mestari Adjusters Sdn Bhd, 37, Jalan Kuchai Maju, Kuchai Entrepreneurs Park, Kuchai Lama, Kuala Lumpur, 58100, Malaysia"
3394,17/01/2016,21:03:57,chinese,male,thin,45.0,no,no_kids,31.0,5.0,9.0,3.134981982,101.6530908,"Lebuhraya Sprint (Hubungan Damansara), Kuala Lumpur, 46350, Malaysia"
3395,14/01/2016,13:02:00,malay,male,fat,58.0,no,no_kids,42.0,4.0,13.0,3.074405959,101.7089492,"Taman Castlefield, Sungai Besi, Kuala Lumpur, 57100, Malaysia"
3396,10/12/2015,10:45:39,foreigner,male,fat,31.0,yes,toddler ,46.0,1.0,21.0,3.07014103,101.6601245,"Jalan 9/152, OUG Industrial Park, Taman OUG, Kuala Lumpur, 58200, Malaysia"
3397,04/12/2015,10:09:10,malay,male,thin,57.0,no,young,56.0,0.0,20.0,3.129827326,101.6597379,"University of Malaya, Lorong 12/14A, Seksyen 12, PJ State, Kuala Lumpur, Petaling, Selangor, 50603, Malaysia"
3398,10/12/2015,17:20:58,indian,female,moderate,29.0,yes,toddler,34.0,1.0,14.0,3.079283954,101.6947829,"Jalan Bendahara, Taman Naga Emas, Kuchai Lama, Kuala Lumpur, 57000, Malaysia"
3399,04/01/2016,3:35:59,indian,female,moderate,20.0,no,toddler ,28.0,3.0,10.0,3.119363593,101.6481363,"Shell, Lorong Universiti A, Kuala Lumpur, 50603, Malaysia"
3400,02/12/2015,8:35:43,malay,male,moderate,60.0,no,toddler,35.0,0.0,13.0,3.103051799,101.7025091,"Lebuhraya Sungai Besi, Bandar Sri Permaisuri, Salak Selatan, Kuala Lumpur, 51020, Malaysia"
3401,08/01/2016,23:05:52,foreigner,female,moderate,28.0,no,no_kids,16.0,1.0,15.0,3.097389539,101.6560532,"Lorong Tanjung 5/4B, Seksyen 5, Bukit Gasing, Petaling Jaya, Petaling, Selangor, 46000, Malaysia"
3402,17/02/2016,3:30:36,malay,female,moderate,48.0,no,toddler ,41.0,5.0,18.0,3.117082133,101.6564523,"Gelanggang Tenggayung, Susur Reka, Kuala Lumpur, 50603, Malaysia"
3403,19/02/2016,6:38:05,malay,female,moderate,30.0,yes,toddler,50.0,1.0,20.0,3.132640347,101.6696616,"Jalan Terasek 4, Bangsar, Kuala Lumpur, 59100, Malaysia"
3404,20/01/2016,8:53:26,indian,female,moderate,52.0,no,toddler ,40.0,1.0,9.0,3.102031423,101.6887398,"Club House, Jalan 109F, Taman Danau Desa, Taman Desa, Kuala Lumpur, 58100, Malaysia"
3405,14/12/2015,10:50:22,foreigner,female,fat,41.0,no,toddler ,18.0,1.0,15.0,3.092687091,101.7058699,"6, Jalan 30/108, Bandar Sri Permaisuri, Salak Selatan, Kuala Lumpur, 51020, Malaysia"
3406,25/02/2016,19:37:28,malay,female,moderate,39.0,no,toddler ,20.0,4.0,8.0,3.086377791,101.7075101,"235, Jalan 11, Kampung Baru Salak Selatan, Salak Selatan, Kuala Lumpur, 57100, Malaysia"
3407,16/01/2016,0:38:55,foreigner,male,fat,28.0,yes,toddler,25.0,1.0,18.0,3.094777079,101.6946773,"Lebuhraya Baru Pantai, Salak Selatan, Kuala Lumpur, 58100, Malaysia"
3408,26/02/2016,13:57:52,foreigner,male,thin,32.0,no,baby,55.0,4.0,19.0,3.125503702,101.6836552,"Brickfields, Kuala Lumpur, 50470, Malaysia"
3409,07/01/2016,9:08:25,malay,female,moderate,51.0,yes,baby,46.0,5.0,15.0,3.125640795,101.6815593,"Jalan Tun Sambanthan 2, Brickfields, Kuala Lumpur, 59000, Malaysia"
3410,29/02/2016,5:38:42,indian,male,thin,44.0,yes,toddler ,18.0,3.0,19.0,3.110377166,101.6504133,"Jalan 11/6, Seksyen 11, PJ State, Petaling Jaya, Petaling, Selangor, 46200, Malaysia"
3411,21/02/2016,3:12:39,malay,female,thin,44.0,no,toddler ,55.0,3.0,10.0,3.131366211,101.6513356,"Kolej Kediaman Tun Ahmad Zaidi (KK10), Lingkaran Wawasan, Bukit Bandaraya, Bangsar, Kuala Lumpur, 50603, Malaysia"
3412,25/02/2016,0:59:56,chinese,female,fat,22.0,yes,toddler,14.0,0.0,14.0,3.10331214,101.6627082,"Pusat Komuniti Lembah Pantai, Pantai Hillpark, Pantai Hillpark Phase 2, Pantai Dalam, Kuala Lumpur, 59200, Malaysia"
3413,07/12/2015,11:12:08,indian,female,thin,24.0,no,toddler,20.0,0.0,14.0,3.087515338,101.6524171,"SK Petaling Jaya, Lorong Masjid 3/69I, Seksyen 3, PJ Old Town, Petaling Jaya, Petaling, Selangor, 46000, Malaysia"
3414,13/02/2016,0:24:34,chinese,female,thin,55.0,yes,no_kids,42.0,0.0,19.0,3.106402844,101.6991225,"Setiawangsa–Pantai Expressway, MRT Escape Shaft 3, Cheras, Ulu Kelang, Kuala Lumpur, Gombak, Selangor, 50600, Malaysia"
3415,13/01/2016,17:05:08,indian,male,moderate,22.0,yes,no_kids,25.0,2.0,17.0,3.102696939,101.665584,"Pantai Dalam, Kuala Lumpur, 59200, Malaysia"
3416,02/12/2015,20:46:25,foreigner,female,thin,33.0,no,no_kids,20.0,4.0,10.0,3.134035896,101.6499408,"Bukit Kiara, Lebuhraya Sprint (Hubungan Damansara), Kuala Lumpur, 46350, Malaysia"
3417,12/02/2016,5:50:41,chinese,male,moderate,57.0,no,baby,28.0,1.0,16.0,3.101487516,101.6933698,"Taman Desa, Kuala Lumpur, 58100, Malaysia"
3418,29/02/2016,19:02:24,malay,male,moderate,54.0,no,toddler,59.0,4.0,13.0,3.131909609,101.704883,"Pudu, Kuala Lumpur, 55200, Malaysia"
3419,18/01/2016,2:50:41,chinese,male,thin,52.0,no,baby,20.0,3.0,16.0,3.074656129,101.6780853,"Jalan Manisan, Taman Bukit Indah, Taman OUG, Kuala Lumpur, 58200, Malaysia"
3420,18/02/2016,1:14:56,indian,male,fat,24.0,yes,toddler ,52.0,1.0,15.0,3.081906137,101.6529386,"Jalan Klang Lama, Taman Petaling Utama, PJ Old Town, Petaling Jaya, Petaling, Selangor, 46990, Malaysia"
3421,18/12/2015,5:36:53,malay,female,moderate,59.0,no,toddler,13.0,1.0,18.0,3.129554722,101.666219,"Jalan Cenderai, Taman Lucky, Kuala Lumpur, 59100, Malaysia"
3422,20/12/2015,13:50:39,malay,female,fat,19.0,yes,no_kids,46.0,4.0,19.0,3.074223328,101.6557819,"Jalan 9, Seri Sentosa, Kuala Lumpur, 58200, Malaysia"
3423,20/12/2015,18:07:30,malay,female,thin,29.0,yes,baby,56.0,0.0,9.0,3.094245613,101.6856357,"Lebuhraya Baru Pantai, Taman Lian Hoe, Kuchai Lama, Kuala Lumpur, 58200, Malaysia"
3424,04/02/2016,6:16:39,chinese,male,moderate,19.0,no,young,43.0,3.0,19.0,3.11197106,101.7046561,"Lebuhraya Kuala Lumpur–Seremban, Razak Mansion, Kuala Lumpur, 58100, Malaysia"
3425,28/12/2015,20:01:42,chinese,male,moderate,20.0,yes,no_kids,19.0,1.0,17.0,3.089465567,101.6681592,"Terminal IKS Pantai Dalam, Jalan Pantai Dalam, Kampung Pantai Dalam, Pantai Dalam, Kuala Lumpur, 59200, Malaysia"
3426,05/01/2016,5:54:21,indian,female,moderate,46.0,no,toddler,17.0,0.0,20.0,3.087118501,101.6487469,"Bank Rakyat, Ar-Rahnu PJ Old Town, Seksyen 3, PJ Old Town, Petaling Jaya, Petaling, Selangor, 46000, Malaysia"
3427,10/12/2015,4:30:30,indian,female,fat,56.0,no,toddler ,41.0,0.0,20.0,3.136502444,101.6473247,"Jalan Bukit Kiara 1, Bukit Kiara, Kuala Lumpur, 60000, Malaysia"
3428,14/12/2015,22:40:52,chinese,male,moderate,36.0,no,toddler ,54.0,4.0,8.0,3.100937843,101.6801244,"KL 1187 Papillion Desahill Condominium, Jalan Desa Utama, Jalan Desa Utama, Taman Danau Desa, Taman Desa, Kuala Lumpur, 58100, Malaysia"
3429,23/01/2016,19:39:41,chinese,male,thin,33.0,no,toddler,14.0,5.0,20.0,3.117506171,101.6595061,"Kolej Kediaman Pertama (KK1), Lingkungan Budi, Bangsar, Kuala Lumpur, 50603, Malaysia"
3430,09/02/2016,21:54:50,indian,female,moderate,47.0,no,baby,36.0,5.0,9.0,3.104091917,101.6675045,"SRA Al-Khawarizmi, Jalan Pantai Permai 7, Pantai Dalam, Kuala Lumpur, 59200, Malaysia"
3431,27/02/2016,1:08:35,malay,male,moderate,54.0,yes,young,53.0,0.0,12.0,3.073559998,101.6490175,"Sky Win Automart Car Accessories, Jalan Petaling Jaya Selatan 3/49, PJS 3, Petaling Jaya Selatan, Petaling Jaya, Petaling, Selangor, 46990, Malaysia"
3432,11/12/2015,5:54:38,malay,male,thin,45.0,yes,toddler ,32.0,2.0,18.0,3.095904537,101.640922,"Jalan Penchala, PJ State, Petaling Jaya, Petaling, Selangor, 46700, Malaysia"
3433,13/01/2016,22:34:07,chinese,male,thin,32.0,no,no_kids,15.0,2.0,8.0,3.068315754,101.6443641,"Jalan Taman Kinrara 2/2, Taman Kinrara Seksyen 2, Subang Jaya, Petaling, Selangor, 47180, Malaysia"
3434,06/12/2015,19:36:31,foreigner,female,fat,39.0,no,toddler ,51.0,2.0,11.0,3.122255554,101.7022268,"Jalan Lapangan Terbang Lama, Pudu, Kuala Lumpur, 55200, Malaysia"
3435,10/01/2016,5:30:25,chinese,male,thin,57.0,yes,baby,22.0,0.0,17.0,3.13237175,101.6412402,"Kelab Golf Perkhidmatan Awam, Lebuhraya Sprint (Hubungan Damansara), Kuala Lumpur, 47308, Malaysia"
3436,16/12/2015,22:37:29,malay,female,fat,21.0,yes,young,35.0,3.0,9.0,3.114153547,101.6604995,"Lorong Motosikal Lebuhraya Persekutuan, PJ State, Petaling Jaya, Petaling, Selangor, 50603, Malaysia"
3437,15/12/2015,7:35:28,indian,male,fat,32.0,yes,no_kids,40.0,5.0,14.0,3.071587346,101.6478583,"Bayview Court, Jalan Taman Seri Sentosa, PJS 3, Petaling Jaya Selatan, Kuala Lumpur, Petaling, Selangor, 46050, Malaysia"
3438,24/02/2016,4:53:24,malay,female,moderate,46.0,no,no_kids,43.0,0.0,7.0,3.071358133,101.6787581,"Jalan Hujan Manik, Taman Overseas Union, Taman OUG, Kuala Lumpur, 58200, Malaysia"
3439,01/12/2015,0:19:54,malay,female,fat,32.0,no,toddler,28.0,5.0,14.0,3.08885231,101.6521849,"Jalan Templer, PJ Old Town, Petaling Jaya, Petaling, Selangor, 46990, Malaysia"
3440,05/01/2016,7:18:01,chinese,male,moderate,39.0,yes,young,30.0,3.0,15.0,3.077094496,101.6987676,"Taman Castlefield, Sungai Besi, Kuala Lumpur, 57100, Malaysia"
3441,15/12/2015,9:45:53,foreigner,male,moderate,58.0,no,toddler ,60.0,5.0,11.0,3.068139489,101.6749513,"Sekolah Kebangsaan Seri Indah, Jalan Hujan Emas 9, Taman Overseas Union, Taman OUG, Kuala Lumpur, 57000, Malaysia"
3442,07/12/2015,10:03:53,foreigner,male,thin,49.0,yes,young,51.0,1.0,13.0,3.071795833,101.6507784,"Jalan Sri Sentosa 13, Kuala Lumpur, 46990, Malaysia"
3443,27/02/2016,10:13:29,foreigner,female,thin,49.0,yes,young,46.0,2.0,10.0,3.100392943,101.654996,"Lorong 5/15D, Seksyen 5, Bukit Gasing, Petaling Jaya, Petaling, Selangor, 46000, Malaysia"
3444,04/12/2015,11:29:39,indian,male,fat,19.0,yes,toddler,51.0,2.0,9.0,3.112879333,101.6669048,"Bangsar South, Pantai Dalam, Kuala Lumpur, 59200, Malaysia"
3445,07/02/2016,12:30:12,chinese,female,fat,40.0,no,young,39.0,1.0,13.0,3.123645346,101.6862062,"Jalan Permai, Seputeh, Kuala Lumpur, 50460, Malaysia"
3446,28/12/2015,8:55:35,malay,male,fat,25.0,yes,toddler ,60.0,4.0,18.0,3.137736928,101.665386,"Jalan Keruing, Taman Bandaraya, Kuala Lumpur, 59000, Malaysia"
3447,06/02/2016,4:15:09,indian,female,moderate,52.0,yes,toddler,34.0,4.0,20.0,3.098998588,101.6869192,"23, Jalan 5/109F, Danau Desa, Taman Desa, Kuala Lumpur, 58100, Malaysia"
3448,04/01/2016,5:13:15,indian,female,moderate,25.0,yes,baby,16.0,4.0,16.0,3.097244968,101.6572215,"Hutan Pendidikan Bukit Gasing, Jalan 5/69, Taman Petaling, Bukit Gasing, Petaling Jaya, Petaling, Selangor, 46000, Malaysia"
3449,11/01/2016,2:36:13,malay,male,moderate,19.0,yes,toddler ,60.0,1.0,21.0,3.066983117,101.6597508,"OUG Parklane Block E, Jalan 1/152, OUG Industrial Park, Taman OUG, Kuala Lumpur, 58200, Malaysia"
3450,14/12/2015,21:48:32,chinese,female,moderate,44.0,yes,no_kids,23.0,0.0,20.0,3.129452651,101.6814758,"Sri Impian Condominium, Jalan Ang Seng, Brickfields, Kuala Lumpur, 50470, Malaysia"
3451,18/12/2015,2:09:22,indian,male,thin,35.0,yes,young,32.0,5.0,11.0,3.06683545,101.6952048,"Jalan Pikrama, Zone H, Bandar Baru Sri Petaling, Kuala Lumpur, 57000, Malaysia"
3452,10/01/2016,3:34:39,malay,male,thin,25.0,no,young,28.0,2.0,7.0,3.067633983,101.70664,"Taman Castlefield, Sungai Besi, Kuala Lumpur, 57100, Malaysia"
3453,13/02/2016,6:42:41,foreigner,male,fat,40.0,yes,toddler ,29.0,4.0,14.0,3.103927277,101.7035205,"Bandar Sri Permaisuri, Salak Selatan, Kuala Lumpur, 58100, Malaysia"
3454,08/01/2016,10:11:06,malay,female,moderate,55.0,no,toddler,57.0,4.0,10.0,3.131035598,101.701941,"Jalan Bukit Pelaling, Bukit Petaling, Pudu, Kuala Lumpur, 55200, Malaysia"
3455,12/01/2016,16:24:02,indian,female,thin,59.0,no,no_kids,41.0,3.0,14.0,3.093873548,101.6535414,"Jalan Tanjung 5/4, Seksyen 5, Bukit Gasing, Petaling Jaya, Petaling, Selangor, 46000, Malaysia"
3456,06/02/2016,3:58:40,chinese,male,fat,52.0,no,baby,44.0,4.0,20.0,3.092080643,101.6499704,"Jalan Templer 6/3, Seksyen 6, Bukit Gasing, Petaling Jaya, Petaling, Selangor, 46990, Malaysia"
3457,28/12/2015,5:53:04,foreigner,male,fat,32.0,no,toddler ,43.0,1.0,21.0,3.127281434,101.6800261,"The Lido Bar (level 42), Jalan Ang Seng 3, Brickfields, Kuala Lumpur, 59000, Malaysia"
3458,30/01/2016,23:32:55,indian,female,thin,36.0,no,toddler ,18.0,4.0,9.0,3.084605696,101.6974231,"Ritz Communities, Salak Selatan, Kuala Lumpur, 57100, Malaysia"
3459,16/12/2015,11:43:02,foreigner,female,moderate,37.0,yes,toddler,33.0,0.0,16.0,3.100071793,101.641431,"Kelab Palazzo PJ, Lorong 8/1D, Seksyen 8, PJ State, Petaling Jaya, Petaling, Selangor, 46050, Malaysia"
3460,04/01/2016,23:28:45,indian,male,fat,38.0,no,young,43.0,4.0,18.0,3.077664221,101.6698648,"Taman Yarl, Taman OUG, Kuala Lumpur, 58200, Malaysia"
3461,20/01/2016,15:58:27,malay,male,thin,48.0,yes,toddler,17.0,1.0,21.0,3.072150607,101.6851996,"Jalan 4/149K, Zone N, Bandar Baru Sri Petaling, Kuala Lumpur, 57000, Malaysia"
3462,14/01/2016,13:42:40,indian,male,thin,28.0,no,toddler,60.0,5.0,10.0,3.080871739,101.6817922,"Jalan Jiran 7, Taman Gembira, Kuchai Lama, Kuala Lumpur, 58200, Malaysia"
3463,23/02/2016,2:25:14,malay,male,moderate,30.0,yes,toddler,19.0,2.0,16.0,3.067182734,101.6506987,"Taman Kinrara Seksyen 1, Subang Jaya, Petaling, Selangor, 47180, Malaysia"
3464,22/01/2016,6:53:11,indian,male,fat,51.0,no,no_kids,52.0,3.0,15.0,3.090240493,101.6467459,"Jalan 3/66, Seksyen 3, PJ Old Town, Petaling Jaya, Petaling, Selangor, 46000, Malaysia"
3465,26/12/2015,22:01:18,foreigner,male,fat,34.0,yes,young,47.0,2.0,16.0,3.138146143,101.6567343,"Lorong Beluntas 2, Medan Damansara, Bukit Damansara, Kuala Lumpur, 50490, Malaysia"
3466,14/02/2016,15:49:38,chinese,male,moderate,42.0,no,toddler,50.0,1.0,14.0,3.131965109,101.6881767,"Hotel Sentral, 30, Jalan Thambipillay, Brickfields, Kuala Lumpur, 50470, Malaysia"
3467,14/01/2016,2:53:53,chinese,female,moderate,24.0,yes,young,38.0,0.0,10.0,3.136327385,101.7036869,"Jalan Dewan Bahasa-Hang Tuah, Bukit Bintang, Kuala Lumpur, 50150, Malaysia"
3468,20/02/2016,21:54:43,chinese,male,moderate,58.0,no,young,50.0,2.0,21.0,3.130506377,101.6806616,"Institut Pengurusan Kesihatan, Jalan Rakyat, Kuala Lumpur, 50470, Malaysia"
3469,06/12/2015,12:30:30,chinese,female,fat,29.0,yes,toddler ,47.0,4.0,12.0,3.136770039,101.6531913,"Lebuhraya Sprint, Bukit Kiara, Bangsar, Kuala Lumpur, 46350, Malaysia"
3470,22/02/2016,6:33:22,chinese,female,moderate,58.0,yes,toddler,19.0,3.0,9.0,3.099584193,101.6947342,"Anjung Kelana (Pusat Transformasi Gelandangan), Jalan Desa, Taman Danau Desa, Taman Desa, Kuala Lumpur, 58100, Malaysia"
3471,10/02/2016,16:53:49,malay,female,fat,40.0,yes,baby,58.0,2.0,15.0,3.1017201,101.7094948,"C, Jalan Sri Permaisuri 4, Bandar Sri Permaisuri, Cheras, Kuala Lumpur, 51020, Malaysia"
3472,07/02/2016,12:47:27,indian,male,fat,30.0,yes,no_kids,52.0,3.0,12.0,3.119905892,101.6549585,"University of Malaya, Lorong 12/14A, Seksyen 12, PJ State, Kuala Lumpur, Petaling, Selangor, 50603, Malaysia"
3473,01/03/2016,10:02:21,malay,male,fat,41.0,yes,young,24.0,5.0,7.0,3.125606146,101.7020929,"Jalan Istana, Bukit Petaling, Pudu, Kuala Lumpur, 55200, Malaysia"
3474,02/01/2016,17:34:32,foreigner,male,moderate,33.0,yes,young,22.0,4.0,13.0,3.105792753,101.7092262,"Lebuhraya Maju, Bandar Sri Permaisuri, Cheras, Kuala Lumpur, 51020, Malaysia"
3475,11/01/2016,8:03:25,foreigner,female,moderate,22.0,no,baby,25.0,3.0,12.0,3.105536784,101.6941809,"Jalan Desa Bakti, Taman Desa, Kuala Lumpur, 58100, Malaysia"
3476,21/02/2016,20:10:57,foreigner,female,moderate,36.0,no,toddler,27.0,1.0,20.0,3.090101888,101.6572058,"Jalan 5/60, Seksyen 5, Bukit Gasing, Petaling Jaya, Petaling, Selangor, 46000, Malaysia"
3477,30/12/2015,14:37:36,malay,male,fat,54.0,no,toddler,24.0,3.0,7.0,3.123592948,101.6540322,"Fakulti Sains, Lingkungan Budi, Kuala Lumpur, 50603, Malaysia"
3478,14/12/2015,23:33:31,foreigner,male,thin,53.0,no,baby,45.0,2.0,20.0,3.087180729,101.6661596,"Jalan 1/132, Taman Gasing Indah, Taman OUG, Kuala Lumpur, 58000, Malaysia"
3479,10/12/2015,18:27:24,foreigner,male,thin,59.0,yes,young,38.0,0.0,14.0,3.111991483,101.6643618,"SMK Seri Pantai, Jalan Kerinchi, Bangsar South, Pantai Dalam, Kuala Lumpur, 59200, Malaysia"
3480,24/01/2016,3:19:42,chinese,male,moderate,30.0,no,no_kids,48.0,5.0,13.0,3.089875811,101.6713394,"Jalan Kampung Pasir, Kampung Pasir Baru, Kuala Lumpur, 58200, Malaysia"
3481,09/12/2015,13:03:36,indian,male,thin,46.0,yes,no_kids,51.0,4.0,18.0,3.099262909,101.642129,"IPD Petaling Jaya, Jalan Penchala, PJ State, Petaling Jaya, Petaling, Selangor, 46675, Malaysia"
3482,26/12/2015,1:11:32,malay,female,moderate,32.0,no,no_kids,46.0,0.0,12.0,3.089551714,101.67318,"Amoy Canning, Jalan 1/3A, Taman Goodwood, Kuchai Lama, Kuala Lumpur, 58200, Malaysia"
3483,03/01/2016,4:33:59,chinese,male,fat,25.0,no,toddler ,41.0,5.0,10.0,3.083651836,101.6736881,"Jalan Sepadu 2, Taman United, Taman OUG, Kuala Lumpur, 58200, Malaysia"
3484,18/12/2015,18:25:06,malay,female,moderate,33.0,yes,baby,47.0,1.0,11.0,3.107968865,101.6987751,"Bandar Malaysia - High Speed Rail station to Singapore, Lebuhraya Salak, Seputeh, Kuala Lumpur, 50614, Malaysia"
3485,17/01/2016,15:24:03,malay,female,thin,31.0,no,baby,53.0,4.0,13.0,3.122936276,101.6584375,"University of Malaya, Lorong 12/14A, Seksyen 12, PJ State, Kuala Lumpur, Petaling, Selangor, 50603, Malaysia"
3486,17/12/2015,8:12:46,indian,male,moderate,49.0,yes,no_kids,20.0,5.0,19.0,3.075874069,101.6407678,"Jalan PJS 3/25, PJS 3, Petaling Jaya Selatan, Petaling Jaya, Petaling, Selangor, 46050, Malaysia"
3487,19/01/2016,5:58:27,chinese,male,thin,43.0,yes,young,36.0,4.0,15.0,3.095535732,101.6998717,"Jalan 11/108C, Taman Sungai Besi, Salak Selatan, Kuala Lumpur, 57100, Malaysia"
3488,01/02/2016,3:43:37,foreigner,female,moderate,50.0,yes,baby,51.0,0.0,21.0,3.078254018,101.6605199,"Jalan Taman Seri Sentosa, Seri Sentosa, Taman OUG, Kuala Lumpur, 58200, Malaysia"
3489,10/02/2016,15:38:50,indian,female,moderate,21.0,no,toddler,48.0,4.0,19.0,3.106068528,101.6817719,"Jalan Desa Sentosa, Taman Danau Desa, Taman Desa, Kuala Lumpur, 58100, Malaysia"
3490,19/02/2016,14:44:45,malay,female,moderate,38.0,no,toddler ,29.0,4.0,10.0,3.106361637,101.6408536,"Gurdwara Sahib Petaling Jaya, Lorong Utara B, PJ State, Petaling Jaya, Petaling, Selangor, 46200, Malaysia"
3491,25/02/2016,17:23:18,foreigner,male,moderate,30.0,yes,baby,23.0,0.0,20.0,3.122642726,101.7029815,"Jalan Lapangan Terbang Lama, Pudu, Kuala Lumpur, 55200, Malaysia"
3492,07/01/2016,2:37:47,foreigner,male,fat,58.0,yes,baby,57.0,1.0,18.0,3.084911405,101.649897,"Jalan 1/11, Seksyen 1, PJ Old Town, Petaling Jaya, Petaling, Selangor, 46000, Malaysia"
3493,10/12/2015,8:11:18,indian,female,moderate,39.0,yes,toddler,25.0,1.0,10.0,3.122478746,101.6911984,"Lorong Syed Putra Kiri, Le Chateau 2, Seputeh, Kuala Lumpur, 50460, Malaysia"
3494,16/01/2016,21:15:07,chinese,male,thin,26.0,no,toddler ,56.0,2.0,11.0,3.124269591,101.7042715,"Jalan Istana, Bukit Petaling, Pudu, Kuala Lumpur, 55200, Malaysia"
3495,13/12/2015,9:15:36,chinese,female,moderate,27.0,no,toddler ,15.0,1.0,17.0,3.06971959,101.6778423,"齐天大圣, Jalan Hujan Emas 9, Taman Overseas Union, Taman OUG, Kuala Lumpur, 57000, Malaysia"
3496,27/02/2016,11:27:57,foreigner,female,fat,60.0,no,young,21.0,4.0,7.0,3.123980025,101.6753649,"Balai Berita Bangsar, 31, Jalan Riong, Bangsar, Kuala Lumpur, 59100, Malaysia"
3497,23/12/2015,21:18:07,indian,male,thin,38.0,no,baby,15.0,4.0,18.0,3.106719767,101.67989,"Jalan Sungai Buaya, Taman Danau Desa, Taman Desa, Kuala Lumpur, 58100, Malaysia"
3498,26/01/2016,20:50:43,malay,male,fat,18.0,no,young,50.0,1.0,16.0,3.067253557,101.7032573,"Taman Bukit Indah, Bandar Baru Sri Petaling, Kuala Lumpur, 57000, Malaysia"
3499,17/02/2016,21:13:37,indian,female,thin,22.0,yes,baby,13.0,3.0,11.0,3.081852384,101.6424399,"YS Two Enterprise, Medan Maju Jaya, PJS 1, PJ Old Town, Petaling Jaya, Petaling, Selangor, 46050, Malaysia"
3500,15/01/2016,9:48:24,malay,female,moderate,18.0,no,no_kids,32.0,0.0,13.0,3.112642156,101.6794437,"Jalan Seputeh, Seputeh, Kuala Lumpur, 50614, Malaysia"
3501,03/01/2016,15:27:09,malay,male,fat,60.0,no,young,35.0,2.0,10.0,3.075803838,101.7097628,"Taman Castlefield, Sungai Besi, Kuala Lumpur, 57100, Malaysia"
3502,01/02/2016,13:17:51,indian,male,fat,40.0,no,toddler,42.0,1.0,15.0,3.09501675,101.6590856,"2B, Liana Steps, Bukit Gasing, Petaling Jaya, Petaling, Selangor, 58000, Malaysia"
3503,05/12/2015,22:49:38,chinese,female,thin,43.0,no,toddler,12.0,0.0,20.0,3.073868793,101.6776695,"Jalan Hujan Emas, Taman Overseas Union, Taman OUG, Kuala Lumpur, 58200, Malaysia"
3504,08/02/2016,22:34:17,malay,female,thin,38.0,yes,young,44.0,4.0,19.0,3.078464025,101.6507592,"Poliklinik Damai Dan Surgeri, Petaling Utama, Petaling Utama Avenue, PJ Old Town, Petaling Jaya, Petaling, Selangor, 46990, Malaysia"
3505,15/02/2016,0:27:09,chinese,female,thin,39.0,yes,young,52.0,2.0,15.0,3.119495016,101.645305,"Lorong 16/2A, Seksyen 16, Kuala Lumpur, 47350, Malaysia"
3506,11/01/2016,5:57:55,foreigner,female,fat,19.0,no,toddler ,34.0,5.0,15.0,3.118449168,101.6454977,"SMK Sultan Abdul Samad (Timur), Jalan Prof Diraja Ungku Aziz, Petaling Jaya, Petaling, Selangor, 47350, Malaysia"
3507,13/12/2015,10:57:01,malay,female,moderate,23.0,no,baby,49.0,1.0,19.0,3.095222084,101.6493242,"TENAGANITA, Jalan 6/11, Seksyen 6, Bukit Gasing, Petaling Jaya, Petaling, Selangor, 46990, Malaysia"
3508,01/12/2015,23:12:24,indian,male,moderate,58.0,yes,baby,12.0,5.0,18.0,3.138228208,101.6570269,"Lorong Beluntas 2, Medan Damansara, Bukit Damansara, Kuala Lumpur, 50490, Malaysia"
3509,08/02/2016,17:57:52,indian,female,moderate,50.0,no,no_kids,58.0,0.0,17.0,3.09304744,101.6553028,"Jalan 5/66, Seksyen 5, Bukit Gasing, Petaling Jaya, Petaling, Selangor, 46000, Malaysia"
3510,23/12/2015,3:00:53,indian,male,moderate,46.0,no,young,33.0,0.0,21.0,3.106118162,101.7045016,"Pasar Razak Mansion, Razak Mansion, Kuala Lumpur, 51020, Malaysia"
3511,19/01/2016,9:16:26,indian,female,thin,47.0,no,young,18.0,1.0,15.0,3.101657937,101.6920357,"The Hipster @ Sales Gallery, Jalan Desa, Taman Danau Desa, Taman Desa, Kuala Lumpur, 58100, Malaysia"
3512,04/02/2016,18:40:00,chinese,male,moderate,47.0,yes,no_kids,52.0,2.0,17.0,3.09235001,101.6602202,"Bukit Gasing - KL view, Sivan Temple Trail 3, Seksyen 5, Bukit Gasing, Petaling Jaya, Petaling, Selangor, 46000, Malaysia"
3513,11/12/2015,0:11:26,chinese,female,thin,18.0,yes,no_kids,58.0,4.0,7.0,3.073679557,101.7077977,"Taman Castlefield, Sungai Besi, Kuala Lumpur, 57100, Malaysia"
3514,09/02/2016,8:19:52,indian,male,fat,23.0,yes,toddler ,57.0,4.0,7.0,3.094070968,101.7011345,"Petron, Jalan 8/108C, Taman Sungai Besi, Salak Selatan, Kuala Lumpur, 57100, Malaysia"
3515,17/12/2015,13:11:08,chinese,male,thin,53.0,no,no_kids,28.0,2.0,11.0,3.111641028,101.6876123,"Setiawangsa–Pantai Expressway, Cheras, Ulu Kelang, Kuala Lumpur, Gombak, Selangor, 50600, Malaysia"
3516,10/02/2016,6:14:09,chinese,male,moderate,47.0,yes,toddler ,56.0,2.0,13.0,3.099808162,101.6633244,"Madrasah Al-Falah, Pantai Dalam, Kampung Tradisi Sri Pantai, Kuala Lumpur, 59200, Malaysia"
3517,28/12/2015,0:26:22,indian,female,thin,32.0,no,baby,35.0,4.0,9.0,3.10100459,101.6937137,"Taman Desa, Kuala Lumpur, 58100, Malaysia"
3518,08/01/2016,2:57:34,chinese,female,moderate,32.0,yes,no_kids,24.0,1.0,21.0,3.132941964,101.6749536,"Jalan Limau Kasturi, Taman Bangsar, Kuala Lumpur, 59000, Malaysia"
3519,23/02/2016,23:02:32,malay,male,thin,47.0,yes,toddler,54.0,5.0,7.0,3.105169568,101.6913662,"SMK Desa Perdana, Jalan Desa Utama, Taman Danau Desa, Taman Desa, Kuala Lumpur, 58100, Malaysia"
3520,11/01/2016,5:00:55,chinese,female,thin,49.0,yes,no_kids,50.0,4.0,8.0,3.136384228,101.6862012,"CIMB Bank Building, Jalan Stesen Sentral 2, KL Sentral, Kuala Lumpur, 50566, Malaysia"
3521,21/02/2016,10:43:30,indian,male,fat,39.0,no,toddler,50.0,3.0,20.0,3.128421957,101.6686442,"Jalan Cenderai 2, Taman Lucky, Kuala Lumpur, 59100, Malaysia"
3522,09/02/2016,1:32:00,foreigner,male,moderate,27.0,yes,young,28.0,0.0,14.0,3.07957214,101.6894463,"Jalan Selesaria, Taman Sri Serangkai, Kuchai Lama, Kuala Lumpur, 57000, Malaysia"
3523,08/01/2016,13:29:17,indian,male,moderate,41.0,no,toddler ,52.0,5.0,20.0,3.0843494,101.7019802,"Amadesa Resort Condo, Jalan 2/125, Desa Petaling, Salak Selatan, Kuala Lumpur, 57100, Malaysia"
3524,04/01/2016,2:31:09,malay,male,thin,39.0,no,baby,51.0,2.0,16.0,3.072231633,101.673614,"Taman Overseas Union, Taman OUG, Kuala Lumpur, 58200, Malaysia"
3525,13/02/2016,15:08:16,malay,male,fat,56.0,yes,young,25.0,5.0,8.0,3.09828719,101.7003554,"Lebuhraya Maju, Bandar Sri Permaisuri, Salak Selatan, Kuala Lumpur, 58100, Malaysia"
3526,10/01/2016,3:37:02,malay,female,thin,42.0,yes,young,38.0,1.0,11.0,3.137071918,101.7066716,"7-Eleven, Jalan Kenanga, Pudu, Kuala Lumpur, 50150, Malaysia"
3527,10/01/2016,6:43:50,chinese,male,moderate,30.0,no,no_kids,24.0,1.0,15.0,3.070498275,101.7092418,"Jalan Lingkaran Tengah 2, Taman Castlefield, Sungai Besi, Kuala Lumpur, 57100, Malaysia"
3528,28/12/2015,22:30:32,foreigner,male,fat,20.0,no,no_kids,25.0,3.0,16.0,3.115157473,101.658137,"Bangunan Peperiksaan, Lorong Motosikal Lebuhraya Persekutuan, Pantai Dalam, Kuala Lumpur, 50603, Malaysia"
3529,06/01/2016,9:07:35,malay,male,moderate,58.0,no,toddler ,40.0,2.0,13.0,3.093964006,101.7021784,"Bandar Sri Permaisuri, Salak Selatan, Kuala Lumpur, 57100, Malaysia"
3530,29/01/2016,20:31:30,foreigner,male,thin,60.0,no,toddler ,54.0,1.0,7.0,3.133230318,101.6491132,"Lebuhraya Sprint (Hubungan Damansara), Kuala Lumpur, 46350, Malaysia"
3531,28/02/2016,22:00:10,indian,male,thin,46.0,yes,toddler,51.0,1.0,13.0,3.076937092,101.6437365,"Masjid As-Salam, Jalan Petaling Jaya Selatan 1/21, Taman Petaling Utama, Petaling Jaya Selatan, Petaling Jaya, Petaling, Selangor, 46050, Malaysia"
3532,28/12/2015,13:14:54,indian,female,thin,37.0,no,young,14.0,2.0,10.0,3.095188055,101.6645624,"Jalan Pantai Sentral 2, Pantai Sentral Park, Pantai Dalam, Kuala Lumpur, 58000, Malaysia"
3533,26/01/2016,22:49:45,malay,male,moderate,39.0,yes,baby,32.0,2.0,14.0,3.11550337,101.6518644,"Fakulti Farmasi, Persiaran Akal, Kuala Lumpur, 50603, Malaysia"
3534,28/01/2016,14:24:25,malay,female,thin,47.0,no,no_kids,45.0,4.0,19.0,3.124555825,101.6808259,"Jalan Thamby Abdullah 1, Brickfields, Kuala Lumpur, 59000, Malaysia"
3535,01/01/2016,1:03:37,foreigner,female,thin,31.0,yes,young,56.0,5.0,11.0,3.07458355,101.7027427,"Lebuhraya Kuala Lumpur–Seremban, Taman Castlefield, Bandar Baru Sri Petaling, Kuala Lumpur, 57100, Malaysia"
3536,18/01/2016,22:35:10,foreigner,female,fat,18.0,yes,no_kids,30.0,2.0,17.0,3.128376678,101.6928638,"Kuen Cheng High School 吉隆坡坤成中学, Jalan Syed Putra, Bukit Petaling, Seputeh, Kuala Lumpur, 50460, Malaysia"
3537,04/12/2015,15:19:51,foreigner,female,moderate,50.0,no,young,55.0,5.0,17.0,3.101445425,101.682918,"Persatuan Penduduk-Penduduk Taman Desa, Jalan Desa Ria, Taman Danau Desa, Taman Desa, Kuala Lumpur, 58100, Malaysia"
3538,03/02/2016,4:48:42,malay,male,moderate,19.0,yes,young,53.0,2.0,21.0,3.080904421,101.6932583,"Jalan Gempita 8, Taman Salak Selatan, Kuchai Lama, Kuala Lumpur, 57100, Malaysia"
3539,07/01/2016,10:27:45,chinese,male,thin,20.0,no,baby,53.0,0.0,14.0,3.117049961,101.695965,"Seputeh, Kuala Lumpur, 50460, Malaysia"
3540,09/01/2016,14:45:55,foreigner,female,fat,48.0,yes,no_kids,58.0,4.0,11.0,3.134821598,101.7021902,"Jalan Hose, Bukit Petaling, Pudu, Kuala Lumpur, 50150, Malaysia"
3541,13/12/2015,7:23:39,indian,female,moderate,55.0,yes,no_kids,35.0,4.0,11.0,3.131726097,101.6704347,"73, Jalan Telawi, Bangsar, Kuala Lumpur, 59100, Malaysia"
3542,23/02/2016,3:03:45,chinese,male,thin,26.0,no,young,15.0,0.0,15.0,3.123945387,101.7077756,"Pudu, Kuala Lumpur, 55200, Malaysia"
3543,14/02/2016,10:02:52,foreigner,female,fat,40.0,yes,baby,39.0,4.0,21.0,3.085880328,101.6936322,"Taman Salak Selatan, Kuchai Lama, Kuala Lumpur, 57100, Malaysia"
3544,15/02/2016,13:56:06,foreigner,male,fat,42.0,no,toddler,58.0,1.0,10.0,3.084207629,101.6604227,"Jalan 5/65, Taman Petaling, Bukit Gasing, Petaling Jaya, Petaling, Selangor, 46000, Malaysia"
3545,01/03/2016,14:14:46,chinese,female,thin,41.0,no,toddler,49.0,2.0,7.0,3.097652988,101.6712768,"Blok A, Jalan Kampung Pasir, PPR Pantai Ria, Pantai Dalam, Kuala Lumpur, 58200, Malaysia"
3546,17/01/2016,18:24:06,malay,female,moderate,41.0,yes,toddler ,13.0,5.0,13.0,3.11754936,101.6479264,"Viani Mobili, Jalan 12/3, Seksyen 12, Petaling Jaya, Petaling, Selangor, 47350, Malaysia"
3547,27/01/2016,3:20:03,indian,male,moderate,51.0,no,toddler,52.0,5.0,8.0,3.127808368,101.6500985,"Falkulti Sains Komputer & Teknologi Maklumat, Lingkaran Wawasan, Bukit Bandaraya, Bangsar, Kuala Lumpur, 50603, Malaysia"
3548,22/12/2015,13:33:11,foreigner,female,moderate,22.0,no,no_kids,52.0,5.0,14.0,3.068359917,101.6685803,"Taman Yarl, Taman OUG, Kuala Lumpur, 58200, Malaysia"
3549,13/12/2015,17:12:24,chinese,female,moderate,42.0,no,baby,32.0,3.0,15.0,3.122959146,101.66479,"Bukit Pantai, Bangsar, Kuala Lumpur, 59100, Malaysia"
3550,18/12/2015,6:30:43,indian,female,fat,43.0,no,baby,18.0,5.0,9.0,3.12843943,101.6865851,"International Buddhist Pagoda, 123, Jalan Berhala, Brickfields, Kuala Lumpur, 50470, Malaysia"
3551,09/01/2016,15:51:01,chinese,female,moderate,21.0,yes,baby,59.0,1.0,12.0,3.118139371,101.6764503,"define:food, To Boulevard Hotel, Mid Valley City, Seputeh, Kuala Lumpur, 50614, Malaysia"
3552,01/01/2016,6:57:25,malay,male,fat,34.0,no,no_kids,15.0,3.0,8.0,3.109433273,101.6520132,"Lebuhraya Persekutuan, PJ State, Petaling Jaya, Petaling, Selangor, 46200, Malaysia"
3553,30/12/2015,20:55:39,indian,male,thin,42.0,yes,young,25.0,1.0,12.0,3.131150201,101.6701418,"91, Jalan Telawi, Bangsar, Kuala Lumpur, 59100, Malaysia"
3554,25/01/2016,14:17:43,foreigner,male,moderate,42.0,no,toddler,14.0,0.0,10.0,3.098469747,101.6876302,"Jalan 4/109F, Danau Desa, Taman Desa, Kuala Lumpur, 58100, Malaysia"
3555,04/02/2016,9:24:18,malay,male,moderate,32.0,no,young,34.0,1.0,14.0,3.131215399,101.692168,"Kuen Cheng High School 吉隆坡坤成中学, Jalan Syed Putra, Bukit Petaling, Seputeh, Kuala Lumpur, 50460, Malaysia"
3556,07/01/2016,10:37:14,indian,female,thin,49.0,yes,toddler,44.0,3.0,11.0,3.098648485,101.6726759,"Loji Rawatan Kumbahan Serantau Pantai 2, Lebuhraya Baru Pantai, Pantai Dalam, Kuala Lumpur, 59200, Malaysia"
3557,01/12/2015,18:59:54,malay,male,moderate,59.0,yes,no_kids,13.0,1.0,20.0,3.086774651,101.644719,"Jalan Dispensary, Seksyen 2, PJ Old Town, Petaling Jaya, Petaling, Selangor, 46000, Malaysia"
3558,24/12/2015,2:18:15,indian,female,moderate,32.0,no,young,36.0,2.0,14.0,3.134951884,101.6475723,"Jalan Bukit Kiara 1, Bukit Kiara, Kuala Lumpur, 60000, Malaysia"
3559,14/12/2015,23:05:52,indian,female,fat,20.0,no,young,58.0,1.0,8.0,3.086204257,101.7062441,"精装有限公司, 33A, Jalan 11, Kampung Baru Salak Selatan, Salak Selatan, Kuala Lumpur, 57100, Malaysia"
3560,09/12/2015,14:18:03,malay,female,fat,27.0,no,toddler,34.0,1.0,10.0,3.108587088,101.6997129,"Setiawangsa–Pantai Expressway, MRT Escape Shaft 3, Cheras, Ulu Kelang, Kuala Lumpur, Gombak, Selangor, 50600, Malaysia"
3561,23/02/2016,21:04:44,malay,female,moderate,37.0,no,toddler ,37.0,2.0,18.0,3.117135921,101.6438893,"SMK Sultan Abdul Samad, Petaling Jaya, Jalan Teh Hung Kiat (12/13), Seksyen 12, Petaling Jaya, Petaling, Selangor, 47350, Malaysia"
3562,23/01/2016,13:33:52,malay,female,fat,30.0,no,toddler ,53.0,3.0,8.0,3.077411004,101.648812,"Jalan PJS 1/52, PJS 1, Petaling Jaya Selatan, Petaling Jaya, Petaling, Selangor, 46990, Malaysia"
3563,21/02/2016,0:13:19,foreigner,female,fat,38.0,no,baby,57.0,2.0,21.0,3.101557763,101.6971759,"Lebuhraya Kuala Lumpur–Seremban, Salak Selatan, Kuala Lumpur, 58100, Malaysia"
3564,19/02/2016,14:17:02,malay,female,thin,43.0,no,toddler,51.0,0.0,7.0,3.118815787,101.6550127,"Fakulti Kejuruteraan, Persiaran Akal, Kuala Lumpur, 50603, Malaysia"
3565,14/12/2015,5:30:45,indian,female,moderate,41.0,yes,baby,13.0,0.0,19.0,3.096860665,101.6890023,"Jalan Desa, Taman Danau Desa, Taman Desa, Kuala Lumpur, 58100, Malaysia"
3566,09/12/2015,22:57:12,chinese,male,moderate,40.0,yes,baby,16.0,1.0,10.0,3.131651972,101.7040764,"Menara Zurich, Jalan Dewan Bahasa, Pudu, Kuala Lumpur, 50150, Malaysia"
3567,07/12/2015,11:38:21,indian,female,fat,57.0,yes,no_kids,51.0,0.0,21.0,3.103258769,101.6694804,"Indah Water Konsortium, Lebuhraya Baru Pantai, Pantai Dalam, Kuala Lumpur, 58000, Malaysia"
3568,28/12/2015,10:55:34,foreigner,female,fat,43.0,no,toddler ,41.0,0.0,11.0,3.113974382,101.6865285,"Ezer Castle, 40, Jalan Batu Laut, Seputeh, Kuala Lumpur, 58000, Malaysia"
3569,07/01/2016,9:24:48,chinese,female,moderate,27.0,no,toddler,30.0,1.0,12.0,3.137399426,101.6751448,"Lingkungan Negeri Sembilan, Taman Bangsar, Kuala Lumpur, 59000, Malaysia"
3570,05/01/2016,4:32:34,malay,female,thin,59.0,yes,toddler ,40.0,5.0,15.0,3.105661416,101.6724547,"Lebuhraya Baru Pantai, Pantai Dalam, Kuala Lumpur, 59200, Malaysia"
3571,10/01/2016,23:38:22,chinese,female,thin,40.0,no,no_kids,15.0,0.0,14.0,3.118734602,101.6638774,"Lingkungan Budi, Bukit Pantai, Bangsar, Kuala Lumpur, 50603, Malaysia"
3572,27/12/2015,18:11:48,foreigner,female,fat,55.0,no,toddler ,16.0,5.0,9.0,3.069094652,101.6791656,"Jalan Hujan Bubuk 6, Taman Overseas Union, Taman OUG, Kuala Lumpur, 57000, Malaysia"
3573,15/02/2016,10:51:16,chinese,male,moderate,41.0,yes,toddler,49.0,3.0,16.0,3.086988284,101.692442,"Jalan Kuchai Maju 13, Kuchai Entrepreneurs Park, Kuchai Lama, Kuala Lumpur, 58100, Malaysia"
3574,27/01/2016,1:14:22,malay,female,thin,54.0,no,baby,30.0,4.0,16.0,3.079009564,101.6991617,"Taman Salak Selatan, Salak Selatan, Kuala Lumpur, 57100, Malaysia"
3575,15/01/2016,17:10:41,indian,female,moderate,24.0,no,baby,45.0,4.0,9.0,3.121928292,101.6667395,"Jalan Pantai Endah, Bukit Pantai, Bangsar, Kuala Lumpur, 59100, Malaysia"
3576,19/02/2016,8:15:05,indian,female,thin,37.0,yes,no_kids,53.0,0.0,21.0,3.079044897,101.6998589,"Taman Salak Selatan, Salak Selatan, Kuala Lumpur, 57100, Malaysia"
3577,28/01/2016,19:58:32,indian,female,thin,38.0,yes,toddler ,41.0,0.0,10.0,3.091388961,101.6478856,"Jalan 3/69, Seksyen 3, PJ Old Town, Petaling Jaya, Petaling, Selangor, 46000, Malaysia"
3578,24/12/2015,21:11:36,chinese,female,moderate,60.0,yes,no_kids,59.0,4.0,10.0,3.103511832,101.6434683,"Arkib Negara Malaysia, Lorong Produktiviti 2, Seksyen 52, PJ State, Petaling Jaya, Petaling, Selangor, 46200, Malaysia"
3579,11/02/2016,0:11:10,indian,female,fat,47.0,yes,toddler,44.0,3.0,7.0,3.078210594,101.649841,"Damai Senja Court, 2A, Jalan PJS 1/52, PJS 1, Petaling Jaya Selatan, Petaling Jaya, Petaling, Selangor, 46000, Malaysia"
3580,19/02/2016,9:41:17,foreigner,female,fat,20.0,yes,toddler ,46.0,3.0,17.0,3.102845477,101.6633929,"Pantai Dalam, Kuala Lumpur, 59200, Malaysia"
3581,19/12/2015,19:11:56,malay,female,moderate,25.0,yes,toddler,29.0,3.0,18.0,3.119288682,101.6481643,"Latitud 3, Lorong Universiti A, Kuala Lumpur, 50603, Malaysia"
3582,13/02/2016,1:32:11,chinese,female,fat,52.0,yes,toddler ,20.0,0.0,17.0,3.088763891,101.6613488,"Cameron Towers, Jalan 5/58B, Taman Petaling, Bukit Gasing, Petaling Jaya, Petaling, Selangor, 46000, Malaysia"
3583,16/12/2015,17:09:59,chinese,female,thin,57.0,yes,toddler,28.0,4.0,13.0,3.120936059,101.7015609,"Kuala Lumpur, 50460, Malaysia"
3584,27/02/2016,12:18:02,chinese,male,fat,32.0,no,toddler ,49.0,5.0,20.0,3.102390524,101.6795477,"Jalan Morib, Taman Danau Desa, Taman Desa, Kuala Lumpur, 58100, Malaysia"
3585,03/02/2016,20:06:34,foreigner,female,moderate,23.0,yes,baby,50.0,1.0,13.0,3.124549974,101.7009682,"Jalan Istana, Bukit Petaling, Pudu, Kuala Lumpur, 55200, Malaysia"
3586,04/12/2015,23:36:11,malay,male,thin,29.0,no,baby,55.0,4.0,18.0,3.122133746,101.6586014,"Pusat Asasi Sains Universiti Malaya, Lingkungan Budi, Bukit Pantai, Bangsar, Kuala Lumpur, 50603, Malaysia"
3587,29/02/2016,14:39:09,foreigner,male,fat,33.0,yes,no_kids,50.0,1.0,13.0,3.071812372,101.6552743,"Taman Suria, Kuala Lumpur, 58200, Malaysia"
3588,21/12/2015,14:42:10,foreigner,female,thin,33.0,yes,toddler ,11.0,5.0,12.0,3.111631552,101.6786626,"Wisma Westcourt, Jalan Klang Lama, Seputeh, Kuala Lumpur, 50614, Malaysia"
3589,17/01/2016,18:35:06,malay,female,thin,47.0,yes,toddler,32.0,4.0,17.0,3.103491274,101.6457425,"Kelab PJ, Lorong Sultan, Seksyen 52, PJ State, Petaling Jaya, Petaling, Selangor, 46200, Malaysia"
3590,01/02/2016,5:13:46,indian,male,thin,55.0,yes,no_kids,29.0,5.0,20.0,3.09642817,101.6424905,"Maktab Koperasi Malaysia, 103, Jalan Templer, Seksyen 7, PJ State, Petaling Jaya, Petaling, Selangor, 46700, Malaysia"
3591,25/12/2015,20:53:09,malay,female,thin,34.0,yes,toddler,47.0,5.0,11.0,3.114095588,101.657693,"Pusat Perubatan Universiti Malaya, Jalan Universiti, PJ State, Kuala Lumpur, Petaling, Selangor, 50603, Malaysia"
3592,21/02/2016,8:27:52,indian,female,moderate,49.0,yes,young,15.0,4.0,13.0,3.118004637,101.6775111,"Mid Valley Megamall, Batu 2 1/2, Jalan Klang Lama, Taman Halimahton, Seputeh, Kuala Lumpur, 58000, Malaysia"
3593,10/01/2016,5:15:33,malay,female,thin,28.0,yes,young,40.0,3.0,18.0,3.070443215,101.6503121,"tmn sri Sentosa, Jalan Taman Seri Sentosa, PJS 3, Petaling Jaya Selatan, Kuala Lumpur, Petaling, Selangor, 46050, Malaysia"
3594,10/12/2015,8:09:46,foreigner,female,thin,29.0,no,no_kids,17.0,1.0,7.0,3.132918876,101.7012848,"Persatuan Bulan Sabit Merah Malaysia, Jalan Wisma Putra, Bukit Petaling, Pudu, Kuala Lumpur, 50150, Malaysia"
3595,11/02/2016,18:57:25,chinese,male,fat,49.0,yes,toddler,52.0,4.0,17.0,3.125923659,101.6802034,"Jalan Ang Seng 4, Brickfields, Kuala Lumpur, 59000, Malaysia"
3596,10/02/2016,7:06:10,malay,male,thin,48.0,no,young,35.0,1.0,7.0,3.09273616,101.7070272,"592, Jalan 26, Kampung Baru Salak Selatan, Salak Selatan, Kuala Lumpur, 51020, Malaysia"
3597,11/01/2016,21:29:53,foreigner,female,thin,58.0,no,baby,19.0,0.0,20.0,3.13274865,101.6418564,"Kelab Golf Perkhidmatan Awam, Lebuhraya Sprint (Hubungan Damansara), Kuala Lumpur, 47308, Malaysia"
3598,20/12/2015,20:39:56,indian,female,fat,21.0,yes,toddler,22.0,0.0,14.0,3.075316248,101.6782586,"Jalan Perisa, Taman Bukit Indah, Taman OUG, Kuala Lumpur, 58200, Malaysia"
3599,25/02/2016,4:14:25,indian,male,fat,22.0,no,baby,22.0,3.0,15.0,3.116800847,101.6728462,"KL Eco City, Seputeh, Kuala Lumpur, 50614, Malaysia"
3600,06/02/2016,20:50:05,chinese,male,moderate,35.0,no,no_kids,23.0,2.0,17.0,3.079760094,101.6697627,"Taman OUG, Kuala Lumpur, 58200, Malaysia"
3601,17/02/2016,16:10:12,chinese,male,fat,51.0,no,toddler,17.0,3.0,20.0,3.081457111,101.696331,"SK Salak South, Jalan Gempita 1, Taman Salak Selatan, Salak Selatan, Kuala Lumpur, 57100, Malaysia"
3602,05/02/2016,14:41:34,chinese,male,thin,45.0,yes,no_kids,21.0,4.0,16.0,3.105997144,101.6689718,"Jalan Pantai Permai 2, PPR Kerinchi, Pantai Dalam, Kuala Lumpur, 59200, Malaysia"
3603,26/02/2016,20:03:26,malay,female,moderate,44.0,no,no_kids,38.0,1.0,17.0,3.076816942,101.6762786,"Jalan Hujan Emas 5, Taman Bukit Indah, Taman OUG, Kuala Lumpur, 58200, Malaysia"
3604,25/12/2015,0:00:56,chinese,male,moderate,35.0,no,young,31.0,2.0,17.0,3.107757726,101.6858747,"Jalan Desa Makmur, Taman Danau Desa, Taman Desa, Kuala Lumpur, 58100, Malaysia"
3605,23/02/2016,17:53:17,chinese,male,thin,43.0,yes,young,38.0,5.0,16.0,3.11789575,101.6435727,"SMK Sultan Abdul Samad, Petaling Jaya, Jalan Teh Hung Kiat (12/13), Seksyen 12, Petaling Jaya, Petaling, Selangor, 47350, Malaysia"
3606,05/01/2016,22:44:50,indian,male,thin,58.0,yes,young,58.0,4.0,13.0,3.09401888,101.6664241,"Pantai Sentral Park, Pantai Dalam, Kuala Lumpur, 58000, Malaysia"
3607,16/01/2016,0:58:07,indian,male,moderate,60.0,yes,no_kids,41.0,1.0,17.0,3.078916855,101.6629765,"Jalan Seri Sentosa 2B, Seri Sentosa, Taman OUG, Kuala Lumpur, 58200, Malaysia"
3608,02/01/2016,18:36:22,malay,female,moderate,44.0,no,toddler,13.0,5.0,7.0,3.069712088,101.6726597,"Jalan Hujan, Taman Overseas Union, Taman OUG, Kuala Lumpur, 58200, Malaysia"
3609,04/01/2016,14:36:25,chinese,female,thin,35.0,no,young,44.0,4.0,14.0,3.103927962,101.6745323,"PPR Pantai Ria, Pantai Dalam, Kuala Lumpur, 59200, Malaysia"
3610,12/01/2016,0:17:11,chinese,male,fat,52.0,no,baby,53.0,5.0,13.0,3.076840103,101.6480042,"Jalan PJS 1/47, PJS 1, Petaling Jaya Selatan, Petaling Jaya, Petaling, Selangor, 46990, Malaysia"
3611,07/01/2016,14:23:33,malay,female,thin,55.0,no,no_kids,26.0,5.0,12.0,3.121801144,101.6925023,"Jalan Kerayong, Bukit Petaling, Seputeh, Kuala Lumpur, 50460, Malaysia"
3612,21/02/2016,8:15:45,malay,male,moderate,39.0,yes,toddler,51.0,1.0,17.0,3.08813028,101.6877379,"Jalan Kuchai Maju 12, Kuchai Entrepreneurs Park, Kuchai Lama, Kuala Lumpur, 58200, Malaysia"
3613,25/01/2016,23:53:59,indian,male,moderate,30.0,yes,toddler ,45.0,3.0,14.0,3.135085226,101.6987408,"Jalan Akar, Bukit Petaling, Bukit Bintang, Kuala Lumpur, 50000, Malaysia"
3614,05/01/2016,15:58:19,malay,female,thin,21.0,no,young,51.0,1.0,14.0,3.08801767,101.649898,"Jalan 3/65, Seksyen 3, PJ Old Town, Petaling Jaya, Petaling, Selangor, 46000, Malaysia"
3615,04/02/2016,5:51:12,indian,female,moderate,19.0,yes,baby,36.0,1.0,15.0,3.070228592,101.6755375,"Jalan Hujan Emas 8, Taman Overseas Union, Taman OUG, Kuala Lumpur, 58200, Malaysia"
3616,21/12/2015,16:52:12,malay,male,moderate,45.0,no,young,14.0,4.0,20.0,3.099827805,101.6926589,"The Hipster @ Sales Gallery, Jalan Desa, Taman Danau Desa, Taman Desa, Kuala Lumpur, 58100, Malaysia"
3617,16/01/2016,1:57:56,chinese,female,moderate,53.0,yes,toddler,30.0,0.0,8.0,3.122470596,101.6455208,"Jalan Dato Abu Bakar 16/1, Petaling Jaya, Petaling, Selangor, 46350, Malaysia"
3618,01/03/2016,23:57:59,chinese,female,fat,38.0,no,toddler,51.0,1.0,19.0,3.137264629,101.6585265,"Rumah Kelab PAUM, Susur Damansara, Bukit Bandaraya, Bangsar, Kuala Lumpur, 50490, Malaysia"
3619,01/02/2016,4:03:43,chinese,male,moderate,40.0,no,toddler,12.0,5.0,9.0,3.093749713,101.6805587,"Petronas, Lebuhraya Baru Pantai, Taman Lian Hoe, Kuchai Lama, Kuala Lumpur, 58200, Malaysia"
3620,01/02/2016,4:13:43,foreigner,male,thin,58.0,yes,baby,37.0,1.0,7.0,3.069285543,101.6900116,"Digi Express, Jalan Radin Anum, Zone J, Bandar Baru Sri Petaling, Kuala Lumpur, 57000, Malaysia"
3621,17/02/2016,20:10:34,malay,female,moderate,22.0,no,toddler,48.0,2.0,14.0,3.080498277,101.7041369,"Jalan 1/125D, Desa Petaling, Salak Selatan, Kuala Lumpur, 57100, Malaysia"
3622,31/12/2015,17:57:22,malay,male,thin,38.0,yes,baby,31.0,2.0,14.0,3.084471362,101.6692801,"Taman OUG, Kuala Lumpur, 58200, Malaysia"
3623,01/03/2016,2:43:36,chinese,male,thin,45.0,no,baby,13.0,1.0,13.0,3.082838575,101.6853899,"Jalan Gembira, Taman Gembira, Kuchai Lama, Kuala Lumpur, 58200, Malaysia"
3624,21/01/2016,10:45:09,foreigner,female,fat,50.0,no,toddler,37.0,0.0,13.0,3.093982857,101.6572297,"Hutan Pendidikan Bukit Gasing, Jalan 5/69, Taman Petaling, Bukit Gasing, Petaling Jaya, Petaling, Selangor, 46000, Malaysia"
3625,05/12/2015,21:04:15,foreigner,male,fat,57.0,no,baby,50.0,5.0,13.0,3.127975615,101.6893238,"Jalan Syed Putra, Bukit Petaling, Seputeh, Kuala Lumpur, 50460, Malaysia"
3626,07/02/2016,3:07:01,malay,female,fat,45.0,no,baby,18.0,2.0,20.0,3.100855878,101.6604656,"Hutan Pendidikan Bukit Gasing, Jalan 5/69, Taman Petaling, Bukit Gasing, Petaling Jaya, Petaling, Selangor, 46000, Malaysia"
3627,07/12/2015,4:31:05,malay,female,thin,46.0,yes,young,34.0,3.0,18.0,3.130042472,101.6697006,"Jalan Terasek, Bukit Bandaraya, Bangsar, Kuala Lumpur, 59100, Malaysia"
3628,11/01/2016,9:53:26,indian,male,moderate,55.0,yes,toddler ,17.0,1.0,21.0,3.10040043,101.6539645,"SMK La Salle PJ, Jalan Chantek, Seksyen 5, Bukit Gasing, Petaling Jaya, Petaling, Selangor, 46000, Malaysia"
3629,04/12/2015,3:28:01,foreigner,male,moderate,59.0,no,toddler ,28.0,2.0,19.0,3.127247057,101.678733,"KJ16 Bangsar, Jalan Bangsar, Bangsar, Kuala Lumpur, 59000, Malaysia"
3630,09/01/2016,10:06:10,foreigner,male,fat,55.0,yes,toddler ,34.0,4.0,15.0,3.11435111,101.6696614,"Bangunan Utama Angkasapuri, Setiawangsa–Pantai Expressway, Cheras, Ulu Kelang, Kuala Lumpur, Gombak, Selangor, 50600, Malaysia"
3631,28/12/2015,4:17:05,indian,male,thin,44.0,yes,baby,60.0,3.0,17.0,3.067908313,101.6614743,"Jalan 12/152, OUG Industrial Park, Taman OUG, Kuala Lumpur, 47180, Malaysia"
3632,14/12/2015,5:04:13,malay,female,thin,27.0,yes,young,46.0,1.0,19.0,3.068002636,101.6427492,"Jalan Taman Kinrara 2/5, Taman Kinrara Seksyen 2, Subang Jaya, Petaling, Selangor, 47180, Malaysia"
3633,14/01/2016,19:57:20,indian,female,thin,43.0,no,no_kids,37.0,1.0,10.0,3.138262427,101.6472348,"Stadium Juara, Jalan Bukit Kiara 1, Bukit Kiara, Kuala Lumpur, 60000, Malaysia"
3634,01/12/2015,4:10:44,foreigner,female,thin,50.0,yes,toddler ,25.0,4.0,16.0,3.099351414,101.6987198,"Jalan 2/148A, Taman Sungai Besi Industrial Park, Salak Selatan, Kuala Lumpur, 58100, Malaysia"
3635,13/02/2016,0:38:51,indian,female,thin,38.0,no,baby,22.0,5.0,7.0,3.097206262,101.6578924,"Hutan Pendidikan Bukit Gasing, Jalan 5/69, Taman Petaling, Bukit Gasing, Petaling Jaya, Petaling, Selangor, 46000, Malaysia"
3636,17/02/2016,11:54:14,chinese,male,thin,30.0,yes,no_kids,20.0,4.0,9.0,3.096656338,101.6976935,"Jalan 1/108C, Bandar Sri Permaisuri, Salak Selatan, Kuala Lumpur, 57100, Malaysia"
3637,01/12/2015,21:30:33,foreigner,female,moderate,58.0,no,toddler ,54.0,2.0,16.0,3.069766988,101.6745029,"Jalan Hujan Abu 4, Taman Overseas Union, Taman OUG, Kuala Lumpur, 58200, Malaysia"
3638,01/12/2015,18:00:34,indian,female,fat,18.0,yes,baby,21.0,4.0,8.0,3.080593427,101.6448489,"Bengkel Euroteknik, Petaling Utama, Taman Petaling Utama, Petaling Jaya Selatan, Petaling Jaya, Petaling, Selangor, 46990, Malaysia"
3639,12/12/2015,5:59:55,foreigner,male,thin,42.0,no,toddler ,37.0,3.0,13.0,3.12372364,101.6416803,"29, Jalan 16/6, Seksyen 16, Petaling Jaya, Petaling, Selangor, 47350, Malaysia"
3640,30/12/2015,23:27:07,malay,female,fat,44.0,no,young,51.0,4.0,13.0,3.096726009,101.6784284,"Jalan Desa Utama, Taman Lian Hoe, Taman Desa, Kuala Lumpur, 58200, Malaysia"
3641,06/12/2015,0:01:35,indian,male,moderate,34.0,yes,young,51.0,4.0,10.0,3.079091115,101.702923,"Lebuhraya Sungai Besi, Taman Castlefield, Sungai Besi, Kuala Lumpur, 57100, Malaysia"
3642,08/02/2016,7:12:22,indian,female,moderate,44.0,yes,toddler ,46.0,4.0,16.0,3.096268708,101.6532802,"Jalan Lembah 5/2, Seksyen 5, Bukit Gasing, Petaling Jaya, Petaling, Selangor, 46000, Malaysia"
3643,27/01/2016,4:21:12,foreigner,female,moderate,18.0,yes,no_kids,29.0,2.0,12.0,3.111020582,101.6849297,"Jalan Bukit Desa 3, Seputeh, Kuala Lumpur, 58100, Malaysia"
3644,31/12/2015,17:44:29,chinese,male,fat,24.0,no,no_kids,57.0,5.0,8.0,3.094811059,101.6428558,"Jalan Templer, Seksyen 4, PJ Old Town, Petaling Jaya, Petaling, Selangor, 46700, Malaysia"
3645,19/12/2015,5:21:51,foreigner,male,thin,21.0,no,toddler,48.0,0.0,21.0,3.114697014,101.6571322,"Pusat Perubatan Universiti Malaya, Jalan Universiti, PJ State, Kuala Lumpur, Petaling, Selangor, 50603, Malaysia"
3646,17/12/2015,13:05:43,indian,male,fat,54.0,no,baby,37.0,3.0,8.0,3.077418635,101.6974892,"Jalan Mentari 1, Taman Naga Emas, Kuchai Lama, Kuala Lumpur, 57100, Malaysia"
3647,20/02/2016,23:25:49,indian,male,thin,56.0,no,toddler ,37.0,2.0,21.0,3.10323023,101.6716761,"Indah Water Konsortium, Lebuhraya Baru Pantai, Pantai Dalam, Kuala Lumpur, 58000, Malaysia"
3648,14/02/2016,17:17:32,malay,male,moderate,44.0,yes,toddler ,56.0,2.0,14.0,3.12148628,101.6732511,"Ibu Pejabat TNB KL ECO City, Jalan Bangsar, Bangsar, Kuala Lumpur, 59000, Malaysia"
3649,10/12/2015,16:35:23,malay,male,fat,20.0,no,toddler ,16.0,5.0,13.0,3.111068682,101.6687911,"Tower 7, Avenue 3, Bangsar South, Pantai Dalam, Kuala Lumpur, 59200, Malaysia"
3650,10/12/2015,8:47:48,indian,female,fat,22.0,yes,toddler,38.0,5.0,13.0,3.131151904,101.6798168,"Institut Pengurusan Kesihatan, Jalan Rakyat, Kuala Lumpur, 50470, Malaysia"
3651,29/02/2016,1:37:12,foreigner,male,thin,41.0,no,toddler ,27.0,5.0,14.0,3.132243824,101.7028796,"Restoran Tupai-Tupai, Jalan Bukit Pelaling, Bukit Petaling, Pudu, Kuala Lumpur, 55200, Malaysia"
3652,15/02/2016,0:18:46,malay,male,thin,56.0,yes,young,50.0,5.0,14.0,3.121757898,101.6786047,"Jalan Maarof, Bangsar, Kuala Lumpur, 59000, Malaysia"
3653,03/02/2016,3:54:21,foreigner,female,moderate,51.0,yes,no_kids,22.0,2.0,19.0,3.114156009,101.656047,"Pusat Perubatan Universiti Malaya, Jalan Universiti, PJ State, Kuala Lumpur, Petaling, Selangor, 50603, Malaysia"
3654,29/12/2015,19:20:07,malay,female,thin,58.0,yes,young,60.0,1.0,15.0,3.133454307,101.7001742,"Jalan Belfield, Bukit Petaling, Kuala Lumpur, 50460, Malaysia"
3655,16/02/2016,20:45:31,malay,female,thin,35.0,no,toddler ,58.0,2.0,7.0,3.123839383,101.6424414,"Jalan 16/5, Seksyen 16, Petaling Jaya, Petaling, Selangor, 47350, Malaysia"
3656,26/02/2016,2:30:50,chinese,female,thin,32.0,yes,toddler,43.0,2.0,19.0,3.080667819,101.7041161,"Jalan 1/125D, Desa Petaling, Salak Selatan, Kuala Lumpur, 57100, Malaysia"
3657,28/01/2016,8:05:57,chinese,female,moderate,37.0,no,young,13.0,5.0,20.0,3.125435554,101.6992347,"Jalan Kerayong, Bukit Petaling, Seputeh, Kuala Lumpur, 50460, Malaysia"
3658,18/01/2016,2:14:18,foreigner,female,moderate,52.0,yes,no_kids,45.0,4.0,11.0,3.09596922,101.6584199,"Hutan Pendidikan Bukit Gasing, Jalan 5/69, Taman Petaling, Bukit Gasing, Petaling Jaya, Petaling, Selangor, 46000, Malaysia"
3659,28/12/2015,20:54:00,chinese,female,thin,31.0,no,no_kids,13.0,1.0,13.0,3.13138324,101.6664876,"Jalan Terasek, Bukit Bandaraya, Bangsar, Kuala Lumpur, 59100, Malaysia"
3660,26/12/2015,1:05:50,indian,female,fat,25.0,yes,baby,59.0,3.0,15.0,3.088269146,101.6614986,"Maxwell Towers, Jalan 5/58, Taman Petaling, Bukit Gasing, Petaling Jaya, Petaling, Selangor, 46000, Malaysia"
3661,23/02/2016,14:19:16,chinese,female,thin,23.0,yes,young,43.0,1.0,17.0,3.130781111,101.6529221,"University of Malaya, Lorong 12/14A, Seksyen 12, PJ State, Kuala Lumpur, Petaling, Selangor, 50603, Malaysia"
3662,15/02/2016,13:02:48,chinese,male,fat,56.0,no,toddler,18.0,0.0,20.0,3.127176897,101.6737271,"KL1914 Lucky Gdn, Jalan Tempinis, Taman Lucky, Kuala Lumpur, 59000, Malaysia"
3663,25/12/2015,18:30:35,foreigner,female,moderate,30.0,yes,no_kids,48.0,0.0,16.0,3.085520779,101.6811085,"Jalan Selesa 9, Taman United, Kuchai Lama, Kuala Lumpur, 58200, Malaysia"
3664,06/12/2015,15:53:30,chinese,male,fat,30.0,yes,young,19.0,2.0,14.0,3.086820972,101.6763098,"Taman Skyline, Kuchai Lama, Kuala Lumpur, 58200, Malaysia"
3665,04/01/2016,0:55:17,malay,female,moderate,59.0,no,no_kids,50.0,3.0,10.0,3.111202431,101.6810249,"Lorong Bandar 3, Seputeh, Kuala Lumpur, 50614, Malaysia"
3666,15/02/2016,4:37:57,foreigner,female,thin,44.0,no,young,30.0,1.0,13.0,3.125958854,101.6834984,"SMK La Salle Brickfields, Lengkok Tun Sambanthan, Brickfields, Kuala Lumpur, 50470, Malaysia"
3667,29/01/2016,16:19:53,malay,female,moderate,56.0,yes,young,54.0,5.0,12.0,3.082570081,101.6610855,"Jalan Taman Seri Sentosa, Seri Sentosa, Taman OUG, Kuala Lumpur, 58000, Malaysia"
3668,13/01/2016,15:22:49,malay,female,moderate,46.0,yes,young,37.0,4.0,11.0,3.095794981,101.6939287,"Lebuhraya Baru Pantai, Salak Selatan, Kuala Lumpur, 58100, Malaysia"
3669,18/02/2016,9:24:27,foreigner,male,fat,18.0,yes,young,28.0,4.0,17.0,3.132365583,101.6423758,"Kelab Golf Perkhidmatan Awam, Lebuhraya Sprint (Hubungan Damansara), Kuala Lumpur, 47308, Malaysia"
3670,29/01/2016,21:01:45,indian,male,thin,59.0,no,young,28.0,4.0,9.0,3.138866325,101.6746886,"Jalan Limau Purut, Taman Bangsar, Kuala Lumpur, 59000, Malaysia"
3671,22/12/2015,19:42:13,foreigner,female,moderate,49.0,yes,toddler,17.0,2.0,18.0,3.076094123,101.6798082,"POS MALAYSIA, Jalan Perisa 2, Taman Bukit Indah, Taman OUG, Kuala Lumpur, 58200, Malaysia"
3672,13/12/2015,20:21:42,malay,female,fat,18.0,yes,baby,23.0,0.0,13.0,3.099900438,101.6440913,"Hong Leong Bank, PJ State, Petaling Jaya, Petaling, Selangor, 46661, Malaysia"
3673,06/12/2015,11:21:30,malay,male,thin,26.0,yes,baby,47.0,2.0,17.0,3.108576109,101.7051454,"Block B2, Jalan Besi, Razak Mansion, Kuala Lumpur, 55200, Malaysia"
3674,21/12/2015,2:56:28,chinese,female,fat,50.0,yes,toddler ,31.0,4.0,12.0,3.100927412,101.6565395,"Lorong Tanjung 5/4G, Seksyen 5, Bukit Gasing, Petaling Jaya, Petaling, Selangor, 46000, Malaysia"
3675,01/01/2016,14:24:55,foreigner,male,fat,24.0,yes,toddler ,20.0,2.0,17.0,3.11537411,101.6591985,"Bangunan Peperiksaan, Lorong Motosikal Lebuhraya Persekutuan, Pantai Dalam, Kuala Lumpur, 50603, Malaysia"
3676,24/12/2015,1:40:39,chinese,female,fat,49.0,yes,no_kids,46.0,5.0,18.0,3.13316755,101.673691,"131, Lorong Maarof, Taman Bangsar, Kuala Lumpur, 59000, Malaysia"
3677,20/12/2015,10:48:12,chinese,female,fat,24.0,yes,baby,24.0,3.0,11.0,3.123650792,101.6440785,"Jalan 16/5, Seksyen 16, Petaling Jaya, Petaling, Selangor, 47350, Malaysia"
3678,24/02/2016,19:37:57,chinese,female,thin,35.0,yes,toddler,49.0,0.0,7.0,3.119857856,101.6509184,"Fakulti Pendidikan, Susur Kenangan, Kuala Lumpur, 50603, Malaysia"
3679,17/01/2016,19:10:30,foreigner,female,thin,20.0,yes,no_kids,12.0,2.0,8.0,3.082357243,101.700283,"Taman Salak Selatan, Salak Selatan, Kuala Lumpur, 57100, Malaysia"
3680,07/12/2015,15:06:10,malay,female,fat,27.0,yes,toddler ,17.0,3.0,12.0,3.075524525,101.6610729,"Bloomsvale Sales Gallery, Jalan Puchong, Taman Lucky, Taman OUG, Kuala Lumpur, 58200, Malaysia"
3681,07/02/2016,7:33:12,malay,female,thin,42.0,no,baby,13.0,4.0,9.0,3.093444104,101.7036533,"Bandar Sri Permaisuri, Salak Selatan, Kuala Lumpur, 57100, Malaysia"
3682,12/02/2016,4:15:32,indian,male,fat,32.0,no,young,30.0,2.0,12.0,3.076906072,101.6833717,"Jalan Nikmat 2, Taman Gembira, Taman OUG, Kuala Lumpur, 58200, Malaysia"
3683,25/12/2015,19:03:32,malay,female,moderate,42.0,no,no_kids,29.0,5.0,10.0,3.081278339,101.6606645,"SMK Petaling, Seri Sentosa, Taman OUG, Kuala Lumpur, 58000, Malaysia"
3684,17/01/2016,18:38:35,indian,male,thin,52.0,no,no_kids,50.0,5.0,11.0,3.09891892,101.6785477,"Jalan Anggor, Taman Desa, Kuala Lumpur, 58100, Malaysia"
3685,02/01/2016,5:01:21,foreigner,female,fat,48.0,yes,toddler,51.0,0.0,11.0,3.079272503,101.6818898,"Jalan Jiran 10, Taman Sri Serangkai, Kuchai Lama, Kuala Lumpur, 58200, Malaysia"
3686,13/02/2016,19:58:25,foreigner,female,thin,50.0,yes,toddler,24.0,2.0,13.0,3.110733907,101.6689498,"Blok 21 Taman Bukit Angkasa, Jalan 7/112A, Taman Bukit Angkasa, Pantai Dalam, Kuala Lumpur, 59200, Malaysia"
3687,29/02/2016,9:13:12,malay,female,moderate,29.0,no,baby,42.0,4.0,15.0,3.081118973,101.6637868,"Lee Chong Wei Sports Arena, Jalan Seri Sentosa 2, Seri Sentosa, Taman OUG, Kuala Lumpur, 58000, Malaysia"
3688,01/03/2016,7:39:11,chinese,male,thin,39.0,yes,baby,52.0,0.0,13.0,3.073638567,101.6922229,"Jalan Sri Petaling 5, Zone F, Bandar Baru Sri Petaling, Kuala Lumpur, 57000, Malaysia"
3689,17/12/2015,11:04:55,foreigner,female,thin,55.0,no,baby,42.0,1.0,14.0,3.067561545,101.6636389,"Jalan Awan Pintal, Taman Yarl, Taman OUG, Kuala Lumpur, 58200, Malaysia"
3690,23/12/2015,7:53:25,indian,female,fat,46.0,yes,baby,14.0,5.0,9.0,3.13383408,101.6536549,"Sirkit Merentas Halangan dan Lapang Sasar PALAPES Universiti Malaya, Lingkaran Wawasan, Bukit Bandaraya, Bangsar, Kuala Lumpur, 50603, Malaysia"
3691,29/12/2015,5:24:58,malay,female,fat,57.0,yes,toddler ,35.0,1.0,15.0,3.104634334,101.6510063,"Taman Jaya Free Parking, Jalan 10/6A, Seksyen 10, PJ State, Petaling Jaya, Petaling, Selangor, 46000, Malaysia"
3692,29/12/2015,20:47:14,chinese,male,fat,33.0,no,toddler,34.0,2.0,7.0,3.13568648,101.6974644,"Jalan Belfield, Bukit Petaling, Bukit Bintang, Kuala Lumpur, 50000, Malaysia"
3693,17/02/2016,23:46:22,chinese,male,fat,36.0,yes,baby,23.0,4.0,8.0,3.089271178,101.6927148,"99 Speedmart, Jalan 5/1126B, Kuchai Entrepreneurs Park, Kuchai Lama, Kuala Lumpur, 58100, Malaysia"
3694,28/02/2016,22:20:19,malay,female,thin,33.0,no,no_kids,13.0,3.0,18.0,3.107827799,101.656017,"Jalan 5/19, Seksyen 5, Bukit Gasing, Petaling Jaya, Petaling, Selangor, 46000, Malaysia"
3695,06/12/2015,4:51:04,chinese,female,fat,33.0,yes,toddler,31.0,1.0,13.0,3.076286673,101.6579265,"Seri Sentosa, Taman OUG, Kuala Lumpur, 46990, Malaysia"
3696,05/02/2016,17:02:22,malay,male,thin,33.0,no,no_kids,39.0,2.0,21.0,3.112318099,101.7067511,"Jalan Sungai Besi, Razak Mansion, Kuala Lumpur, 55200, Malaysia"
3697,05/01/2016,3:01:00,indian,male,fat,48.0,no,toddler ,32.0,1.0,11.0,3.123091369,101.7032001,"Jalan Istana, Pudu, Kuala Lumpur, 55200, Malaysia"
3698,14/02/2016,14:38:22,foreigner,male,moderate,47.0,yes,toddler,17.0,1.0,21.0,3.080635132,101.7039702,"Jalan 1/125D, Desa Petaling, Salak Selatan, Kuala Lumpur, 57100, Malaysia"
3699,21/01/2016,11:59:53,indian,female,moderate,48.0,yes,toddler ,16.0,1.0,16.0,3.072665695,101.7060184,"Pinggiran Terminal, Taman Castlefield, Sungai Besi, Kuala Lumpur, 57100, Malaysia"
3700,16/02/2016,23:35:12,foreigner,female,thin,26.0,no,toddler ,25.0,2.0,21.0,3.076784124,101.6656969,"Taman Yarl, Taman OUG, Kuala Lumpur, 58200, Malaysia"
3701,26/01/2016,14:38:58,chinese,female,thin,42.0,yes,no_kids,43.0,4.0,7.0,3.091670096,101.6635051,"To Syabas Reservoir 1, Pantai Sentral Park, Pantai Dalam, Kuala Lumpur, 58000, Malaysia"
3702,06/12/2015,19:26:22,foreigner,female,thin,18.0,yes,toddler,31.0,1.0,18.0,3.120158476,101.6987719,"Seputeh, Kuala Lumpur, 50460, Malaysia"
3703,30/12/2015,14:13:04,malay,male,fat,20.0,no,no_kids,16.0,3.0,12.0,3.108055171,101.678468,"KL 1284 Wisma Buddist,Jalan Klang Lama, Jalan Klang Lama, Taman Halimahton, Taman Desa, Kuala Lumpur, 50614, Malaysia"
3704,01/03/2016,8:00:20,foreigner,female,moderate,41.0,yes,baby,52.0,4.0,20.0,3.085532741,101.7031907,"Jalan Vila Puncak Desa 4, Desa Petaling, Salak Selatan, Kuala Lumpur, 57100, Malaysia"
3705,23/01/2016,2:16:10,chinese,male,moderate,21.0,no,toddler ,11.0,0.0,21.0,3.10764022,101.669142,"Bazaria Pantai, Pantai Dalam, Kampung Tradisi Sri Pantai, Kuala Lumpur, 59200, Malaysia"
3706,04/02/2016,21:57:51,malay,female,fat,18.0,yes,young,34.0,3.0,19.0,3.107255717,101.6479075,"Lorong Motosikal Lebuhraya Persekutuan, Seksyen 11, PJ State, Petaling Jaya, Petaling, Selangor, 46661, Malaysia"
3707,31/01/2016,4:51:08,chinese,male,thin,31.0,no,toddler ,12.0,5.0,9.0,3.074614578,101.7048488,"Jalan Pauh Kijang, Kampung Malaysia Raya, Kuala Lumpur, 57100, Malaysia"
3708,27/12/2015,3:01:57,chinese,male,thin,54.0,yes,toddler,30.0,3.0,19.0,3.082418281,101.6593823,"Jalan 18/14, PJS 1, PJ Old Town, Petaling Jaya, Petaling, Selangor, 58000, Malaysia"
3709,29/12/2015,10:11:48,malay,female,fat,38.0,no,baby,58.0,4.0,15.0,3.107091294,101.6743703,"Medan Selera Sri Pantai, Pantai Dalam, Kampung Tradisi Sri Pantai, Kuala Lumpur, 59200, Malaysia"
3710,09/01/2016,19:54:35,foreigner,male,fat,58.0,no,toddler ,44.0,2.0,8.0,3.106981335,101.6659668,"Block B, Jalan Pantai Murni, Pantai Dalam, Kuala Lumpur, 59200, Malaysia"
3711,17/01/2016,1:21:29,chinese,female,fat,28.0,no,toddler ,26.0,4.0,11.0,3.096016263,101.6523594,"Jalan 5/1, Seksyen 5, Bukit Gasing, Petaling Jaya, Petaling, Selangor, 46000, Malaysia"
3712,02/01/2016,19:17:26,malay,female,moderate,59.0,yes,no_kids,35.0,4.0,20.0,3.102703947,101.6699478,"Indah Water Konsortium, Lebuhraya Baru Pantai, Pantai Dalam, Kuala Lumpur, 58000, Malaysia"
3713,05/12/2015,0:38:22,malay,female,fat,38.0,yes,toddler ,42.0,3.0,7.0,3.134980961,101.6496597,"Bukit Kiara, Lebuhraya Sprint (Hubungan Damansara), Kuala Lumpur, 46350, Malaysia"
3714,24/01/2016,3:45:49,chinese,male,moderate,37.0,yes,toddler,44.0,2.0,21.0,3.111352836,101.7075643,"Jalan Sungai Besi, Razak Mansion, Kuala Lumpur, 55200, Malaysia"
3715,01/12/2015,14:14:52,chinese,female,thin,45.0,no,no_kids,52.0,5.0,11.0,3.073633116,101.6905815,"Jalan Sri Petaling 16, Zone F, Bandar Baru Sri Petaling, Kuala Lumpur, 57000, Malaysia"
3716,12/12/2015,18:02:33,malay,female,thin,27.0,yes,baby,53.0,2.0,14.0,3.129548769,101.6636695,"Jalan Taman Pantai, Taman Lucky, Kuala Lumpur, 59100, Malaysia"
3717,21/01/2016,5:31:55,foreigner,female,fat,31.0,no,young,33.0,3.0,16.0,3.107974312,101.6468807,"7, Jalan Utara, PJ State, Petaling Jaya, Petaling, Selangor, 46200, Malaysia"
3718,07/02/2016,11:17:53,chinese,male,thin,40.0,no,baby,31.0,1.0,18.0,3.091050968,101.6578979,"Sri Maha Sivabatrakaliamman Temple, Jalan 5/64, Seksyen 5, Bukit Gasing, Petaling Jaya, Petaling, Selangor, 46000, Malaysia"
3719,27/12/2015,15:27:52,foreigner,female,moderate,28.0,no,baby,31.0,5.0,8.0,3.116425145,101.6445318,"SMK Sultan Abdul Samad, Petaling Jaya, Jalan Teh Hung Kiat (12/13), Seksyen 12, Petaling Jaya, Petaling, Selangor, 47350, Malaysia"
3720,16/12/2015,20:54:47,foreigner,female,fat,39.0,no,toddler,30.0,5.0,16.0,3.101699495,101.6790057,"Noble Care Nursing Home, Jalan Bukit Pisang, Taman Desa, Kuala Lumpur, 58100, Malaysia"
3721,17/12/2015,6:42:44,malay,male,moderate,26.0,yes,young,19.0,3.0,11.0,3.134337768,101.7044223,"Jalan Dewan Bahasa, Pudu, Kuala Lumpur, 50150, Malaysia"
3722,09/02/2016,9:23:07,foreigner,male,fat,37.0,no,toddler ,13.0,1.0,17.0,3.066976987,101.680887,"Jalan Hujan Emas 12, Taman Overseas Union, Taman OUG, Kuala Lumpur, 57000, Malaysia"
3723,03/12/2015,15:54:42,foreigner,female,thin,31.0,no,no_kids,13.0,3.0,17.0,3.095620907,101.6777885,"KMI Taman Desa Medical Centre, 45, Jalan Desa, Taman Lian Hoe, Kuchai Lama, Kuala Lumpur, 58100, Malaysia"
3724,18/12/2015,20:13:43,indian,female,thin,55.0,yes,no_kids,46.0,0.0,18.0,3.11381948,101.6596657,"Lorong Motosikal Lebuhraya Persekutuan, PJ State, Petaling Jaya, Petaling, Selangor, 50603, Malaysia"
3725,04/02/2016,21:44:35,chinese,female,moderate,18.0,yes,baby,48.0,0.0,7.0,3.12194585,101.7043806,"Jalan Lapangan Terbang Lama, Pudu, Kuala Lumpur, 55200, Malaysia"
3726,02/01/2016,5:52:18,malay,male,thin,32.0,yes,toddler ,25.0,3.0,7.0,3.131243971,101.6929499,"Lorong Bellamy, Bukit Petaling, Kuala Lumpur, 50460, Malaysia"
3727,08/01/2016,16:04:39,malay,male,moderate,50.0,yes,toddler,22.0,2.0,16.0,3.104702888,101.6742547,"PPR Pantai Ria, Pantai Dalam, Kuala Lumpur, 59200, Malaysia"
3728,07/02/2016,20:53:16,malay,male,thin,18.0,no,young,20.0,3.0,9.0,3.120769183,101.6941531,"Jalan Kerayong, Bukit Petaling, Seputeh, Kuala Lumpur, 50460, Malaysia"
3729,05/12/2015,2:22:33,foreigner,male,thin,34.0,yes,toddler ,53.0,0.0,11.0,3.067379575,101.6432959,"Jalan Taman Kinrara 2/4, Taman Kinrara Seksyen 2, Subang Jaya, Petaling, Selangor, 47180, Malaysia"
3730,18/02/2016,2:00:34,indian,male,thin,35.0,yes,no_kids,46.0,0.0,19.0,3.10128652,101.7006323,"Bandar Sri Permaisuri, Salak Selatan, Kuala Lumpur, 58100, Malaysia"
3731,22/12/2015,18:00:26,foreigner,male,moderate,18.0,no,baby,50.0,4.0,12.0,3.082159711,101.650614,"Jalan Railway 1/2, Seksyen 1, PJ Old Town, Petaling Jaya, Petaling, Selangor, 46000, Malaysia"
3732,11/12/2015,10:52:53,malay,female,thin,19.0,no,baby,12.0,2.0,17.0,3.134476736,101.7023455,"Jalan Hose, Bukit Petaling, Pudu, Kuala Lumpur, 50150, Malaysia"
3733,17/12/2015,0:40:38,malay,female,fat,23.0,yes,baby,16.0,1.0,15.0,3.086069372,101.6988281,"SJK(C) Salak South 沙叻秀华小, Jalan 38, Kampung Baru Salak Selatan, Salak Selatan, Kuala Lumpur, 57100, Malaysia"
3734,03/12/2015,20:33:33,chinese,male,moderate,22.0,no,no_kids,55.0,5.0,14.0,3.12164421,101.7095619,"Jalan Tiga, Pudu, Kuala Lumpur, 55200, Malaysia"
3735,16/01/2016,16:28:44,malay,female,fat,20.0,yes,toddler ,50.0,5.0,18.0,3.078398367,101.7027802,"Lebuhraya Kuala Lumpur–Seremban, Desa Petaling, Kuala Lumpur, 57100, Malaysia"
3736,31/01/2016,14:07:58,malay,male,moderate,44.0,yes,toddler ,31.0,1.0,7.0,3.070647656,101.687256,"Jalan 7/149J, Zone L, Bandar Baru Sri Petaling, Kuala Lumpur, 57000, Malaysia"
3737,16/01/2016,22:28:08,foreigner,female,thin,53.0,no,baby,34.0,2.0,7.0,3.115244245,101.7040466,"Setiawangsa–Pantai Expressway, MRT Escape Shaft 3, Cheras, Ulu Kelang, Kuala Lumpur, Gombak, Selangor, 50600, Malaysia"
3738,02/01/2016,20:38:41,foreigner,male,moderate,50.0,no,toddler ,30.0,4.0,10.0,3.083097219,101.6525555,"Jalan 1/4, Seksyen 1, PJ Old Town, Petaling Jaya, Petaling, Selangor, 46000, Malaysia"
3739,24/12/2015,16:18:13,chinese,male,moderate,44.0,no,young,32.0,2.0,17.0,3.103905541,101.7065987,"Jalan Besar, Bandar Sri Permaisuri, Salak Selatan, Kuala Lumpur, 51020, Malaysia"
3740,31/01/2016,20:56:22,chinese,male,moderate,36.0,yes,toddler ,18.0,5.0,16.0,3.086811832,101.6958095,"880, Jalan 37, Kampung Baru Salak Selatan, Salak Selatan, Kuala Lumpur, 57100, Malaysia"
3741,02/12/2015,5:18:27,foreigner,male,fat,33.0,no,toddler,32.0,0.0,14.0,3.089804192,101.6583332,"SMK (P) Taman Petaling, Jalan 5/52, Taman Petaling, Bukit Gasing, Petaling Jaya, Petaling, Selangor, 46000, Malaysia"
3742,06/01/2016,1:45:22,indian,male,fat,50.0,no,toddler ,23.0,5.0,10.0,3.116333186,101.6940615,"Kelab Rekreasi Angkatan Tentera, Jalan Kerayong Aman, Seputeh, Kuala Lumpur, 50460, Malaysia"
3743,28/02/2016,4:57:52,malay,male,moderate,41.0,no,no_kids,42.0,0.0,17.0,3.067448341,101.6810649,"Jalan Hujan Emas, Taman Overseas Union, Taman OUG, Kuala Lumpur, 58200, Malaysia"
3744,09/12/2015,21:50:23,malay,male,thin,36.0,yes,baby,40.0,5.0,14.0,3.10517252,101.6675985,"Jalan Pantai Permai 7, Pantai Dalam, Kuala Lumpur, 59200, Malaysia"
3745,17/01/2016,13:49:22,indian,female,fat,18.0,no,toddler ,16.0,5.0,19.0,3.123706393,101.6653088,"Jalan Taman Pantai, Bukit Pantai, Bangsar, Kuala Lumpur, 59100, Malaysia"
3746,01/03/2016,7:02:30,indian,female,thin,28.0,no,toddler,19.0,0.0,20.0,3.106128655,101.6702871,"Pasar Malam Pantai Dalam, Jalan Pantai Permai 1, Kampung Tradisi Sri Pantai, Kuala Lumpur, 59200, Malaysia"
3747,01/12/2015,11:39:52,indian,male,moderate,33.0,no,young,54.0,3.0,8.0,3.09913686,101.6742842,"Pantai Dalam, Kuala Lumpur, 58000, Malaysia"
3748,05/01/2016,7:57:32,malay,male,fat,41.0,yes,no_kids,43.0,1.0,15.0,3.077874339,101.6962796,"Jalan Mentari 1, Taman Naga Emas, Kuchai Lama, Kuala Lumpur, 57100, Malaysia"
3749,27/12/2015,0:25:11,indian,male,moderate,37.0,yes,toddler,59.0,2.0,15.0,3.087666088,101.6764072,"Taman Skyline, Kuchai Lama, Kuala Lumpur, 58200, Malaysia"
3750,01/02/2016,9:50:36,chinese,male,fat,36.0,no,young,39.0,5.0,20.0,3.086389471,101.7001429,"Nidoz Residences @ Desa Petaling, 22A, Jalan 2/125, Desa Petaling, Salak Selatan, Kuala Lumpur, 57100, Malaysia"
3751,22/01/2016,6:00:02,malay,female,thin,32.0,yes,baby,47.0,2.0,17.0,3.127084356,101.7064636,"Jalan 1/78, PPR Seri Alam, Pudu, Kuala Lumpur, 57000, Malaysia"
3752,23/12/2015,3:48:54,indian,male,fat,19.0,yes,toddler ,11.0,3.0,7.0,3.093033008,101.7020577,"45, Jalan 3, Kampung Baru Salak Selatan, Salak Selatan, Kuala Lumpur, 57100, Malaysia"
3753,01/01/2016,22:13:37,indian,female,moderate,43.0,no,toddler,38.0,4.0,17.0,3.129063697,101.6803869,"Jalan Bangsar, Bangsar, Kuala Lumpur, 59000, Malaysia"
3754,02/12/2015,21:14:27,malay,female,moderate,36.0,no,no_kids,36.0,4.0,8.0,3.077247356,101.6894071,"Taman Sri Serangkai, Kuchai Lama, Kuala Lumpur, 57000, Malaysia"
3755,04/12/2015,22:38:31,chinese,male,moderate,27.0,yes,toddler,15.0,0.0,11.0,3.135323652,101.6973762,"Jalan Belfield, Bukit Petaling, Bukit Bintang, Kuala Lumpur, 50000, Malaysia"
3756,04/12/2015,19:59:50,chinese,male,thin,18.0,yes,no_kids,22.0,3.0,16.0,3.072071908,101.6422368,"Jalan Petaling Jaya Selatan 1/15, PJS 3, Petaling Jaya Selatan, Petaling Jaya, Petaling, Selangor, 46050, Malaysia"
3757,06/01/2016,0:43:52,foreigner,male,fat,25.0,no,young,28.0,1.0,7.0,3.100053608,101.7038608,"T582 T583 T584, Jalan Besar, Bandar Sri Permaisuri, Salak Selatan, Kuala Lumpur, 51020, Malaysia"
3758,12/01/2016,1:33:02,chinese,male,fat,51.0,no,no_kids,54.0,4.0,20.0,3.119120181,101.7098383,"Kia, Terowong Smart, Bandar Sri Permaisuri, Cheras, Kuala Lumpur, 55100, Malaysia"
3759,21/12/2015,15:07:46,indian,male,fat,38.0,no,young,46.0,1.0,11.0,3.112194839,101.7017308,"Setiawangsa–Pantai Expressway, MRT Escape Shaft 3, Cheras, Ulu Kelang, Kuala Lumpur, Gombak, Selangor, 50600, Malaysia"
3760,06/12/2015,16:27:58,foreigner,male,fat,44.0,yes,toddler ,19.0,3.0,16.0,3.125651997,101.6779513,"Jalan Bangsar, Bangsar, Kuala Lumpur, 59000, Malaysia"
3761,27/02/2016,12:43:36,indian,female,moderate,23.0,yes,toddler ,27.0,3.0,20.0,3.07308593,101.6497321,"Jalan Seri Sentosa 12, Kuala Lumpur, 58000, Malaysia"
3762,22/02/2016,17:26:56,foreigner,male,fat,51.0,no,toddler ,51.0,5.0,13.0,3.125903827,101.6662398,"Lorong Bukit Pantai 4, Bukit Pantai, Bangsar, Kuala Lumpur, 59100, Malaysia"
3763,24/01/2016,0:57:29,malay,female,fat,18.0,no,baby,59.0,4.0,12.0,3.110398552,101.6608653,"Jalan Pantai Prima, Pantai Dalam, Kuala Lumpur, 59200, Malaysia"
3764,04/12/2015,20:39:55,indian,male,moderate,18.0,no,young,59.0,5.0,20.0,3.131443808,101.7040675,"Menara Zurich, Jalan Dewan Bahasa, Pudu, Kuala Lumpur, 50150, Malaysia"
3765,22/02/2016,11:29:36,malay,female,thin,58.0,no,toddler ,27.0,2.0,8.0,3.136118981,101.7049423,"Blok 32, Jalan Loke Yew, Pudu, Kuala Lumpur, 55200, Malaysia"
3766,24/12/2015,4:37:57,malay,male,moderate,33.0,yes,toddler,44.0,5.0,15.0,3.107584831,101.6823298,"Lorong Jugra, Taman Desa, Kuala Lumpur, 50614, Malaysia"
3767,18/01/2016,18:31:00,foreigner,female,fat,55.0,no,no_kids,37.0,3.0,8.0,3.136595585,101.6664654,"Jalan Ara, Taman Bandaraya, Kuala Lumpur, 59000, Malaysia"
3768,31/12/2015,15:52:45,foreigner,female,moderate,43.0,yes,no_kids,52.0,3.0,9.0,3.112452607,101.6711078,"Wisma TV Angkasapuri, Setiawangsa–Pantai Expressway, Cheras, Ulu Kelang, Kuala Lumpur, Gombak, Selangor, 50600, Malaysia"
3769,28/02/2016,18:41:32,chinese,female,fat,30.0,no,no_kids,13.0,3.0,11.0,3.091609365,101.704998,"Kampung Baru Salak Selatan, Salak Selatan, Kuala Lumpur, 57100, Malaysia"
3770,08/12/2015,11:25:04,indian,male,moderate,55.0,yes,baby,14.0,0.0,10.0,3.107994764,101.6728647,"Lebuhraya Baru Pantai, Pantai Dalam, Kuala Lumpur, 59200, Malaysia"
3771,12/01/2016,16:53:06,foreigner,female,thin,58.0,no,toddler,47.0,2.0,13.0,3.070439926,101.6514383,"Jalan Taman Seri Sentosa, PJS 3, Petaling Jaya Selatan, Petaling Jaya, Petaling, Selangor, 46050, Malaysia"
3772,13/12/2015,14:29:53,foreigner,female,fat,33.0,yes,no_kids,30.0,0.0,7.0,3.105889372,101.7095084,"Lebuhraya Maju, Bandar Sri Permaisuri, Cheras, Kuala Lumpur, 51020, Malaysia"
3773,05/12/2015,20:27:33,malay,female,thin,38.0,yes,no_kids,45.0,2.0,19.0,3.099966229,101.6839431,"Jalan Desa Bahagia, Taman Danau Desa, Taman Desa, Kuala Lumpur, 58100, Malaysia"
3774,28/12/2015,8:04:21,malay,female,moderate,33.0,no,toddler ,59.0,2.0,14.0,3.128541732,101.7042337,"The Association of Kwong Tong Cemetery Management Kuala Lumpur, Jalan Dewan Bahasa, Pudu, Kuala Lumpur, 55200, Malaysia"
3775,15/02/2016,13:49:10,malay,male,thin,55.0,no,toddler,50.0,0.0,8.0,3.093168941,101.6519992,"Ibu Pejabat WI, Jalan 5/42, Seksyen 5, Bukit Gasing, Petaling Jaya, Petaling, Selangor, 46000, Malaysia"
3776,13/02/2016,22:19:42,chinese,male,moderate,19.0,no,no_kids,58.0,3.0,11.0,3.137255255,101.6771818,"Persiaran Negeri Sembilan, Bukit Persekutuan, Taman Bangsar, Kuala Lumpur, 59000, Malaysia"
3777,13/01/2016,3:37:02,indian,male,fat,45.0,yes,young,35.0,5.0,16.0,3.131024927,101.6613355,"Lebuhraya Sprint, Bukit Bandaraya, Bangsar, Kuala Lumpur, 59100, Malaysia"
3778,23/01/2016,8:33:44,foreigner,male,moderate,27.0,yes,young,25.0,3.0,9.0,3.072955739,101.7014659,"Taman Castlefield, Bandar Baru Sri Petaling, Kuala Lumpur, 57000, Malaysia"
3779,11/12/2015,9:15:05,chinese,female,fat,53.0,yes,toddler,26.0,5.0,13.0,3.096842963,101.6711673,"PPR Pantai Ria, Pantai Dalam, Kuala Lumpur, 59200, Malaysia"
3780,13/01/2016,7:51:33,indian,female,thin,52.0,yes,baby,43.0,3.0,15.0,3.138146605,101.6689711,"Suanson Specialty Cakes, Jalan Bangkung, Taman Bandaraya, Kuala Lumpur, 59000, Malaysia"
3781,07/12/2015,6:22:05,chinese,male,moderate,40.0,yes,no_kids,26.0,4.0,7.0,3.108288742,101.6917007,"Setiawangsa–Pantai Expressway, Cheras, Ulu Kelang, Kuala Lumpur, Gombak, Selangor, 50600, Malaysia"
3782,10/02/2016,12:24:13,foreigner,female,thin,60.0,yes,no_kids,15.0,1.0,11.0,3.082902195,101.6593419,"Jalan 18/4, Seksyen 18, Bukit Gasing, Petaling Jaya, Petaling, Selangor, 46000, Malaysia"
3783,01/12/2015,17:59:04,chinese,female,thin,38.0,yes,toddler,13.0,4.0,14.0,3.120319467,101.6965347,"Seputeh, Kuala Lumpur, 50460, Malaysia"
3784,21/01/2016,14:17:01,chinese,female,fat,38.0,no,toddler,54.0,1.0,12.0,3.081109963,101.6620437,"Soon Huat Car Air-Cond, Seri Sentosa, Taman OUG, Kuala Lumpur, 58000, Malaysia"
3785,04/01/2016,9:00:28,chinese,female,moderate,42.0,no,young,24.0,4.0,16.0,3.067132026,101.6673096,"Sekolah Menengah Kebangsaan Taman Yarl, Jalan Awan Larat, Taman Yarl, Taman OUG, Kuala Lumpur, 58200, Malaysia"
3786,24/12/2015,10:28:17,foreigner,male,fat,31.0,yes,no_kids,46.0,3.0,12.0,3.132142117,101.6684519,"Jalan Terasek 2, Bukit Bandaraya, Bangsar, Kuala Lumpur, 59100, Malaysia"
3787,03/02/2016,21:56:49,chinese,female,moderate,41.0,yes,baby,30.0,4.0,19.0,3.121790257,101.6446494,"24, Jalan Dato Abu Bakar 16/1, Petaling Jaya, Petaling, Selangor, 47350, Malaysia"
3788,10/02/2016,1:12:30,malay,female,moderate,57.0,yes,young,17.0,2.0,19.0,3.109324303,101.7067005,"Block B2, Jalan Besi, Razak Mansion, Kuala Lumpur, 55200, Malaysia"
3789,31/12/2015,5:29:18,chinese,male,moderate,44.0,no,young,16.0,4.0,8.0,3.138208199,101.6807052,"Istana Hinggap Negeri Sembilan, Changkat Persekutuan, Bangsar, Kuala Lumpur, 50566, Malaysia"
3790,19/12/2015,20:38:45,foreigner,male,thin,54.0,no,toddler,34.0,1.0,9.0,3.06753981,101.6988012,"Jalan Wan Sendari 1, Zone H, Bandar Baru Sri Petaling, Kuala Lumpur, 57000, Malaysia"
3791,02/01/2016,17:02:40,malay,male,thin,35.0,no,toddler,47.0,4.0,15.0,3.120020042,101.6423861,"Lorong 16/3D, Seksyen 16, Petaling Jaya, Petaling, Selangor, 47350, Malaysia"
3792,03/12/2015,11:33:28,indian,female,fat,58.0,yes,toddler ,59.0,0.0,15.0,3.12161884,101.6904693,"Lorong Syed Putra Kiri, Le Chateau 2, Seputeh, Kuala Lumpur, 50460, Malaysia"
3793,08/01/2016,10:43:28,chinese,male,moderate,48.0,no,no_kids,14.0,4.0,18.0,3.073533387,101.6777969,"Jalan Hujan Emas, Taman Overseas Union, Taman OUG, Kuala Lumpur, 58200, Malaysia"
3794,13/12/2015,6:41:01,malay,male,moderate,30.0,no,toddler,14.0,4.0,17.0,3.106481819,101.7026045,"Razak Mansion, Kuala Lumpur, 51020, Malaysia"
3795,03/02/2016,0:47:40,indian,female,moderate,41.0,yes,baby,30.0,5.0,12.0,3.098777753,101.6793733,"47, Jalan Desa Utama, Taman Desa, Kuala Lumpur, 58100, Malaysia"
3796,11/02/2016,13:29:21,malay,male,fat,45.0,yes,toddler,18.0,4.0,21.0,3.106632651,101.6766203,"Gemilang Indah Condominium, 22, Jalan 2/110A, Taman Desa, Kuala Lumpur, 58000, Malaysia"
3797,04/12/2015,12:09:51,foreigner,female,fat,52.0,yes,baby,60.0,1.0,13.0,3.128648532,101.7061874,"The Association of Kwong Tong Cemetery Management Kuala Lumpur, Jalan Dewan Bahasa, Pudu, Kuala Lumpur, 55200, Malaysia"
3798,14/12/2015,4:04:08,foreigner,female,moderate,34.0,yes,no_kids,52.0,1.0,18.0,3.133147949,101.6542731,"Sirkit Merentas Halangan dan Lapang Sasar PALAPES Universiti Malaya, Lingkaran Wawasan, Bukit Bandaraya, Bangsar, Kuala Lumpur, 50603, Malaysia"
3799,29/02/2016,6:17:12,chinese,male,fat,60.0,yes,young,51.0,5.0,21.0,3.129729713,101.6626676,"Lorong Taman Pantai 7, Bukit Pantai, Bangsar, Kuala Lumpur, 59100, Malaysia"
3800,04/12/2015,7:41:30,foreigner,female,thin,22.0,no,no_kids,56.0,2.0,7.0,3.067429994,101.6775718,"Jalan Hujan Bubuk 2, Taman Overseas Union, Taman OUG, Kuala Lumpur, 57000, Malaysia"
3801,09/02/2016,6:15:13,malay,female,thin,22.0,yes,no_kids,39.0,2.0,11.0,3.073364404,101.6752316,"Jalan Hujan Rahmat, Taman Overseas Union, Taman OUG, Kuala Lumpur, 58200, Malaysia"
3802,07/12/2015,19:22:06,malay,male,fat,32.0,no,toddler ,44.0,1.0,10.0,3.120388676,101.699208,"Kuala Lumpur, 50460, Malaysia"
3803,21/12/2015,4:28:11,malay,female,moderate,19.0,no,baby,49.0,1.0,14.0,3.090013357,101.6987256,"Plaza Sungai Besi, 831, Jalan 2/108D, Desa Petaling, Salak Selatan, Kuala Lumpur, 57100, Malaysia"
3804,28/01/2016,2:59:08,chinese,female,moderate,58.0,yes,toddler,25.0,2.0,15.0,3.070658568,101.6832808,"Jalan Mesra Ria, Bandar Baru Sri Petaling, Kuala Lumpur, 57000, Malaysia"
3805,03/12/2015,20:21:33,chinese,female,moderate,21.0,no,baby,56.0,3.0,11.0,3.091962536,101.6786532,"Jalan Kuchai 4, Taman Lian Hoe, Kuchai Lama, Kuala Lumpur, 58200, Malaysia"
3806,24/02/2016,5:48:31,foreigner,male,moderate,60.0,yes,young,37.0,2.0,10.0,3.080479915,101.6566802,"Lorong 18/18A, Taman Kanagapuram, PJ Old Town, Petaling Jaya, Petaling, Selangor, 46000, Malaysia"
3807,17/01/2016,16:29:47,indian,female,fat,25.0,yes,baby,32.0,5.0,18.0,3.127426651,101.6958738,"Lengkok Bellamy, Bukit Petaling, Seputeh, Kuala Lumpur, 50460, Malaysia"
3808,22/01/2016,18:10:39,foreigner,male,thin,25.0,yes,toddler,22.0,0.0,15.0,3.12873365,101.6737838,"Petronas, Jalan Maarof, Bangsar, Kuala Lumpur, 59000, Malaysia"
3809,28/01/2016,13:08:09,malay,female,moderate,36.0,yes,young,41.0,0.0,17.0,3.11473239,101.6723862,"Lebuhraya Baru Pantai, Pantai Dalam, Kuala Lumpur, 50614, Malaysia"
3810,21/02/2016,10:13:12,malay,female,thin,49.0,no,baby,43.0,1.0,8.0,3.084645163,101.641107,"Kota Ming Auto Repairers, 4, Jalan 51/200A, Zon Perindustrian Seksyen 51, PJ Old Town, Petaling Jaya, Petaling, Selangor, 46050, Malaysia"
3811,19/02/2016,23:21:03,malay,female,thin,44.0,yes,toddler,30.0,4.0,15.0,3.1335038,101.6889196,"Brickfields Asia College Sambanthan, 68-2, Jalan Tun Sambanthan 4, Brickfields, Kuala Lumpur, 50470, Malaysia"
3812,27/01/2016,21:25:43,foreigner,female,thin,19.0,yes,toddler,28.0,1.0,12.0,3.123452446,101.645807,"Kohler, Jalan Dato Abu Bakar 16/1, Petaling Jaya, Petaling, Selangor, 46350, Malaysia"
3813,13/01/2016,3:39:07,foreigner,female,thin,43.0,yes,young,15.0,4.0,15.0,3.130815936,101.6508325,"Kolej Kediaman Tun Ahmad Zaidi (KK10), Lingkaran Wawasan, Bukit Bandaraya, Bangsar, Kuala Lumpur, 50603, Malaysia"
3814,03/01/2016,19:26:51,malay,female,fat,21.0,no,young,27.0,5.0,13.0,3.127911489,101.6935988,"Kuen Cheng High School 吉隆坡坤成中学, Jalan Syed Putra, Bukit Petaling, Seputeh, Kuala Lumpur, 50460, Malaysia"
3815,08/02/2016,9:29:52,malay,female,moderate,45.0,yes,toddler,59.0,5.0,7.0,3.120318944,101.6882341,"Seputeh, Kuala Lumpur, 50460, Malaysia"
3816,18/02/2016,20:13:44,indian,male,thin,40.0,yes,baby,56.0,0.0,8.0,3.081248759,101.686199,"Parking for registration, Jalan Senang Ria, Taman Sri Serangkai, Kuchai Lama, Kuala Lumpur, 58200, Malaysia"
3817,28/02/2016,0:19:53,indian,male,fat,41.0,no,toddler ,54.0,1.0,20.0,3.074407398,101.700166,"Jalan Sri Petaling 5, Zone F, Bandar Baru Sri Petaling, Kuala Lumpur, 57000, Malaysia"
3818,25/12/2015,15:59:50,malay,female,thin,28.0,yes,baby,32.0,1.0,7.0,3.081093518,101.6711,"Jalan Gembira, Taman United, Taman OUG, Kuala Lumpur, 58200, Malaysia"
3819,30/01/2016,22:37:59,malay,male,thin,29.0,no,young,58.0,5.0,12.0,3.132501232,101.6957238,"Muzium Diraja, Jalan Istana, Bukit Petaling, Kuala Lumpur, 50460, Malaysia"
3820,03/02/2016,13:07:56,indian,female,fat,27.0,no,toddler ,32.0,4.0,18.0,3.06927386,101.6744841,"Jalan Hujan Abu 6, Taman Overseas Union, Taman OUG, Kuala Lumpur, 58200, Malaysia"
3821,31/01/2016,22:36:19,indian,male,moderate,22.0,yes,no_kids,31.0,5.0,13.0,3.104753121,101.698482,"Setiawangsa–Pantai Expressway, MRT Escape Shaft 3, Cheras, Ulu Kelang, Kuala Lumpur, Gombak, Selangor, 50600, Malaysia"
3822,16/02/2016,9:28:34,chinese,female,thin,24.0,no,young,48.0,2.0,8.0,3.109985078,101.6452402,"Jalan Dato Mahmud 11/4, Seksyen 11, PJ State, Petaling Jaya, Petaling, Selangor, 46200, Malaysia"
3823,13/12/2015,16:04:15,indian,female,moderate,56.0,no,young,48.0,2.0,20.0,3.09707371,101.6863658,"Jalan 1/109F, Taman Danau Desa, Taman Desa, Kuala Lumpur, 58100, Malaysia"
3824,09/02/2016,5:58:32,indian,male,thin,29.0,yes,baby,53.0,3.0,12.0,3.138474127,101.6672578,"Jalan Bangkung, Taman Bandaraya, Kuala Lumpur, 59000, Malaysia"
3825,19/01/2016,2:56:03,chinese,male,thin,29.0,yes,no_kids,54.0,0.0,20.0,3.13822344,101.6786608,"Cempedak Trail, Bukit Persekutuan, Bangsar, Kuala Lumpur, 59000, Malaysia"
3826,04/12/2015,5:57:12,chinese,female,thin,25.0,yes,toddler ,42.0,0.0,13.0,3.100280762,101.6694273,"Indah Water Konsortium, Lebuhraya Baru Pantai, Pantai Dalam, Kuala Lumpur, 58000, Malaysia"
3827,02/01/2016,17:37:36,indian,female,fat,50.0,yes,toddler,17.0,0.0,16.0,3.108701057,101.670334,"Klinik Azhar, Taman Bukit Angkasa, Pantai Dalam, Kuala Lumpur, 59200, Malaysia"
3828,19/01/2016,17:05:28,chinese,female,thin,25.0,yes,no_kids,34.0,5.0,19.0,3.094432547,101.7083701,"648-1, Jalan 27, Kampung Baru Salak Selatan, Salak Selatan, Kuala Lumpur, 51020, Malaysia"
3829,14/12/2015,2:00:10,chinese,female,thin,60.0,yes,no_kids,48.0,0.0,18.0,3.102521185,101.6946693,"Lebuhraya Salak, Taman Desa, Kuala Lumpur, 58100, Malaysia"
3830,14/02/2016,16:30:25,malay,female,thin,54.0,yes,toddler ,20.0,0.0,10.0,3.103380078,101.6567284,"Lorong 5/10F, Seksyen 5, Bukit Gasing, Petaling Jaya, Petaling, Selangor, 46000, Malaysia"
3831,18/12/2015,12:51:04,malay,male,thin,46.0,no,young,43.0,5.0,20.0,3.135584466,101.7016669,"Ibu Pejabat Jabatan Bomba dan Penyelamat Malaysia Wilayah Persekutuan Kuala Lumpur, Jalan Choo Cheng Khay, Merdeka View, Pudu, Kuala Lumpur, 50150, Malaysia"
3832,07/02/2016,11:47:33,indian,female,moderate,49.0,no,no_kids,48.0,3.0,10.0,3.07683641,101.7019213,"Institut Sosial Malaysia, Lebuhraya Kuala Lumpur–Seremban, Taman Castlefield, Bandar Baru Sri Petaling, Kuala Lumpur, 57100, Malaysia"
3833,26/02/2016,3:05:10,chinese,male,fat,48.0,yes,toddler,48.0,3.0,14.0,3.080848982,101.6800277,"Jalan Nyaman 3, Taman Bukit Indah, Taman OUG, Kuala Lumpur, 58200, Malaysia"
3834,17/01/2016,11:18:19,malay,male,thin,27.0,no,young,35.0,1.0,13.0,3.134320329,101.6797426,"Jalan Johor Selatan, Bukit Persekutuan, Bangsar, Kuala Lumpur, 59000, Malaysia"
3835,13/02/2016,12:01:49,chinese,male,fat,22.0,yes,toddler ,51.0,2.0,14.0,3.081913638,101.6590136,"Jalan 18/14, PJS 1, PJ Old Town, Petaling Jaya, Petaling, Selangor, 58000, Malaysia"
3836,08/01/2016,23:37:50,malay,male,moderate,52.0,yes,baby,47.0,5.0,18.0,3.11592997,101.6923753,"Kelab Rekreasi Angkatan Tentera, Jalan Kerayong Aman, Seputeh, Kuala Lumpur, 50460, Malaysia"
3837,18/01/2016,5:27:55,indian,male,thin,20.0,no,toddler ,22.0,4.0,16.0,3.109605317,101.6601535,"Jalan Pantai Prima, Pantai Dalam, Kuala Lumpur, 59200, Malaysia"
3838,06/01/2016,7:06:22,indian,female,thin,22.0,yes,young,39.0,5.0,21.0,3.080102776,101.6859814,"Jalan Senang Ria, Taman Sri Serangkai, Kuchai Lama, Kuala Lumpur, 58200, Malaysia"
3839,26/12/2015,9:33:26,chinese,female,thin,46.0,yes,no_kids,23.0,2.0,17.0,3.083203267,101.6519428,"Jalan 1/4, Seksyen 1, PJ Old Town, Petaling Jaya, Petaling, Selangor, 46000, Malaysia"
3840,05/01/2016,0:56:17,chinese,male,moderate,19.0,yes,no_kids,53.0,3.0,12.0,3.076050214,101.6918082,"Jalan Perkasa 9, Taman Naga Emas, Kuchai Lama, Kuala Lumpur, 57000, Malaysia"
3841,10/02/2016,23:58:03,chinese,male,fat,23.0,no,young,14.0,3.0,20.0,3.118358818,101.7048619,"Az-Zubair Mosque KL Air Base, Jalan Lapangan Terbang Lama, Kuala Lumpur, 55200, Malaysia"
3842,03/02/2016,23:04:19,foreigner,male,fat,29.0,no,no_kids,29.0,1.0,17.0,3.08556222,101.68147,"Jalan Selesa 9, Taman United, Kuchai Lama, Kuala Lumpur, 58200, Malaysia"
3843,03/02/2016,22:58:37,foreigner,male,thin,28.0,yes,toddler,34.0,5.0,19.0,3.133489925,101.6561453,"Akademi Pengajian Islam, Lingkaran Wawasan, Bukit Bandaraya, Bangsar, Kuala Lumpur, 50603, Malaysia"
3844,09/12/2015,23:31:59,foreigner,female,thin,31.0,no,young,29.0,2.0,18.0,3.099567925,101.7075153,"Jalan Sri Permaisuri 6, Bandar Sri Permaisuri, Cheras, Kuala Lumpur, 51020, Malaysia"
3845,06/02/2016,17:54:34,malay,male,moderate,51.0,no,baby,28.0,0.0,19.0,3.136059029,101.6760813,"Lingkungan Negeri Sembilan, Taman Bangsar, Kuala Lumpur, 59000, Malaysia"
3846,07/12/2015,9:53:44,foreigner,male,fat,24.0,yes,toddler ,21.0,4.0,16.0,3.09918182,101.7060627,"Jalan Sri Permaisuri 6, Bandar Sri Permaisuri, Cheras, Kuala Lumpur, 51020, Malaysia"
3847,08/12/2015,23:49:06,indian,male,moderate,58.0,yes,young,51.0,2.0,16.0,3.110166576,101.6577671,"Lorong 5/41A, Seksyen 5, PJ State, Petaling Jaya, Petaling, Selangor, 46000, Malaysia"
3848,21/01/2016,4:34:10,chinese,male,moderate,34.0,yes,young,47.0,1.0,16.0,3.104183482,101.6803003,"Jalan Morib, Taman Danau Desa, Taman Desa, Kuala Lumpur, 58100, Malaysia"
3849,16/02/2016,0:46:40,foreigner,male,fat,54.0,no,toddler ,20.0,0.0,21.0,3.106730663,101.6687522,"Paya Goyang@Bazaria Nasi Lemak Hari Ini, GM7.05 Pusat Perniagaan Bazaria Pantai Permai, Jalan Pantai Permai 2, PPR Kerinchi, Pantai Dalam, Kuala Lumpur, 59200, Malaysia"
3850,21/02/2016,11:43:34,malay,female,thin,32.0,no,toddler,23.0,0.0,16.0,3.077163291,101.70075,"Institut Sosial Malaysia, Lebuhraya Kuala Lumpur–Seremban, Taman Castlefield, Bandar Baru Sri Petaling, Kuala Lumpur, 57100, Malaysia"
3851,18/12/2015,20:00:03,malay,female,fat,33.0,yes,baby,37.0,0.0,17.0,3.074679687,101.6503297,"Giant Hypermarket, Sri Manja, Sri Manja Square, Petaling Jaya Selatan, Petaling Jaya, Petaling, Selangor, 46990, Malaysia"
3852,04/12/2015,5:28:51,indian,female,moderate,24.0,no,toddler,28.0,1.0,9.0,3.077369285,101.6434054,"Masjid As-Salam, Jalan Petaling Jaya Selatan 1/21, Taman Petaling Utama, Petaling Jaya Selatan, Petaling Jaya, Petaling, Selangor, 46050, Malaysia"
3853,09/12/2015,1:54:20,indian,male,fat,55.0,no,baby,19.0,2.0,16.0,3.128981698,101.7023868,"Jalan Istana, Bukit Petaling, Kuala Lumpur, 50460, Malaysia"
3854,17/01/2016,8:59:03,chinese,female,thin,34.0,no,no_kids,28.0,1.0,13.0,3.075425339,101.6726199,"Jalan Hujan Emas 3, Taman Overseas Union, Taman OUG, Kuala Lumpur, 58200, Malaysia"
3855,13/01/2016,1:20:56,indian,male,fat,30.0,no,no_kids,54.0,1.0,17.0,3.095139842,101.6494083,"TENAGANITA, Jalan 6/11, Seksyen 6, Bukit Gasing, Petaling Jaya, Petaling, Selangor, 46990, Malaysia"
3856,31/01/2016,11:32:43,foreigner,female,thin,27.0,no,toddler ,46.0,4.0,17.0,3.129466932,101.7004739,"Kedutaan Bosnia and Herzegovina, 854, Jalan Bellamy, Bukit Petaling, Seputeh, Kuala Lumpur, 50460, Malaysia"
3857,04/12/2015,9:33:53,indian,female,thin,58.0,yes,no_kids,20.0,3.0,8.0,3.120464653,101.6522049,"Fakulti Pendidikan, Susur Kenangan, Kuala Lumpur, 50603, Malaysia"
3858,14/01/2016,0:31:21,foreigner,male,thin,48.0,yes,toddler,27.0,0.0,20.0,3.085701875,101.6539861,"Kompleks Institut Pendidikan Jalan Templer, Jalan Templer, PJ Old Town, Petaling Jaya, Petaling, Selangor, 46990, Malaysia"
3859,14/02/2016,13:13:31,malay,male,thin,45.0,yes,toddler,39.0,1.0,21.0,3.127141289,101.6730386,"Jalan Tempinis 3, Taman Lucky, Kuala Lumpur, 59100, Malaysia"
3860,19/01/2016,22:17:49,foreigner,female,fat,60.0,no,baby,25.0,0.0,9.0,3.077456563,101.6413767,"PJS 3, Petaling Jaya Selatan, Petaling Jaya, Petaling, Selangor, 46050, Malaysia"
3861,20/01/2016,22:59:36,indian,female,moderate,56.0,yes,young,51.0,0.0,13.0,3.08678594,101.7080906,"243, Jalan 12, Kampung Baru Salak Selatan, Salak Selatan, Kuala Lumpur, 57100, Malaysia"
3862,11/12/2015,17:36:59,chinese,male,moderate,48.0,no,baby,16.0,1.0,21.0,3.068805339,101.703753,"Taman Castlefield, Bandar Baru Sri Petaling, Kuala Lumpur, 57000, Malaysia"
3863,13/01/2016,16:25:52,chinese,male,fat,43.0,no,toddler ,18.0,2.0,21.0,3.070717596,101.6871664,"Jalan 7/149J, Zone L, Bandar Baru Sri Petaling, Kuala Lumpur, 57000, Malaysia"
3864,18/02/2016,6:34:55,malay,male,thin,18.0,yes,young,56.0,1.0,11.0,3.091971801,101.6721998,"Jalan Kampung Pasir, Kampung Pasir Baru, Kuala Lumpur, 58200, Malaysia"
3865,01/03/2016,1:36:03,malay,female,thin,47.0,yes,toddler ,12.0,3.0,21.0,3.082606455,101.664105,"Jalan Klang Lama, Seri Sentosa, Taman OUG, Kuala Lumpur, 58000, Malaysia"
3866,01/02/2016,1:50:32,malay,female,moderate,59.0,yes,young,17.0,2.0,12.0,3.088941948,101.6897359,"Jalan Kuchai Maju, Kuchai Entrepreneurs Park, Kuchai Lama, Kuala Lumpur, 58100, Malaysia"
3867,21/02/2016,16:38:20,malay,male,fat,52.0,yes,young,37.0,1.0,10.0,3.129966744,101.6690039,"Lorong Terasek Kanan, Bangsar, Kuala Lumpur, 59100, Malaysia"
3868,01/02/2016,3:00:15,foreigner,male,moderate,59.0,yes,young,39.0,4.0,20.0,3.125957677,101.6414773,"Jalan 16/15, Seksyen 16, Petaling Jaya, Petaling, Selangor, 47350, Malaysia"
3869,05/01/2016,21:38:07,foreigner,male,fat,22.0,yes,toddler ,24.0,3.0,7.0,3.12387977,101.6770755,"Jalan Bangsar, Bangsar, Kuala Lumpur, 59000, Malaysia"
3870,24/02/2016,19:50:25,chinese,male,thin,56.0,yes,young,21.0,5.0,15.0,3.127233105,101.6561823,"University of Malaya, Lorong 12/14A, Seksyen 12, PJ State, Kuala Lumpur, Petaling, Selangor, 50603, Malaysia"
3871,29/12/2015,14:20:47,foreigner,female,fat,20.0,yes,toddler ,22.0,4.0,9.0,3.093942076,101.6889614,"Institut Latihan Perindustrian Kuala Lumpur, Jalan Kuchai Lama, Taman Pagar Ruyong, Kuchai Lama, Kuala Lumpur, 58200, Malaysia"
3872,29/01/2016,11:49:26,malay,male,moderate,53.0,yes,no_kids,49.0,3.0,16.0,3.128303367,101.6737789,"Jalan Tempinis 1, Taman Lucky, Kuala Lumpur, 59000, Malaysia"
3873,28/02/2016,15:23:55,indian,male,fat,26.0,no,young,27.0,1.0,19.0,3.128153272,101.6786233,"Menara UOA Bangsar, Jalan Bangsar Utama 1, Bukit Bangsar, Taman Bangsar, Kuala Lumpur, 59000, Malaysia"
3874,13/02/2016,5:33:33,chinese,female,fat,58.0,no,toddler,39.0,0.0,7.0,3.138717194,101.7032866,"Victoria Institution, Jalan Kenanga, Pudu, Kuala Lumpur, 50150, Malaysia"
3875,02/12/2015,2:40:51,chinese,female,thin,49.0,yes,young,11.0,2.0,21.0,3.094589341,101.7068001,"Bandar Sri Permaisuri, Salak Selatan, Kuala Lumpur, 51020, Malaysia"
3876,22/12/2015,2:03:37,indian,female,moderate,50.0,yes,baby,19.0,2.0,19.0,3.122251165,101.6770443,"wakaf, Jalan Bangsar, Bangsar, Kuala Lumpur, 59000, Malaysia"
3877,26/12/2015,0:02:29,foreigner,male,fat,36.0,no,no_kids,15.0,3.0,8.0,3.138693313,101.6887728,"Muzium Negara Parking Lot, Jalan Damansara, Bangsar, Kuala Lumpur, 50566, Malaysia"
3878,11/12/2015,16:40:52,foreigner,female,moderate,50.0,no,toddler,12.0,0.0,19.0,3.080673628,101.6485697,"Jalan PJS 1/2B, PJS 1, PJ Old Town, Petaling Jaya, Petaling, Selangor, 46990, Malaysia"
3879,11/01/2016,11:28:53,malay,female,thin,22.0,yes,no_kids,49.0,3.0,21.0,3.08559159,101.6915769,"NSK Kuchai Lama, Jalan Selesa, Kuchai Entrepreneurs Park, Kuchai Lama, Kuala Lumpur, 58200, Malaysia"
3880,14/12/2015,23:59:29,foreigner,female,thin,27.0,yes,no_kids,33.0,2.0,7.0,3.106596254,101.668162,"Jalan Pantai Permai 2, PPR Kerinchi, Pantai Dalam, Kuala Lumpur, 59200, Malaysia"
3881,21/01/2016,15:49:16,chinese,female,moderate,34.0,no,baby,40.0,4.0,19.0,3.121747611,101.6423242,"Lorong 16/3B, Seksyen 16, Petaling Jaya, Petaling, Selangor, 47350, Malaysia"
3882,05/02/2016,12:39:16,malay,male,moderate,55.0,no,baby,15.0,3.0,9.0,3.125764916,101.6924603,"Institut Latihan Kemas, Jalan Syed Putra, Bukit Petaling, Seputeh, Kuala Lumpur, 50460, Malaysia"
3883,21/02/2016,19:22:26,foreigner,female,moderate,33.0,no,no_kids,60.0,4.0,8.0,3.079624296,101.6675996,"Taman OUG, Kuala Lumpur, 58200, Malaysia"
3884,23/02/2016,19:04:46,malay,male,fat,58.0,yes,toddler,12.0,2.0,7.0,3.069235828,101.6414938,"Taman Kinrara, Subang Jaya, Petaling, Selangor, 46050, Malaysia"
3885,08/12/2015,7:42:54,chinese,male,moderate,26.0,yes,toddler ,33.0,4.0,15.0,3.139073925,101.6744626,"Jalan Limau Purut, Taman Bangsar, Kuala Lumpur, 59000, Malaysia"
3886,10/01/2016,16:07:11,indian,male,thin,60.0,no,toddler ,38.0,2.0,17.0,3.093598364,101.6542537,"Jalan Tanjung 5/4, Seksyen 5, Bukit Gasing, Petaling Jaya, Petaling, Selangor, 46000, Malaysia"
3887,26/01/2016,8:36:00,chinese,male,thin,29.0,yes,toddler ,20.0,0.0,8.0,3.125299932,101.6895181,"Glasshouse at Seputeh, Lorong Syed Putra Kiri, Le Chateau 2, Seputeh, Kuala Lumpur, 50460, Malaysia"
3888,24/02/2016,22:40:59,malay,female,moderate,58.0,yes,toddler,56.0,4.0,12.0,3.066610055,101.6940491,"Jalan Radin, Taman Sri Endah, Bandar Baru Sri Petaling, Kuala Lumpur, 57000, Malaysia"
3889,07/01/2016,1:40:38,indian,male,moderate,43.0,no,no_kids,59.0,1.0,17.0,3.074618107,101.7063261,"Kampung Malaysia Tambahan, Kuala Lumpur, 57100, Malaysia"
3890,16/01/2016,17:15:18,malay,male,thin,36.0,yes,baby,32.0,0.0,12.0,3.090736218,101.6718956,"Jalan Kampung Pasir, Kampung Pasir Baru, Kuala Lumpur, 58200, Malaysia"
3891,22/02/2016,9:29:10,indian,female,fat,57.0,yes,toddler,46.0,1.0,7.0,3.066859542,101.6977283,"Sekolah Kebangsaan Bandar Baru Seri Petaling, Jalan Wan Sendari, Zone H, Bandar Baru Sri Petaling, Kuala Lumpur, 57000, Malaysia"
3892,29/02/2016,16:26:06,malay,female,moderate,40.0,yes,no_kids,51.0,0.0,14.0,3.088946474,101.6791857,"Taman Continental, Kuchai Lama, Kuala Lumpur, 58200, Malaysia"
3893,25/01/2016,20:30:36,malay,female,fat,39.0,no,toddler ,44.0,4.0,8.0,3.13399874,101.6514891,"Bukit Kiara, Lebuhraya Sprint (Hubungan Damansara), Kuala Lumpur, 46350, Malaysia"
3894,07/12/2015,21:02:58,foreigner,female,moderate,24.0,no,toddler,59.0,2.0,7.0,3.129680887,101.675296,"Jalan Bukit Bangsar, Bukit Bangsar, Taman Bangsar, Kuala Lumpur, 59000, Malaysia"
3895,01/12/2015,21:53:59,chinese,male,thin,28.0,no,baby,54.0,1.0,11.0,3.133842506,101.6975873,"Jalan Istana, Bukit Petaling, Bukit Bintang, Kuala Lumpur, 50460, Malaysia"
3896,09/12/2015,4:23:38,indian,female,moderate,40.0,yes,toddler,43.0,1.0,18.0,3.098767393,101.6468172,"TNB Petaling Jaya, Jalan Selangor, Seksyen 52, PJ State, Petaling Jaya, Petaling, Selangor, 46200, Malaysia"
3897,24/02/2016,22:30:05,foreigner,female,moderate,40.0,no,no_kids,55.0,1.0,10.0,3.068696545,101.7011773,"Jalan Perlak 2, Zone E, Bandar Baru Sri Petaling, Kuala Lumpur, 57000, Malaysia"
3898,07/01/2016,3:14:00,foreigner,female,fat,42.0,no,toddler ,11.0,2.0,15.0,3.101047926,101.6866076,"Jalan 3/109F, Taman Danau Desa, Taman Desa, Kuala Lumpur, 58100, Malaysia"
3899,06/02/2016,5:27:36,malay,male,moderate,21.0,yes,young,38.0,1.0,10.0,3.130723999,101.6617613,"Lebuhraya Sprint, Bangsar, Kuala Lumpur, 59100, Malaysia"
3900,16/01/2016,10:00:26,malay,female,moderate,50.0,yes,young,55.0,3.0,9.0,3.131752235,101.6425834,"Kelab Golf Perkhidmatan Awam, Lebuhraya Sprint (Hubungan Damansara), Kuala Lumpur, 47308, Malaysia"
3901,11/01/2016,4:11:32,indian,male,fat,40.0,no,young,16.0,1.0,15.0,3.086889027,101.6968545,"873, Jalan 35, Kampung Baru Salak Selatan, Salak Selatan, Kuala Lumpur, 57100, Malaysia"
3902,02/02/2016,16:26:40,chinese,male,moderate,34.0,no,toddler,57.0,1.0,10.0,3.128653037,101.7060633,"The Association of Kwong Tong Cemetery Management Kuala Lumpur, Jalan Dewan Bahasa, Pudu, Kuala Lumpur, 55200, Malaysia"
3903,27/01/2016,5:37:08,malay,male,moderate,41.0,no,young,36.0,3.0,13.0,3.088570792,101.6946725,"Lebuhraya Maju, Taman Salak Selatan, Salak Selatan, Kuala Lumpur, 57100, Malaysia"
3904,09/01/2016,16:39:31,indian,female,moderate,48.0,yes,no_kids,29.0,1.0,12.0,3.138262563,101.6771483,"Jalan Negeri Sembilan, Bukit Persekutuan, Bangsar, Kuala Lumpur, 59000, Malaysia"
3905,04/02/2016,22:54:22,chinese,male,fat,42.0,no,toddler ,50.0,4.0,16.0,3.084898105,101.6433744,"Jalan 2/25, Seksyen 2, PJ Old Town, Petaling Jaya, Petaling, Selangor, 46000, Malaysia"
3906,21/01/2016,20:26:16,indian,male,fat,24.0,yes,toddler,55.0,0.0,21.0,3.121836745,101.6502866,"Fakulti Bahasa & Linguistik, Lengkok Bahasa, Kuala Lumpur, 50603, Malaysia"
3907,31/01/2016,6:20:52,chinese,male,fat,47.0,no,toddler,40.0,5.0,20.0,3.094685116,101.662081,"Bukit Gasing Valley Trail, Pantai Dalam, Kuala Lumpur, 58000, Malaysia"
3908,08/02/2016,6:19:05,indian,female,fat,29.0,yes,baby,59.0,0.0,12.0,3.096863892,101.7033757,"Lebuhraya Sungai Besi, Bandar Sri Permaisuri, Salak Selatan, Kuala Lumpur, 51020, Malaysia"
3909,28/01/2016,23:20:49,indian,male,fat,37.0,yes,toddler,50.0,5.0,13.0,3.097526607,101.7038425,"Lebuhraya Hubungan Timur–Barat, Bandar Sri Permaisuri, Salak Selatan, Kuala Lumpur, 51020, Malaysia"
3910,01/03/2016,10:35:18,indian,male,fat,19.0,yes,baby,34.0,1.0,7.0,3.125169431,101.6606347,"Blok C, Lingkaran Wawasan, Bukit Bandaraya, Bangsar, Kuala Lumpur, 50603, Malaysia"
3911,10/01/2016,2:24:57,chinese,male,moderate,47.0,no,toddler ,55.0,4.0,8.0,3.089669193,101.6662723,"Pantai Dalam, Kuala Lumpur, 58000, Malaysia"
3912,12/02/2016,7:34:45,malay,female,thin,57.0,no,toddler ,28.0,0.0,21.0,3.110617552,101.6873251,"Tadika Genius Riang, Jalan Bukit Desa 3, Seputeh, Kuala Lumpur, 58100, Malaysia"
3913,23/01/2016,3:07:44,chinese,male,moderate,47.0,yes,toddler ,60.0,3.0,16.0,3.137322776,101.7047955,"Klinik Jalan Hang Tuah, Jalan Dewan Bahasa-Hang Tuah, Bukit Bintang, Kuala Lumpur, 50150, Malaysia"
3914,08/12/2015,2:16:16,indian,female,fat,47.0,yes,toddler ,21.0,0.0,14.0,3.111071004,101.6438779,"Jalan 12/14, Seksyen 12, PJ State, Petaling Jaya, Petaling, Selangor, 46200, Malaysia"
3915,17/01/2016,0:47:31,chinese,male,moderate,24.0,no,no_kids,26.0,0.0,18.0,3.106221868,101.6686111,"Jalan Pantai Permai 2, PPR Kerinchi, Pantai Dalam, Kuala Lumpur, 59200, Malaysia"
3916,08/02/2016,10:40:50,foreigner,male,thin,28.0,yes,young,23.0,5.0,10.0,3.106183338,101.6434584,"Kompleks Sukan Astaka MBPJ, Lorong Utara B, PJ State, Petaling Jaya, Petaling, Selangor, 46200, Malaysia"
3917,11/01/2016,13:21:26,foreigner,female,fat,41.0,no,no_kids,52.0,5.0,19.0,3.139037088,101.6446198,"TPC Kuala Lumpur, Lebuhraya Sprint, Bukit Kiara, Kuala Lumpur, 46350, Malaysia"
3918,29/12/2015,22:05:50,foreigner,male,thin,37.0,yes,baby,25.0,2.0,12.0,3.086361181,101.6456693,"Bangkok Tom Yam, Jalan Dispensary, Seksyen 2, PJ Old Town, Petaling Jaya, Petaling, Selangor, 46000, Malaysia"
3919,24/02/2016,16:34:11,malay,female,moderate,55.0,no,young,53.0,5.0,20.0,3.106389675,101.6650249,"Block A, Jalan Pantai Murni, Pantai Dalam, Kuala Lumpur, 59200, Malaysia"
3920,12/12/2015,16:04:12,malay,male,thin,28.0,no,toddler ,49.0,2.0,12.0,3.093836951,101.6952906,"Lebuhraya Kuala Lumpur–Seremban, Salak Selatan, Kuala Lumpur, 58100, Malaysia"
3921,04/12/2015,23:33:40,foreigner,male,thin,51.0,yes,no_kids,23.0,0.0,14.0,3.132353757,101.6521448,"Kolej Kediaman Tun Ahmad Zaidi (KK10), Lingkaran Wawasan, Bukit Bandaraya, Bangsar, Kuala Lumpur, 50603, Malaysia"
3922,19/12/2015,4:56:42,chinese,male,thin,29.0,no,toddler ,56.0,0.0,12.0,3.086819912,101.6733922,"Depot Rapid KL OKR, Jalan Klang Lama, Taman Skyline, Taman OUG, Kuala Lumpur, 58200, Malaysia"
3923,05/01/2016,8:56:42,malay,male,moderate,59.0,no,baby,60.0,0.0,12.0,3.074720018,101.6674276,"Persiaran Awan, Taman Yarl, Taman OUG, Kuala Lumpur, 58200, Malaysia"
3924,16/01/2016,3:22:15,indian,male,moderate,46.0,no,baby,50.0,0.0,21.0,3.088503536,101.7044814,"182, Jalan 10A, Kampung Baru Salak Selatan, Salak Selatan, Kuala Lumpur, 57100, Malaysia"
3925,18/12/2015,4:42:14,indian,female,moderate,26.0,no,young,33.0,5.0,16.0,3.080959723,101.6905879,"Taman Sri Petaling, Bandar Baru Sri Petaling, Kuala Lumpur, 57000, Malaysia"
3926,28/12/2015,11:13:26,chinese,female,moderate,49.0,yes,baby,49.0,1.0,20.0,3.082224318,101.6839754,"Jalan Jiran 3, Taman Gembira, Kuchai Lama, Kuala Lumpur, 58200, Malaysia"
3927,24/01/2016,14:07:48,chinese,male,thin,39.0,yes,young,19.0,3.0,10.0,3.1088942,101.6724231,"Jalan 1/112A, Taman Bukit Angkasa, Pantai Dalam, Kuala Lumpur, 59200, Malaysia"
3928,12/02/2016,0:29:28,malay,male,fat,52.0,no,young,12.0,5.0,16.0,3.126007666,101.6560907,"University of Malaya, Lorong 12/14A, Seksyen 12, PJ State, Kuala Lumpur, Petaling, Selangor, 50603, Malaysia"
3929,20/12/2015,23:58:32,indian,female,fat,43.0,yes,toddler ,27.0,4.0,20.0,3.101266132,101.7086641,"B, Jalan Sri Permaisuri 6, Bandar Sri Permaisuri, Cheras, Kuala Lumpur, 51020, Malaysia"
3930,10/02/2016,1:15:53,indian,female,moderate,54.0,yes,no_kids,32.0,1.0,12.0,3.079847147,101.6784235,"Jalan Nyaman 5, Taman Bukit Indah, Taman OUG, Kuala Lumpur, 58200, Malaysia"
3931,10/02/2016,10:23:18,malay,female,fat,46.0,no,baby,49.0,5.0,16.0,3.087849186,101.6492458,"Jalan 3/63, Seksyen 3, PJ Old Town, Petaling Jaya, Petaling, Selangor, 46000, Malaysia"
3932,13/01/2016,20:51:33,malay,male,thin,25.0,no,toddler ,36.0,2.0,12.0,3.128534487,101.680655,"Alila, Jalan Ang Seng, Brickfields, Kuala Lumpur, 59000, Malaysia"
3933,14/01/2016,19:09:07,malay,male,thin,21.0,yes,no_kids,34.0,1.0,16.0,3.10866389,101.6784167,"CNC Car Advance, Jalan Klang Lama, Taman Halimahton, Taman Desa, Kuala Lumpur, 50614, Malaysia"
3934,16/01/2016,7:41:58,malay,male,fat,19.0,no,toddler ,57.0,3.0,21.0,3.079935027,101.6800291,"Jalan Nyaman 2, Taman Bukit Indah, Taman OUG, Kuala Lumpur, 58200, Malaysia"
3935,04/01/2016,16:40:37,malay,female,fat,57.0,yes,no_kids,37.0,1.0,9.0,3.073154297,101.6879188,"Jalan 2/149, Bandar Baru Sri Petaling, Kuala Lumpur, 57000, Malaysia"
3936,03/01/2016,18:12:34,indian,male,fat,36.0,yes,toddler,40.0,4.0,13.0,3.070245297,101.6537679,"Jalan 4/153A, Taman Suria, Kuala Lumpur, 47180, Malaysia"
3937,13/02/2016,2:15:05,foreigner,male,moderate,48.0,yes,no_kids,41.0,3.0,21.0,3.087930195,101.6599809,"Jalan 5/58, Taman Petaling, Bukit Gasing, Petaling Jaya, Petaling, Selangor, 46000, Malaysia"
3938,08/02/2016,4:06:28,foreigner,male,thin,24.0,yes,young,60.0,2.0,21.0,3.125657625,101.6605912,"Kolej Kediaman Raja Dr. Nazrin Shah (KK12), Lingkaran Wawasan, Bukit Bandaraya, Bangsar, Kuala Lumpur, 50603, Malaysia"
3939,16/01/2016,4:30:00,indian,male,fat,53.0,no,no_kids,14.0,0.0,15.0,3.071884455,101.6453827,"PJS 3, Petaling Jaya Selatan, Petaling Jaya, Petaling, Selangor, 46050, Malaysia"
3940,02/01/2016,11:10:15,malay,male,thin,21.0,no,young,47.0,0.0,14.0,3.077381331,101.6679572,"Persiaran Awan, Taman Yarl, Taman OUG, Kuala Lumpur, 58200, Malaysia"
3941,22/02/2016,7:23:03,chinese,female,fat,40.0,no,toddler,21.0,3.0,16.0,3.080834431,101.6569423,"Jalan 18/18, Taman Kanagapuram, PJ Old Town, Petaling Jaya, Petaling, Selangor, 46000, Malaysia"
3942,09/01/2016,11:17:39,malay,female,thin,32.0,yes,young,52.0,0.0,8.0,3.079899152,101.6613514,"SMK Petaling, Seri Sentosa, Taman OUG, Kuala Lumpur, 58000, Malaysia"
3943,31/12/2015,2:02:18,malay,male,fat,37.0,no,toddler ,25.0,1.0,7.0,3.103275202,101.707898,"HeroMarket, Jalan Sri Permaisuri 9, Bandar Sri Permaisuri, Cheras, Kuala Lumpur, 56000, Malaysia"
3944,17/01/2016,15:40:53,chinese,male,moderate,18.0,yes,no_kids,34.0,5.0,9.0,3.124192494,101.652617,"University of Malaya, Lorong 12/14A, Seksyen 12, PJ State, Kuala Lumpur, Petaling, Selangor, 50603, Malaysia"
3945,02/12/2015,8:52:02,malay,female,thin,48.0,no,baby,60.0,0.0,7.0,3.124983654,101.6898185,"Glasshouse at Seputeh, Lorong Syed Putra Kiri, Le Chateau 2, Seputeh, Kuala Lumpur, 50460, Malaysia"
3946,02/01/2016,11:26:24,foreigner,male,thin,34.0,no,young,44.0,3.0,11.0,3.132483305,101.670761,"10, Jalan Telawi, Bangsar, Kuala Lumpur, 59100, Malaysia"
3947,02/02/2016,7:36:45,foreigner,female,moderate,21.0,yes,baby,48.0,2.0,18.0,3.129664064,101.6889878,"Kovil Sri Sakthi Vinayagar, Jalan Berhala, Brickfields, Kuala Lumpur, 50470, Malaysia"
3948,15/01/2016,11:45:42,indian,female,moderate,20.0,yes,toddler,52.0,4.0,14.0,3.086391241,101.6676517,"Jalan Kampung Pasir, Kampung Pasir Baru, Kuala Lumpur, 58200, Malaysia"
3949,25/01/2016,17:38:03,indian,female,fat,43.0,yes,young,39.0,1.0,13.0,3.127579115,101.696574,"Lengkok Bellamy, Bukit Petaling, Seputeh, Kuala Lumpur, 50460, Malaysia"
3950,03/02/2016,18:45:51,foreigner,female,fat,51.0,no,no_kids,30.0,5.0,18.0,3.084381581,101.6985505,"Lebuhraya Kuala Lumpur–Seremban, Taman Salak Selatan, Salak Selatan, Kuala Lumpur, 57100, Malaysia"
3951,24/02/2016,3:41:09,indian,male,thin,33.0,yes,no_kids,53.0,5.0,21.0,3.135394258,101.7014221,"Ibu Pejabat Jabatan Bomba dan Penyelamat Malaysia Wilayah Persekutuan Kuala Lumpur, Jalan Choo Cheng Khay, Merdeka View, Pudu, Kuala Lumpur, 50150, Malaysia"
3952,23/12/2015,15:25:12,foreigner,female,thin,49.0,yes,no_kids,50.0,0.0,13.0,3.094273185,101.678128,"Lebuhraya Baru Pantai, Taman Lian Hoe, Kuchai Lama, Kuala Lumpur, 58200, Malaysia"
3953,28/12/2015,6:47:50,chinese,male,thin,26.0,no,no_kids,40.0,0.0,8.0,3.128124176,101.690255,"Institut Latihan Kemas, Jalan Syed Putra, Bukit Petaling, Seputeh, Kuala Lumpur, 50460, Malaysia"
3954,06/12/2015,17:53:43,foreigner,female,moderate,23.0,no,toddler ,45.0,1.0,11.0,3.118154358,101.6604183,"Fakulti Undang-Undang, Lingkungan Budi, Bukit Pantai, Bangsar, Kuala Lumpur, 50603, Malaysia"
3955,05/01/2016,2:44:46,indian,female,thin,22.0,yes,toddler ,41.0,1.0,21.0,3.110993068,101.6444469,"Jalan 12/14, Seksyen 12, PJ State, Petaling Jaya, Petaling, Selangor, 46200, Malaysia"
3956,05/01/2016,23:17:27,chinese,female,thin,35.0,no,toddler ,13.0,5.0,17.0,3.088143614,101.6547116,"Jalan 5/47, Taman Petaling, Bukit Gasing, Petaling Jaya, Petaling, Selangor, 46000, Malaysia"
3957,06/02/2016,2:05:37,chinese,male,moderate,20.0,yes,toddler ,42.0,3.0,12.0,3.094690359,101.6917656,"Lebuhraya Baru Pantai, Taman Danau Desa, Kuchai Lama, Kuala Lumpur, 58100, Malaysia"
3958,29/12/2015,18:12:01,chinese,male,fat,29.0,no,baby,40.0,1.0,11.0,3.085476879,101.6530595,"Masala Wheels, Jalan 1/3A, Seksyen 1, PJ Old Town, Petaling Jaya, Petaling, Selangor, 46000, Malaysia"
3959,01/03/2016,0:15:17,foreigner,male,fat,57.0,no,no_kids,13.0,4.0,17.0,3.127838246,101.7040054,"Kwong Tong Cemetery Parlour Hall C, Jalan Istana, Bukit Petaling, Kuala Lumpur, 55200, Malaysia"
3960,10/12/2015,3:47:51,foreigner,female,moderate,37.0,no,young,47.0,1.0,17.0,3.099003174,101.657598,"Hutan Pendidikan Bukit Gasing, Jalan 5/69, Taman Petaling, Bukit Gasing, Petaling Jaya, Petaling, Selangor, 46000, Malaysia"
3961,13/01/2016,2:06:11,indian,female,thin,52.0,yes,baby,25.0,3.0,17.0,3.084881321,101.6694789,"Taman OUG, Kuala Lumpur, 58200, Malaysia"
3962,04/12/2015,22:22:48,chinese,male,thin,35.0,no,toddler ,34.0,4.0,13.0,3.124953949,101.6795342,"Pasar Malam Jalan Ang Seng, Jalan Ang Seng 6, Brickfields, Kuala Lumpur, 59000, Malaysia"
3963,12/12/2015,6:50:15,indian,male,moderate,42.0,no,no_kids,28.0,0.0,9.0,3.108555103,101.7083693,"Infinity Cars Group Sdn Bhd, Lebuhraya Sungai Besi, Razak Mansion, Kuala Lumpur, 51020, Malaysia"
3964,21/01/2016,8:37:22,chinese,female,thin,45.0,no,baby,43.0,3.0,16.0,3.072155257,101.6735503,"Taman Overseas Union, Taman OUG, Kuala Lumpur, 58200, Malaysia"
3965,25/02/2016,7:22:39,foreigner,female,fat,27.0,no,no_kids,11.0,4.0,21.0,3.101420723,101.6790146,"Noble Care Nursing Home, Jalan Bukit Pisang, Taman Desa, Kuala Lumpur, 58100, Malaysia"
3966,05/12/2015,11:23:52,indian,male,fat,44.0,yes,baby,16.0,3.0,21.0,3.078730986,101.652368,"SJK (C) Yuk Chyun 八打灵育群华文小学, Petaling Utama, Flat Petaling Utama, PJ Old Town, Petaling Jaya, Petaling, Selangor, 46990, Malaysia"
3967,30/12/2015,3:01:19,chinese,male,thin,58.0,no,baby,35.0,5.0,9.0,3.09676175,101.68263,"Jalan Desa Bahagia, Taman Danau Desa, Taman Desa, Kuala Lumpur, 58100, Malaysia"
3968,30/01/2016,19:27:16,malay,male,fat,19.0,no,baby,16.0,2.0,12.0,3.088555585,101.6751078,"Kongsi KL, Jalan Kangkung, Taman Goodwood, Kuchai Lama, Kuala Lumpur, 58200, Malaysia"
3969,14/01/2016,15:52:05,malay,male,fat,52.0,no,young,17.0,5.0,8.0,3.138381087,101.642784,"TPC Kuala Lumpur, Lebuhraya Sprint, Bukit Kiara, Kuala Lumpur, 46350, Malaysia"
3970,03/12/2015,17:49:25,malay,male,thin,20.0,yes,baby,19.0,4.0,7.0,3.100434709,101.6734736,"PPR Pantai Ria, Pantai Dalam, Kuala Lumpur, 59200, Malaysia"
3971,08/02/2016,6:36:59,indian,male,thin,31.0,no,toddler,30.0,3.0,14.0,3.116894174,101.6591137,"Kolej Kediaman Pertama (KK1), Lingkungan Budi, Bangsar, Kuala Lumpur, 50603, Malaysia"
3972,17/01/2016,18:34:34,malay,male,thin,36.0,no,toddler ,40.0,3.0,20.0,3.12477118,101.6684279,"Jalan Taban, Taman Lucky, Kuala Lumpur, 59100, Malaysia"
3973,15/02/2016,17:01:14,malay,female,moderate,25.0,yes,no_kids,43.0,5.0,11.0,3.073429184,101.68428,"Jalan 4/149K, Zone N, Bandar Baru Sri Petaling, Kuala Lumpur, 57000, Malaysia"
3974,18/12/2015,22:25:13,indian,male,moderate,60.0,yes,toddler,41.0,2.0,11.0,3.068419405,101.6902828,"Soon Fatt, Jalan Radin Anum, Zone J, Bandar Baru Sri Petaling, Kuala Lumpur, 57000, Malaysia"
3975,18/02/2016,17:42:19,indian,female,thin,60.0,yes,toddler,42.0,5.0,11.0,3.067381097,101.6819693,"Jalan 1/149L, Zone P, Bandar Baru Sri Petaling, Kuala Lumpur, 57000, Malaysia"
3976,26/01/2016,5:13:28,chinese,female,thin,51.0,no,baby,28.0,3.0,13.0,3.129940402,101.6890099,"KL Monorail Depot, Jalan Berhala, Brickfields, Kuala Lumpur, 50470, Malaysia"
3977,11/01/2016,9:09:17,malay,male,fat,56.0,yes,toddler ,25.0,5.0,12.0,3.111979581,101.6705592,"Pusat Penyiaran Antarabangsa (IBC), Jalan 7/112A, Taman Bukit Angkasa, Pantai Dalam, Kuala Lumpur, 59200, Malaysia"
3978,25/12/2015,23:16:41,foreigner,female,moderate,38.0,no,baby,41.0,0.0,10.0,3.090988235,101.6663036,"Pantai Sentral Park, Pantai Dalam, Kuala Lumpur, 58000, Malaysia"
3979,24/02/2016,15:29:40,foreigner,female,fat,30.0,no,toddler,30.0,3.0,14.0,3.093817032,101.6773475,"Taman Lian Hoe, Kuchai Lama, Kuala Lumpur, 58200, Malaysia"
3980,04/12/2015,12:08:32,foreigner,male,thin,41.0,no,young,47.0,2.0,21.0,3.076938158,101.7017067,"Institut Sosial Malaysia, Lebuhraya Kuala Lumpur–Seremban, Taman Castlefield, Bandar Baru Sri Petaling, Kuala Lumpur, 57100, Malaysia"
3981,30/01/2016,7:38:00,foreigner,female,moderate,18.0,no,toddler,31.0,5.0,13.0,3.11209117,101.6665901,"Bangsar South, Pantai Dalam, Kuala Lumpur, 59200, Malaysia"
3982,16/01/2016,7:06:32,chinese,female,thin,40.0,no,young,32.0,5.0,21.0,3.138049979,101.7010594,"Victoria Institution, Jalan Kenanga, Pudu, Kuala Lumpur, 50150, Malaysia"
3983,01/01/2016,23:13:44,indian,female,thin,39.0,no,baby,42.0,4.0,17.0,3.110702713,101.6664041,"The Vertical Business Suites, Jalan Kerinchi, Bangsar South, Pantai Dalam, Kuala Lumpur, 59200, Malaysia"
3984,09/02/2016,12:26:56,malay,female,fat,46.0,no,toddler,25.0,4.0,11.0,3.09338485,101.6452944,"Hospital Assunta, Jalan Templer, Seksyen 4, PJ Old Town, Petaling Jaya, Petaling, Selangor, 46700, Malaysia"
3985,21/01/2016,10:54:44,malay,female,fat,44.0,no,baby,28.0,4.0,10.0,3.091449039,101.6576801,"Sri Maha Sivabatrakaliamman Temple, Jalan 5/64, Seksyen 5, Bukit Gasing, Petaling Jaya, Petaling, Selangor, 46000, Malaysia"
3986,17/01/2016,17:00:20,indian,male,thin,51.0,no,young,26.0,0.0,8.0,3.110829101,101.6905154,"Setiawangsa–Pantai Expressway, Seputeh, Kuala Lumpur, 50614, Malaysia"
3987,12/12/2015,0:13:07,malay,male,thin,22.0,no,baby,22.0,5.0,11.0,3.087799578,101.678473,"Taman Skyline, Kuchai Lama, Kuala Lumpur, 58200, Malaysia"
3988,01/02/2016,13:07:12,chinese,male,fat,25.0,yes,toddler,42.0,0.0,16.0,3.123834747,101.6850996,"Sunflower House, Lorong Permai, Seputeh, Kuala Lumpur, 50460, Malaysia"
3989,09/12/2015,19:54:31,chinese,female,fat,26.0,yes,toddler,50.0,4.0,13.0,3.12067176,101.6557698,"University of Malaya, Lorong 12/14A, Seksyen 12, PJ State, Kuala Lumpur, Petaling, Selangor, 50603, Malaysia"
3990,01/02/2016,6:12:13,malay,female,thin,46.0,yes,toddler ,51.0,4.0,10.0,3.112759513,101.6596247,"Lorong Motosikal Lebuhraya Persekutuan, PJ State, Petaling Jaya, Petaling, Selangor, 50603, Malaysia"
3991,04/12/2015,20:27:32,foreigner,male,thin,26.0,yes,young,12.0,0.0,19.0,3.083306665,101.6594277,"Jalan Kajang, Seksyen 18, PJ Old Town, Petaling Jaya, Petaling, Selangor, 46000, Malaysia"
3992,25/01/2016,1:16:44,malay,female,fat,51.0,no,toddler,21.0,1.0,17.0,3.093197748,101.6732685,"Taman Goodwood, Pantai Dalam, Kuala Lumpur, 58200, Malaysia"
3993,24/01/2016,5:56:15,malay,male,fat,45.0,yes,baby,13.0,5.0,19.0,3.083198182,101.6648965,"Petaling Estate, Taman OUG, Kuala Lumpur, 58200, Malaysia"
3994,11/01/2016,2:00:18,foreigner,female,moderate,22.0,no,toddler ,53.0,1.0,20.0,3.131805684,101.6499946,"Kolej Kediaman Tun Ahmad Zaidi (KK10), Lingkaran Wawasan, Bukit Bandaraya, Bangsar, Kuala Lumpur, 50603, Malaysia"
3995,24/01/2016,21:45:06,foreigner,male,moderate,30.0,yes,no_kids,15.0,3.0,9.0,3.082211995,101.6448782,"Lebuhraya Baru Pantai, Taman Petaling Utama, PJ Old Town, Petaling Jaya, Petaling, Selangor, 46050, Malaysia"
3996,26/12/2015,1:48:15,malay,male,moderate,24.0,yes,baby,53.0,3.0,13.0,3.118138054,101.6773148,"Mid Valley Megamall, Batu 2 1/2, Jalan Klang Lama, Taman Halimahton, Seputeh, Kuala Lumpur, 58000, Malaysia"
3997,07/12/2015,1:42:32,foreigner,male,thin,27.0,yes,no_kids,56.0,2.0,7.0,3.101050507,101.6430597,"Pusat Serahan Mel Jalan Sultan, Lorong Produktiviti 2, Seksyen 52, PJ State, Petaling Jaya, Petaling, Selangor, 46200, Malaysia"
3998,10/02/2016,0:24:23,indian,female,thin,18.0,yes,baby,26.0,2.0,7.0,3.136529655,101.6990906,"Lengkok Belfield, Bukit Petaling, Bukit Bintang, Kuala Lumpur, 50150, Malaysia"
3999,02/02/2016,9:47:17,chinese,female,fat,23.0,yes,young,14.0,5.0,10.0,3.126260219,101.7012455,"Bukit Petaling, Kuala Lumpur, 50460, Malaysia"
