#Date/Time of Update: 2017-05-02 3:46:42 PM,#Game Date,#Game Time,#Away Team ID,#Away Team Abbr.,#Away Team City,#Away Team Name,#Home Team ID,#Home Team Abbr.,#Home Team City,#Home Team Name,#Location
,25-10-16,7:30PM,83,NYK,New York,Knicks,86,CLE,Cleveland,Cavaliers,Quicken Loans Arena
,25-10-16,10:00PM,98,UTA,Utah,Jazz,97,POR,Portland,Trail Blazers,Moda Center
,25-10-16,10:30PM,106,SAS,San Antonio,Spurs,101,GSW,Golden State,Warriors,Oracle Arena
,26-10-16,7:00PM,92,MIA,Miami,Heat,95,ORL,Orlando,Magic,Amway Center
,26-10-16,7:00PM,108,DAL,Dallas,Mavericks,87,IND,Indiana,Pacers,Bankers Life Fieldhouse
,26-10-16,7:30PM,84,BRO,Brooklyn,Nets,82,BOS,Boston,Celtics,TD Garden
,26-10-16,7:30PM,88,DET,Detroit,Pistons,81,TOR,Toronto,Raptors,Air Canada Centre
,26-10-16,8:00PM,93,CHA,Charlotte,Hornets,90,MIL,Milwaukee,Bucks,BMO Harris Bradley Center
,26-10-16,8:00PM,100,MIN,Minnesota,Timberwolves,107,MEM,Memphis,Grizzlies,FedEx Forum
,26-10-16,8:00PM,99,DEN,Denver,Nuggets,110,NOP,New Orleans,Pelicans,Smoothie King Center
,26-10-16,8:00PM,96,OKL,Oklahoma City,Thunder,85,PHI,Philadelphia,76ers,Wells Fargo Center
,26-10-16,10:00PM,103,SAC,Sacramento,Kings,104,PHX,Phoenix,Suns,Talking Stick Resort Arena
,26-10-16,10:30PM,109,HOU,Houston,Rockets,105,LAL,Los Angeles,Lakers,Staples Center
,27-10-16,7:30PM,94,WAS,Washington,Wizards,91,ATL,Atlanta,Hawks,Philips Arena
,27-10-16,8:00PM,82,BOS,Boston,Celtics,89,CHI,Chicago,Bulls,United Center
,27-10-16,10:30PM,106,SAS,San Antonio,Spurs,103,SAC,Sacramento,Kings,Sleep Train Arena
,27-10-16,10:30PM,102,LAC,Los Angeles,Clippers,97,POR,Portland,Trail Blazers,Moda Center
,28-10-16,7:00PM,86,CLE,Cleveland,Cavaliers,81,TOR,Toronto,Raptors,Air Canada Centre
,28-10-16,7:30PM,87,IND,Indiana,Pacers,84,BRO,Brooklyn,Nets,Barclays Center
,28-10-16,7:30PM,95,ORL,Orlando,Magic,88,DET,Detroit,Pistons,Palace of Auburn Hills
,28-10-16,8:00PM,104,PHX,Phoenix,Suns,96,OKL,Oklahoma City,Thunder,Chesapeake Energy Arena
,28-10-16,8:00PM,93,CHA,Charlotte,Hornets,92,MIA,Miami,Heat,American Airlines Arena
,28-10-16,8:30PM,109,HOU,Houston,Rockets,108,DAL,Dallas,Mavericks,American Airlines Center
,28-10-16,9:00PM,105,LAL,Los Angeles,Lakers,98,UTA,Utah,Jazz,Vivint Smart Home Arena
,28-10-16,9:30PM,101,GSW,Golden State,Warriors,110,NOP,New Orleans,Pelicans,Smoothie King Center
,29-10-16,12:30PM,91,ATL,Atlanta,Hawks,85,PHI,Philadelphia,76ers,Wells Fargo Center
,29-10-16,7:00PM,82,BOS,Boston,Celtics,93,CHA,Charlotte,Hornets,Time Warner Cable Arena
,29-10-16,7:30PM,107,MEM,Memphis,Grizzlies,83,NYK,New York,Knicks,Madison Square Garden
,29-10-16,7:30PM,95,ORL,Orlando,Magic,86,CLE,Cleveland,Cavaliers,Quicken Loans Arena
,29-10-16,8:00PM,87,IND,Indiana,Pacers,89,CHI,Chicago,Bulls,United Center
,29-10-16,8:00PM,84,BRO,Brooklyn,Nets,90,MIL,Milwaukee,Bucks,BMO Harris Bradley Center
,29-10-16,8:00PM,110,NOP,New Orleans,Pelicans,106,SAS,San Antonio,Spurs,AT&T Center
,29-10-16,9:00PM,97,POR,Portland,Trail Blazers,99,DEN,Denver,Nuggets,Pepsi Center
,29-10-16,10:30PM,100,MIN,Minnesota,Timberwolves,103,SAC,Sacramento,Kings,Sleep Train Arena
,30-10-16,4:30PM,98,UTA,Utah,Jazz,102,LAC,Los Angeles,Clippers,Staples Center
,30-10-16,6:00PM,101,GSW,Golden State,Warriors,104,PHX,Phoenix,Suns,Talking Stick Resort Arena
,30-10-16,6:00PM,106,SAS,San Antonio,Spurs,92,MIA,Miami,Heat,American Airlines Arena
,30-10-16,6:00PM,90,MIL,Milwaukee,Bucks,88,DET,Detroit,Pistons,Palace of Auburn Hills
,30-10-16,7:00PM,105,LAL,Los Angeles,Lakers,96,OKL,Oklahoma City,Thunder,Chesapeake Energy Arena
,30-10-16,8:00PM,94,WAS,Washington,Wizards,107,MEM,Memphis,Grizzlies,FedEx Forum
,30-10-16,8:00PM,108,DAL,Dallas,Mavericks,109,HOU,Houston,Rockets,Toyota Center
,31-10-16,7:30PM,99,DEN,Denver,Nuggets,81,TOR,Toronto,Raptors,Air Canada Centre
,31-10-16,7:30PM,89,CHI,Chicago,Bulls,84,BRO,Brooklyn,Nets,Barclays Center
,31-10-16,7:30PM,103,SAC,Sacramento,Kings,91,ATL,Atlanta,Hawks,Philips Arena
,31-10-16,10:30PM,104,PHX,Phoenix,Suns,102,LAC,Los Angeles,Clippers,Staples Center
,01-11-16,6:00PM,109,HOU,Houston,Rockets,86,CLE,Cleveland,Cavaliers,Quicken Loans Arena
,01-11-16,7:00PM,95,ORL,Orlando,Magic,85,PHI,Philadelphia,76ers,Wells Fargo Center
,01-11-16,7:00PM,105,LAL,Los Angeles,Lakers,87,IND,Indiana,Pacers,Bankers Life Fieldhouse
,01-11-16,7:30PM,103,SAC,Sacramento,Kings,92,MIA,Miami,Heat,American Airlines Arena
,01-11-16,7:30PM,83,NYK,New York,Knicks,88,DET,Detroit,Pistons,Palace of Auburn Hills
,01-11-16,8:00PM,90,MIL,Milwaukee,Bucks,110,NOP,New Orleans,Pelicans,Smoothie King Center
,01-11-16,8:00PM,107,MEM,Memphis,Grizzlies,100,MIN,Minnesota,Timberwolves,Target Center
,01-11-16,8:30PM,98,UTA,Utah,Jazz,106,SAS,San Antonio,Spurs,AT&T Center
,01-11-16,10:00PM,101,GSW,Golden State,Warriors,97,POR,Portland,Trail Blazers,Moda Center
,02-11-16,7:00PM,81,TOR,Toronto,Raptors,94,WAS,Washington,Wizards,Verizon Center
,02-11-16,7:00PM,85,PHI,Philadelphia,76ers,93,CHA,Charlotte,Hornets,Time Warner Cable Arena
,02-11-16,7:30PM,88,DET,Detroit,Pistons,84,BRO,Brooklyn,Nets,Barclays Center
,02-11-16,7:30PM,109,HOU,Houston,Rockets,83,NYK,New York,Knicks,Madison Square Garden
,02-11-16,7:30PM,105,LAL,Los Angeles,Lakers,91,ATL,Atlanta,Hawks,Philips Arena
,02-11-16,8:00PM,110,NOP,New Orleans,Pelicans,107,MEM,Memphis,Grizzlies,FedEx Forum
,02-11-16,8:00PM,89,CHI,Chicago,Bulls,82,BOS,Boston,Celtics,TD Garden
,02-11-16,9:00PM,108,DAL,Dallas,Mavericks,98,UTA,Utah,Jazz,Vivint Smart Home Arena
,02-11-16,10:00PM,97,POR,Portland,Trail Blazers,104,PHX,Phoenix,Suns,Talking Stick Resort Arena
,02-11-16,10:30PM,96,OKL,Oklahoma City,Thunder,102,LAC,Los Angeles,Clippers,Staples Center
,03-11-16,7:00PM,103,SAC,Sacramento,Kings,95,ORL,Orlando,Magic,Amway Center
,03-11-16,8:00PM,87,IND,Indiana,Pacers,90,MIL,Milwaukee,Bucks,BMO Harris Bradley Center
,03-11-16,8:00PM,99,DEN,Denver,Nuggets,100,MIN,Minnesota,Timberwolves,Target Center
,03-11-16,8:00PM,82,BOS,Boston,Celtics,86,CLE,Cleveland,Cavaliers,Quicken Loans Arena
,03-11-16,10:30PM,96,OKL,Oklahoma City,Thunder,101,GSW,Golden State,Warriors,Oracle Arena
,04-11-16,7:00PM,91,ATL,Atlanta,Hawks,94,WAS,Washington,Wizards,Verizon Center
,04-11-16,7:30PM,92,MIA,Miami,Heat,81,TOR,Toronto,Raptors,Air Canada Centre
,04-11-16,7:30PM,93,CHA,Charlotte,Hornets,84,BRO,Brooklyn,Nets,Barclays Center
,04-11-16,8:00PM,83,NYK,New York,Knicks,89,CHI,Chicago,Bulls,United Center
,04-11-16,8:00PM,102,LAC,Los Angeles,Clippers,107,MEM,Memphis,Grizzlies,FedEx Forum
,04-11-16,8:00PM,104,PHX,Phoenix,Suns,110,NOP,New Orleans,Pelicans,Smoothie King Center
,04-11-16,8:30PM,97,POR,Portland,Trail Blazers,108,DAL,Dallas,Mavericks,American Airlines Center
,04-11-16,9:00PM,106,SAS,San Antonio,Spurs,98,UTA,Utah,Jazz,Vivint Smart Home Arena
,04-11-16,10:30PM,101,GSW,Golden State,Warriors,105,LAL,Los Angeles,Lakers,Staples Center
,05-11-16,6:00PM,100,MIN,Minnesota,Timberwolves,96,OKL,Oklahoma City,Thunder,Chesapeake Energy Arena
,05-11-16,7:00PM,86,CLE,Cleveland,Cavaliers,85,PHI,Philadelphia,76ers,Wells Fargo Center
,05-11-16,7:00PM,94,WAS,Washington,Wizards,95,ORL,Orlando,Magic,Amway Center
,05-11-16,7:00PM,99,DEN,Denver,Nuggets,88,DET,Detroit,Pistons,Palace of Auburn Hills
,05-11-16,7:00PM,89,CHI,Chicago,Bulls,87,IND,Indiana,Pacers,Bankers Life Fieldhouse
,05-11-16,7:30PM,109,HOU,Houston,Rockets,91,ATL,Atlanta,Hawks,Philips Arena
,05-11-16,8:00PM,103,SAC,Sacramento,Kings,90,MIL,Milwaukee,Bucks,BMO Harris Bradley Center
,05-11-16,8:30PM,102,LAC,Los Angeles,Clippers,106,SAS,San Antonio,Spurs,AT&T Center
,06-11-16,12:00PM,98,UTA,Utah,Jazz,83,NYK,New York,Knicks,Madison Square Garden
,06-11-16,3:30PM,97,POR,Portland,Trail Blazers,107,MEM,Memphis,Grizzlies,FedEx Forum
,06-11-16,6:00PM,103,SAC,Sacramento,Kings,81,TOR,Toronto,Raptors,Air Canada Centre
,06-11-16,7:00PM,90,MIL,Milwaukee,Bucks,108,DAL,Dallas,Mavericks,American Airlines Center
,06-11-16,7:30PM,99,DEN,Denver,Nuggets,82,BOS,Boston,Celtics,TD Garden
,06-11-16,9:30PM,104,PHX,Phoenix,Suns,105,LAL,Los Angeles,Lakers,Staples Center
,07-11-16,7:00PM,98,UTA,Utah,Jazz,85,PHI,Philadelphia,76ers,Wells Fargo Center
,07-11-16,7:00PM,109,HOU,Houston,Rockets,94,WAS,Washington,Wizards,Verizon Center
,07-11-16,7:00PM,87,IND,Indiana,Pacers,93,CHA,Charlotte,Hornets,Time Warner Cable Arena
,07-11-16,8:00PM,95,ORL,Orlando,Magic,89,CHI,Chicago,Bulls,United Center
,07-11-16,8:00PM,92,MIA,Miami,Heat,96,OKL,Oklahoma City,Thunder,Chesapeake Energy Arena
,07-11-16,10:30PM,88,DET,Detroit,Pistons,102,LAC,Los Angeles,Clippers,Staples Center
,07-11-16,10:30PM,110,NOP,New Orleans,Pelicans,101,GSW,Golden State,Warriors,Oracle Arena
,08-11-16,7:00PM,91,ATL,Atlanta,Hawks,86,CLE,Cleveland,Cavaliers,Quicken Loans Arena
,08-11-16,7:30PM,100,MIN,Minnesota,Timberwolves,84,BRO,Brooklyn,Nets,Barclays Center
,08-11-16,8:00PM,99,DEN,Denver,Nuggets,107,MEM,Memphis,Grizzlies,FedEx Forum
,08-11-16,10:00PM,104,PHX,Phoenix,Suns,97,POR,Portland,Trail Blazers,Moda Center
,08-11-16,10:30PM,108,DAL,Dallas,Mavericks,105,LAL,Los Angeles,Lakers,Staples Center
,08-11-16,10:30PM,110,NOP,New Orleans,Pelicans,103,SAC,Sacramento,Kings,Sleep Train Arena
,09-11-16,7:00PM,84,BRO,Brooklyn,Nets,83,NYK,New York,Knicks,Madison Square Garden
,09-11-16,7:00PM,82,BOS,Boston,Celtics,94,WAS,Washington,Wizards,Verizon Center
,09-11-16,7:00PM,98,UTA,Utah,Jazz,93,CHA,Charlotte,Hornets,Time Warner Cable Arena
,09-11-16,7:00PM,100,MIN,Minnesota,Timberwolves,95,ORL,Orlando,Magic,Amway Center
,09-11-16,7:00PM,85,PHI,Philadelphia,76ers,87,IND,Indiana,Pacers,Bankers Life Fieldhouse
,09-11-16,7:30PM,89,CHI,Chicago,Bulls,91,ATL,Atlanta,Hawks,Philips Arena
,09-11-16,8:00PM,81,TOR,Toronto,Raptors,96,OKL,Oklahoma City,Thunder,Chesapeake Energy Arena
,09-11-16,9:00PM,88,DET,Detroit,Pistons,104,PHX,Phoenix,Suns,Talking Stick Resort Arena
,09-11-16,9:30PM,109,HOU,Houston,Rockets,106,SAS,San Antonio,Spurs,AT&T Center
,09-11-16,10:30PM,97,POR,Portland,Trail Blazers,102,LAC,Los Angeles,Clippers,Staples Center
,09-11-16,10:30PM,108,DAL,Dallas,Mavericks,101,GSW,Golden State,Warriors,Oracle Arena
,10-11-16,8:00PM,110,NOP,New Orleans,Pelicans,90,MIL,Milwaukee,Bucks,BMO Harris Bradley Center
,10-11-16,8:00PM,89,CHI,Chicago,Bulls,92,MIA,Miami,Heat,American Airlines Arena
,10-11-16,9:00PM,101,GSW,Golden State,Warriors,99,DEN,Denver,Nuggets,Pepsi Center
,10-11-16,10:30PM,105,LAL,Los Angeles,Lakers,103,SAC,Sacramento,Kings,Sleep Train Arena
,11-11-16,7:00PM,87,IND,Indiana,Pacers,85,PHI,Philadelphia,76ers,Wells Fargo Center
,11-11-16,7:00PM,86,CLE,Cleveland,Cavaliers,94,WAS,Washington,Wizards,Verizon Center
,11-11-16,7:00PM,81,TOR,Toronto,Raptors,93,CHA,Charlotte,Hornets,Time Warner Cable Arena
,11-11-16,7:00PM,98,UTA,Utah,Jazz,95,ORL,Orlando,Magic,Amway Center
,11-11-16,7:30PM,83,NYK,New York,Knicks,82,BOS,Boston,Celtics,TD Garden
,11-11-16,8:00PM,102,LAC,Los Angeles,Clippers,96,OKL,Oklahoma City,Thunder,Chesapeake Energy Arena
,11-11-16,8:30PM,88,DET,Detroit,Pistons,106,SAS,San Antonio,Spurs,AT&T Center
,11-11-16,10:00PM,103,SAC,Sacramento,Kings,97,POR,Portland,Trail Blazers,Moda Center
,12-11-16,7:00PM,105,LAL,Los Angeles,Lakers,110,NOP,New Orleans,Pelicans,Smoothie King Center
,12-11-16,7:00PM,82,BOS,Boston,Celtics,87,IND,Indiana,Pacers,Bankers Life Fieldhouse
,12-11-16,7:30PM,83,NYK,New York,Knicks,81,TOR,Toronto,Raptors,Air Canada Centre
,12-11-16,7:30PM,85,PHI,Philadelphia,76ers,91,ATL,Atlanta,Hawks,Philips Arena
,12-11-16,8:00PM,94,WAS,Washington,Wizards,89,CHI,Chicago,Bulls,United Center
,12-11-16,8:00PM,106,SAS,San Antonio,Spurs,109,HOU,Houston,Rockets,Toyota Center
,12-11-16,8:00PM,102,LAC,Los Angeles,Clippers,100,MIN,Minnesota,Timberwolves,Target Center
,12-11-16,8:00PM,98,UTA,Utah,Jazz,92,MIA,Miami,Heat,American Airlines Arena
,12-11-16,8:30PM,107,MEM,Memphis,Grizzlies,90,MIL,Milwaukee,Bucks,BMO Harris Bradley Center
,12-11-16,9:00PM,88,DET,Detroit,Pistons,99,DEN,Denver,Nuggets,Pepsi Center
,12-11-16,9:00PM,84,BRO,Brooklyn,Nets,104,PHX,Phoenix,Suns,Talking Stick Resort Arena
,13-11-16,3:30PM,93,CHA,Charlotte,Hornets,86,CLE,Cleveland,Cavaliers,Quicken Loans Arena
,13-11-16,7:00PM,95,ORL,Orlando,Magic,96,OKL,Oklahoma City,Thunder,Chesapeake Energy Arena
,13-11-16,7:00PM,105,LAL,Los Angeles,Lakers,100,MIN,Minnesota,Timberwolves,Target Center
,13-11-16,8:00PM,104,PHX,Phoenix,Suns,101,GSW,Golden State,Warriors,Oracle Arena
,13-11-16,9:00PM,99,DEN,Denver,Nuggets,97,POR,Portland,Trail Blazers,Moda Center
,14-11-16,7:00PM,95,ORL,Orlando,Magic,87,IND,Indiana,Pacers,Bankers Life Fieldhouse
,14-11-16,7:30PM,108,DAL,Dallas,Mavericks,83,NYK,New York,Knicks,Madison Square Garden
,14-11-16,7:30PM,96,OKL,Oklahoma City,Thunder,88,DET,Detroit,Pistons,Palace of Auburn Hills
,14-11-16,8:00PM,82,BOS,Boston,Celtics,110,NOP,New Orleans,Pelicans,Smoothie King Center
,14-11-16,8:00PM,85,PHI,Philadelphia,76ers,109,HOU,Houston,Rockets,Toyota Center
,14-11-16,8:30PM,92,MIA,Miami,Heat,106,SAS,San Antonio,Spurs,AT&T Center
,14-11-16,9:00PM,107,MEM,Memphis,Grizzlies,98,UTA,Utah,Jazz,Vivint Smart Home Arena
,14-11-16,10:30PM,84,BRO,Brooklyn,Nets,102,LAC,Los Angeles,Clippers,Staples Center
,15-11-16,7:00PM,81,TOR,Toronto,Raptors,86,CLE,Cleveland,Cavaliers,Quicken Loans Arena
,15-11-16,7:30PM,91,ATL,Atlanta,Hawks,92,MIA,Miami,Heat,American Airlines Arena
,15-11-16,8:00PM,93,CHA,Charlotte,Hornets,100,MIN,Minnesota,Timberwolves,Target Center
,15-11-16,10:00PM,89,CHI,Chicago,Bulls,97,POR,Portland,Trail Blazers,Moda Center
,15-11-16,10:30PM,84,BRO,Brooklyn,Nets,105,LAL,Los Angeles,Lakers,Staples Center
,16-11-16,7:00PM,94,WAS,Washington,Wizards,85,PHI,Philadelphia,76ers,Wells Fargo Center
,16-11-16,7:00PM,110,NOP,New Orleans,Pelicans,95,ORL,Orlando,Magic,Amway Center
,16-11-16,7:00PM,86,CLE,Cleveland,Cavaliers,87,IND,Indiana,Pacers,Bankers Life Fieldhouse
,16-11-16,7:30PM,108,DAL,Dallas,Mavericks,82,BOS,Boston,Celtics,TD Garden
,16-11-16,7:30PM,88,DET,Detroit,Pistons,83,NYK,New York,Knicks,Madison Square Garden
,16-11-16,7:30PM,90,MIL,Milwaukee,Bucks,91,ATL,Atlanta,Hawks,Philips Arena
,16-11-16,8:00PM,109,HOU,Houston,Rockets,96,OKL,Oklahoma City,Thunder,Chesapeake Energy Arena
,16-11-16,8:00PM,101,GSW,Golden State,Warriors,81,TOR,Toronto,Raptors,Air Canada Centre
,16-11-16,9:00PM,104,PHX,Phoenix,Suns,99,DEN,Denver,Nuggets,Pepsi Center
,16-11-16,10:30PM,107,MEM,Memphis,Grizzlies,102,LAC,Los Angeles,Clippers,Staples Center
,16-11-16,10:30PM,106,SAS,San Antonio,Spurs,103,SAC,Sacramento,Kings,Sleep Train Arena
,17-11-16,7:00PM,83,NYK,New York,Knicks,94,WAS,Washington,Wizards,Verizon Center
,17-11-16,7:30PM,90,MIL,Milwaukee,Bucks,92,MIA,Miami,Heat,American Airlines Arena
,17-11-16,8:00PM,97,POR,Portland,Trail Blazers,109,HOU,Houston,Rockets,Toyota Center
,17-11-16,8:00PM,85,PHI,Philadelphia,76ers,100,MIN,Minnesota,Timberwolves,Target Center
,17-11-16,10:30PM,89,CHI,Chicago,Bulls,98,UTA,Utah,Jazz,Vivint Smart Home Arena
,18-11-16,7:00PM,91,ATL,Atlanta,Hawks,93,CHA,Charlotte,Hornets,Time Warner Cable Arena
,18-11-16,7:00PM,104,PHX,Phoenix,Suns,87,IND,Indiana,Pacers,Bankers Life Fieldhouse
,18-11-16,7:30PM,88,DET,Detroit,Pistons,86,CLE,Cleveland,Cavaliers,Quicken Loans Arena
,18-11-16,8:00PM,97,POR,Portland,Trail Blazers,110,NOP,New Orleans,Pelicans,Smoothie King Center
,18-11-16,8:00PM,84,BRO,Brooklyn,Nets,96,OKL,Oklahoma City,Thunder,Chesapeake Energy Arena
,18-11-16,8:00PM,101,GSW,Golden State,Warriors,82,BOS,Boston,Celtics,TD Garden
,18-11-16,8:30PM,107,MEM,Memphis,Grizzlies,108,DAL,Dallas,Mavericks,American Airlines Center
,18-11-16,9:00PM,81,TOR,Toronto,Raptors,99,DEN,Denver,Nuggets,Pepsi Center
,18-11-16,10:30PM,106,SAS,San Antonio,Spurs,105,LAL,Los Angeles,Lakers,Staples Center
,18-11-16,10:30PM,102,LAC,Los Angeles,Clippers,103,SAC,Sacramento,Kings,Sleep Train Arena
,19-11-16,5:00PM,98,UTA,Utah,Jazz,109,HOU,Houston,Rockets,Toyota Center
,19-11-16,7:00PM,93,CHA,Charlotte,Hornets,110,NOP,New Orleans,Pelicans,Smoothie King Center
,19-11-16,7:00PM,92,MIA,Miami,Heat,94,WAS,Washington,Wizards,Verizon Center
,19-11-16,7:00PM,108,DAL,Dallas,Mavericks,95,ORL,Orlando,Magic,Amway Center
,19-11-16,7:00PM,82,BOS,Boston,Celtics,88,DET,Detroit,Pistons,Palace of Auburn Hills
,19-11-16,7:30PM,104,PHX,Phoenix,Suns,85,PHI,Philadelphia,76ers,Wells Fargo Center
,19-11-16,8:00PM,100,MIN,Minnesota,Timberwolves,107,MEM,Memphis,Grizzlies,FedEx Forum
,19-11-16,8:30PM,101,GSW,Golden State,Warriors,90,MIL,Milwaukee,Bucks,BMO Harris Bradley Center
,19-11-16,10:30PM,89,CHI,Chicago,Bulls,102,LAC,Los Angeles,Clippers,Staples Center
,20-11-16,12:00PM,91,ATL,Atlanta,Hawks,83,NYK,New York,Knicks,Madison Square Garden
,20-11-16,3:30PM,97,POR,Portland,Trail Blazers,84,BRO,Brooklyn,Nets,Barclays Center
,20-11-16,7:00PM,87,IND,Indiana,Pacers,96,OKL,Oklahoma City,Thunder,Chesapeake Energy Arena
,20-11-16,9:00PM,81,TOR,Toronto,Raptors,103,SAC,Sacramento,Kings,Sleep Train Arena
,20-11-16,9:00PM,98,UTA,Utah,Jazz,99,DEN,Denver,Nuggets,Pepsi Center
,20-11-16,9:30PM,89,CHI,Chicago,Bulls,105,LAL,Los Angeles,Lakers,Staples Center
,21-11-16,7:00PM,92,MIA,Miami,Heat,85,PHI,Philadelphia,76ers,Wells Fargo Center
,21-11-16,7:00PM,104,PHX,Phoenix,Suns,94,WAS,Washington,Wizards,Verizon Center
,21-11-16,7:00PM,107,MEM,Memphis,Grizzlies,93,CHA,Charlotte,Hornets,Time Warner Cable Arena
,21-11-16,7:00PM,101,GSW,Golden State,Warriors,87,IND,Indiana,Pacers,Bankers Life Fieldhouse
,21-11-16,7:30PM,109,HOU,Houston,Rockets,88,DET,Detroit,Pistons,Palace of Auburn Hills
,21-11-16,8:00PM,95,ORL,Orlando,Magic,90,MIL,Milwaukee,Bucks,BMO Harris Bradley Center
,21-11-16,8:00PM,82,BOS,Boston,Celtics,100,MIN,Minnesota,Timberwolves,Target Center
,21-11-16,8:30PM,108,DAL,Dallas,Mavericks,106,SAS,San Antonio,Spurs,AT&T Center
,21-11-16,10:30PM,81,TOR,Toronto,Raptors,102,LAC,Los Angeles,Clippers,Staples Center
,22-11-16,7:30PM,97,POR,Portland,Trail Blazers,83,NYK,New York,Knicks,Madison Square Garden
,22-11-16,7:30PM,110,NOP,New Orleans,Pelicans,91,ATL,Atlanta,Hawks,Philips Arena
,22-11-16,9:00PM,89,CHI,Chicago,Bulls,99,DEN,Denver,Nuggets,Pepsi Center
,22-11-16,10:30PM,96,OKL,Oklahoma City,Thunder,105,LAL,Los Angeles,Lakers,Staples Center
,23-11-16,7:00PM,107,MEM,Memphis,Grizzlies,85,PHI,Philadelphia,76ers,Wells Fargo Center
,23-11-16,7:00PM,106,SAS,San Antonio,Spurs,93,CHA,Charlotte,Hornets,Time Warner Cable Arena
,23-11-16,7:00PM,104,PHX,Phoenix,Suns,95,ORL,Orlando,Magic,Amway Center
,23-11-16,7:00PM,97,POR,Portland,Trail Blazers,86,CLE,Cleveland,Cavaliers,Quicken Loans Arena
,23-11-16,7:00PM,91,ATL,Atlanta,Hawks,87,IND,Indiana,Pacers,Bankers Life Fieldhouse
,23-11-16,7:30PM,82,BOS,Boston,Celtics,84,BRO,Brooklyn,Nets,Barclays Center
,23-11-16,7:30PM,92,MIA,Miami,Heat,88,DET,Detroit,Pistons,Palace of Auburn Hills
,23-11-16,8:00PM,81,TOR,Toronto,Raptors,109,HOU,Houston,Rockets,Toyota Center
,23-11-16,8:30PM,102,LAC,Los Angeles,Clippers,108,DAL,Dallas,Mavericks,American Airlines Center
,23-11-16,9:00PM,99,DEN,Denver,Nuggets,98,UTA,Utah,Jazz,Vivint Smart Home Arena
,23-11-16,9:30PM,100,MIN,Minnesota,Timberwolves,110,NOP,New Orleans,Pelicans,Smoothie King Center
,23-11-16,10:30PM,105,LAL,Los Angeles,Lakers,101,GSW,Golden State,Warriors,Oracle Arena
,23-11-16,10:30PM,96,OKL,Oklahoma City,Thunder,103,SAC,Sacramento,Kings,Sleep Train Arena
,25-11-16,1:00PM,106,SAS,San Antonio,Spurs,82,BOS,Boston,Celtics,TD Garden
,25-11-16,7:00PM,94,WAS,Washington,Wizards,95,ORL,Orlando,Magic,Amway Center
,25-11-16,7:30PM,108,DAL,Dallas,Mavericks,86,CLE,Cleveland,Cavaliers,Quicken Loans Arena
,25-11-16,7:30PM,93,CHA,Charlotte,Hornets,83,NYK,New York,Knicks,Madison Square Garden
,25-11-16,7:30PM,89,CHI,Chicago,Bulls,85,PHI,Philadelphia,76ers,Wells Fargo Center
,25-11-16,7:30PM,102,LAC,Los Angeles,Clippers,88,DET,Detroit,Pistons,Palace of Auburn Hills
,25-11-16,8:00PM,91,ATL,Atlanta,Hawks,98,UTA,Utah,Jazz,Vivint Smart Home Arena
,25-11-16,8:00PM,81,TOR,Toronto,Raptors,90,MIL,Milwaukee,Bucks,BMO Harris Bradley Center
,25-11-16,8:00PM,92,MIA,Miami,Heat,107,MEM,Memphis,Grizzlies,FedEx Forum
,25-11-16,8:00PM,84,BRO,Brooklyn,Nets,87,IND,Indiana,Pacers,Bankers Life Fieldhouse
,25-11-16,9:00PM,96,OKL,Oklahoma City,Thunder,99,DEN,Denver,Nuggets,Pepsi Center
,25-11-16,9:00PM,100,MIN,Minnesota,Timberwolves,104,PHX,Phoenix,Suns,Talking Stick Resort Arena
,25-11-16,10:00PM,110,NOP,New Orleans,Pelicans,97,POR,Portland,Trail Blazers,Moda Center
,25-11-16,10:30PM,101,GSW,Golden State,Warriors,105,LAL,Los Angeles,Lakers,Staples Center
,25-11-16,10:30PM,109,HOU,Houston,Rockets,103,SAC,Sacramento,Kings,Sleep Train Arena
,26-11-16,7:00PM,106,SAS,San Antonio,Spurs,94,WAS,Washington,Wizards,Verizon Center
,26-11-16,7:00PM,83,NYK,New York,Knicks,93,CHA,Charlotte,Hornets,Time Warner Cable Arena
,26-11-16,8:00PM,88,DET,Detroit,Pistons,96,OKL,Oklahoma City,Thunder,Chesapeake Energy Arena
,26-11-16,8:00PM,107,MEM,Memphis,Grizzlies,92,MIA,Miami,Heat,American Airlines Arena
,26-11-16,10:30PM,100,MIN,Minnesota,Timberwolves,101,GSW,Golden State,Warriors,Oracle Arena
,27-11-16,1:00PM,86,CLE,Cleveland,Cavaliers,85,PHI,Philadelphia,76ers,Wells Fargo Center
,27-11-16,3:30PM,99,DEN,Denver,Nuggets,104,PHX,Phoenix,Suns,Talking Stick Resort Arena
,27-11-16,6:00PM,103,SAC,Sacramento,Kings,84,BRO,Brooklyn,Nets,Barclays Center
,27-11-16,6:00PM,90,MIL,Milwaukee,Bucks,95,ORL,Orlando,Magic,Amway Center
,27-11-16,6:00PM,102,LAC,Los Angeles,Clippers,87,IND,Indiana,Pacers,Bankers Life Fieldhouse
,27-11-16,7:00PM,110,NOP,New Orleans,Pelicans,108,DAL,Dallas,Mavericks,American Airlines Center
,27-11-16,9:00PM,109,HOU,Houston,Rockets,97,POR,Portland,Trail Blazers,Moda Center
,27-11-16,9:30PM,91,ATL,Atlanta,Hawks,105,LAL,Los Angeles,Lakers,Staples Center
,28-11-16,7:00PM,103,SAC,Sacramento,Kings,94,WAS,Washington,Wizards,Verizon Center
,28-11-16,7:30PM,85,PHI,Philadelphia,76ers,81,TOR,Toronto,Raptors,Air Canada Centre
,28-11-16,7:30PM,96,OKL,Oklahoma City,Thunder,83,NYK,New York,Knicks,Madison Square Garden
,28-11-16,7:30PM,82,BOS,Boston,Celtics,92,MIA,Miami,Heat,American Airlines Arena
,28-11-16,8:00PM,93,CHA,Charlotte,Hornets,107,MEM,Memphis,Grizzlies,FedEx Forum
,28-11-16,8:00PM,98,UTA,Utah,Jazz,100,MIN,Minnesota,Timberwolves,Target Center
,28-11-16,10:30PM,91,ATL,Atlanta,Hawks,101,GSW,Golden State,Warriors,Oracle Arena
,29-11-16,7:00PM,88,DET,Detroit,Pistons,93,CHA,Charlotte,Hornets,Time Warner Cable Arena
,29-11-16,7:30PM,102,LAC,Los Angeles,Clippers,84,BRO,Brooklyn,Nets,Barclays Center
,29-11-16,8:00PM,86,CLE,Cleveland,Cavaliers,90,MIL,Milwaukee,Bucks,BMO Harris Bradley Center
,29-11-16,8:00PM,105,LAL,Los Angeles,Lakers,110,NOP,New Orleans,Pelicans,Smoothie King Center
,29-11-16,8:30PM,95,ORL,Orlando,Magic,106,SAS,San Antonio,Spurs,AT&T Center
,29-11-16,9:00PM,109,HOU,Houston,Rockets,98,UTA,Utah,Jazz,Vivint Smart Home Arena
,30-11-16,7:30PM,88,DET,Detroit,Pistons,82,BOS,Boston,Celtics,TD Garden
,30-11-16,7:30PM,107,MEM,Memphis,Grizzlies,81,TOR,Toronto,Raptors,Air Canada Centre
,30-11-16,8:00PM,105,LAL,Los Angeles,Lakers,89,CHI,Chicago,Bulls,United Center
,30-11-16,8:00PM,94,WAS,Washington,Wizards,96,OKL,Oklahoma City,Thunder,Chesapeake Energy Arena
,30-11-16,8:00PM,83,NYK,New York,Knicks,100,MIN,Minnesota,Timberwolves,Target Center
,30-11-16,8:30PM,106,SAS,San Antonio,Spurs,108,DAL,Dallas,Mavericks,American Airlines Center
,30-11-16,9:00PM,92,MIA,Miami,Heat,99,DEN,Denver,Nuggets,Pepsi Center
,30-11-16,9:00PM,91,ATL,Atlanta,Hawks,104,PHX,Phoenix,Suns,Talking Stick Resort Arena
,30-11-16,10:00PM,87,IND,Indiana,Pacers,97,POR,Portland,Trail Blazers,Moda Center
,01-12-16,7:00PM,108,DAL,Dallas,Mavericks,93,CHA,Charlotte,Hornets,Time Warner Cable Arena
,01-12-16,7:30PM,90,MIL,Milwaukee,Bucks,84,BRO,Brooklyn,Nets,Barclays Center
,01-12-16,8:00PM,95,ORL,Orlando,Magic,107,MEM,Memphis,Grizzlies,FedEx Forum
,01-12-16,8:00PM,102,LAC,Los Angeles,Clippers,86,CLE,Cleveland,Cavaliers,Quicken Loans Arena
,01-12-16,9:00PM,92,MIA,Miami,Heat,98,UTA,Utah,Jazz,Vivint Smart Home Arena
,01-12-16,10:30PM,109,HOU,Houston,Rockets,101,GSW,Golden State,Warriors,Oracle Arena
,02-12-16,7:00PM,95,ORL,Orlando,Magic,85,PHI,Philadelphia,76ers,Wells Fargo Center
,02-12-16,7:30PM,103,SAC,Sacramento,Kings,82,BOS,Boston,Celtics,TD Garden
,02-12-16,7:30PM,105,LAL,Los Angeles,Lakers,81,TOR,Toronto,Raptors,Air Canada Centre
,02-12-16,7:30PM,100,MIN,Minnesota,Timberwolves,83,NYK,New York,Knicks,Madison Square Garden
,02-12-16,8:00PM,86,CLE,Cleveland,Cavaliers,89,CHI,Chicago,Bulls,United Center
,02-12-16,8:00PM,102,LAC,Los Angeles,Clippers,110,NOP,New Orleans,Pelicans,Smoothie King Center
,02-12-16,8:00PM,88,DET,Detroit,Pistons,91,ATL,Atlanta,Hawks,Philips Arena
,02-12-16,8:30PM,94,WAS,Washington,Wizards,106,SAS,San Antonio,Spurs,AT&T Center
,02-12-16,10:30PM,109,HOU,Houston,Rockets,99,DEN,Denver,Nuggets,Pepsi Center
,03-12-16,5:00PM,84,BRO,Brooklyn,Nets,90,MIL,Milwaukee,Bucks,BMO Harris Bradley Center
,03-12-16,7:00PM,100,MIN,Minnesota,Timberwolves,93,CHA,Charlotte,Hornets,Time Warner Cable Arena
,03-12-16,7:30PM,91,ATL,Atlanta,Hawks,81,TOR,Toronto,Raptors,Air Canada Centre
,03-12-16,7:30PM,82,BOS,Boston,Celtics,85,PHI,Philadelphia,76ers,Wells Fargo Center
,03-12-16,8:00PM,105,LAL,Los Angeles,Lakers,107,MEM,Memphis,Grizzlies,FedEx Forum
,03-12-16,8:30PM,89,CHI,Chicago,Bulls,108,DAL,Dallas,Mavericks,American Airlines Center
,03-12-16,9:00PM,99,DEN,Denver,Nuggets,98,UTA,Utah,Jazz,Vivint Smart Home Arena
,03-12-16,10:00PM,92,MIA,Miami,Heat,97,POR,Portland,Trail Blazers,Moda Center
,03-12-16,10:30PM,104,PHX,Phoenix,Suns,101,GSW,Golden State,Warriors,Oracle Arena
,04-12-16,6:00PM,95,ORL,Orlando,Magic,88,DET,Detroit,Pistons,Palace of Auburn Hills
,04-12-16,7:00PM,110,NOP,New Orleans,Pelicans,96,OKL,Oklahoma City,Thunder,Chesapeake Energy Arena
,04-12-16,7:30PM,103,SAC,Sacramento,Kings,83,NYK,New York,Knicks,Madison Square Garden
,04-12-16,9:30PM,87,IND,Indiana,Pacers,102,LAC,Los Angeles,Clippers,Staples Center
,05-12-16,7:00PM,99,DEN,Denver,Nuggets,85,PHI,Philadelphia,76ers,Wells Fargo Center
,05-12-16,7:30PM,86,CLE,Cleveland,Cavaliers,81,TOR,Toronto,Raptors,Air Canada Centre
,05-12-16,7:30PM,94,WAS,Washington,Wizards,84,BRO,Brooklyn,Nets,Barclays Center
,05-12-16,7:30PM,96,OKL,Oklahoma City,Thunder,91,ATL,Atlanta,Hawks,Philips Arena
,05-12-16,8:00PM,97,POR,Portland,Trail Blazers,89,CHI,Chicago,Bulls,United Center
,05-12-16,8:00PM,106,SAS,San Antonio,Spurs,90,MIL,Milwaukee,Bucks,BMO Harris Bradley Center
,05-12-16,8:00PM,107,MEM,Memphis,Grizzlies,110,NOP,New Orleans,Pelicans,Smoothie King Center
,05-12-16,8:00PM,82,BOS,Boston,Celtics,109,HOU,Houston,Rockets,Toyota Center
,05-12-16,8:30PM,93,CHA,Charlotte,Hornets,108,DAL,Dallas,Mavericks,American Airlines Center
,05-12-16,10:30PM,98,UTA,Utah,Jazz,105,LAL,Los Angeles,Lakers,Staples Center
,05-12-16,10:30PM,87,IND,Indiana,Pacers,101,GSW,Golden State,Warriors,Oracle Arena
,06-12-16,7:00PM,95,ORL,Orlando,Magic,94,WAS,Washington,Wizards,Verizon Center
,06-12-16,7:30PM,83,NYK,New York,Knicks,92,MIA,Miami,Heat,American Airlines Arena
,06-12-16,7:30PM,89,CHI,Chicago,Bulls,88,DET,Detroit,Pistons,Palace of Auburn Hills
,06-12-16,8:00PM,85,PHI,Philadelphia,76ers,107,MEM,Memphis,Grizzlies,FedEx Forum
,06-12-16,8:00PM,106,SAS,San Antonio,Spurs,100,MIN,Minnesota,Timberwolves,Target Center
,06-12-16,9:00PM,104,PHX,Phoenix,Suns,98,UTA,Utah,Jazz,Vivint Smart Home Arena
,07-12-16,7:00PM,88,DET,Detroit,Pistons,93,CHA,Charlotte,Hornets,Time Warner Cable Arena
,07-12-16,7:00PM,82,BOS,Boston,Celtics,95,ORL,Orlando,Magic,Amway Center
,07-12-16,7:30PM,99,DEN,Denver,Nuggets,84,BRO,Brooklyn,Nets,Barclays Center
,07-12-16,7:30PM,92,MIA,Miami,Heat,91,ATL,Atlanta,Hawks,Philips Arena
,07-12-16,8:00PM,97,POR,Portland,Trail Blazers,90,MIL,Milwaukee,Bucks,BMO Harris Bradley Center
,07-12-16,8:00PM,105,LAL,Los Angeles,Lakers,109,HOU,Houston,Rockets,Toyota Center
,07-12-16,8:00PM,86,CLE,Cleveland,Cavaliers,83,NYK,New York,Knicks,Madison Square Garden
,07-12-16,8:30PM,103,SAC,Sacramento,Kings,108,DAL,Dallas,Mavericks,American Airlines Center
,07-12-16,9:00PM,87,IND,Indiana,Pacers,104,PHX,Phoenix,Suns,Talking Stick Resort Arena
,07-12-16,10:30PM,101,GSW,Golden State,Warriors,102,LAC,Los Angeles,Clippers,Staples Center
,08-12-16,7:00PM,100,MIN,Minnesota,Timberwolves,81,TOR,Toronto,Raptors,Air Canada Centre
,08-12-16,7:00PM,99,DEN,Denver,Nuggets,94,WAS,Washington,Wizards,Verizon Center
,08-12-16,8:00PM,97,POR,Portland,Trail Blazers,107,MEM,Memphis,Grizzlies,FedEx Forum
,08-12-16,8:00PM,85,PHI,Philadelphia,76ers,110,NOP,New Orleans,Pelicans,Smoothie King Center
,08-12-16,9:00PM,101,GSW,Golden State,Warriors,98,UTA,Utah,Jazz,Vivint Smart Home Arena
,08-12-16,9:30PM,106,SAS,San Antonio,Spurs,89,CHI,Chicago,Bulls,United Center
,09-12-16,7:00PM,95,ORL,Orlando,Magic,93,CHA,Charlotte,Hornets,Time Warner Cable Arena
,09-12-16,7:30PM,92,MIA,Miami,Heat,86,CLE,Cleveland,Cavaliers,Quicken Loans Arena
,09-12-16,7:30PM,81,TOR,Toronto,Raptors,82,BOS,Boston,Celtics,TD Garden
,09-12-16,8:00PM,91,ATL,Atlanta,Hawks,90,MIL,Milwaukee,Bucks,BMO Harris Bradley Center
,09-12-16,8:00PM,109,HOU,Houston,Rockets,96,OKL,Oklahoma City,Thunder,Chesapeake Energy Arena
,09-12-16,8:00PM,88,DET,Detroit,Pistons,100,MIN,Minnesota,Timberwolves,Target Center
,09-12-16,8:30PM,87,IND,Indiana,Pacers,108,DAL,Dallas,Mavericks,American Airlines Center
,09-12-16,10:30PM,104,PHX,Phoenix,Suns,105,LAL,Los Angeles,Lakers,Staples Center
,09-12-16,10:30PM,83,NYK,New York,Knicks,103,SAC,Sacramento,Kings,Sleep Train Arena
,10-12-16,7:00PM,90,MIL,Milwaukee,Bucks,94,WAS,Washington,Wizards,Verizon Center
,10-12-16,7:00PM,99,DEN,Denver,Nuggets,95,ORL,Orlando,Magic,Amway Center
,10-12-16,7:00PM,97,POR,Portland,Trail Blazers,87,IND,Indiana,Pacers,Bankers Life Fieldhouse
,10-12-16,7:30PM,93,CHA,Charlotte,Hornets,86,CLE,Cleveland,Cavaliers,Quicken Loans Arena
,10-12-16,8:00PM,92,MIA,Miami,Heat,89,CHI,Chicago,Bulls,United Center
,10-12-16,8:00PM,101,GSW,Golden State,Warriors,107,MEM,Memphis,Grizzlies,FedEx Forum
,10-12-16,8:00PM,108,DAL,Dallas,Mavericks,109,HOU,Houston,Rockets,Toyota Center
,10-12-16,8:30PM,84,BRO,Brooklyn,Nets,106,SAS,San Antonio,Spurs,AT&T Center
,10-12-16,9:00PM,103,SAC,Sacramento,Kings,98,UTA,Utah,Jazz,Vivint Smart Home Arena
,10-12-16,10:30PM,110,NOP,New Orleans,Pelicans,102,LAC,Los Angeles,Clippers,Staples Center
,11-12-16,6:00PM,85,PHI,Philadelphia,76ers,88,DET,Detroit,Pistons,Palace of Auburn Hills
,11-12-16,7:00PM,82,BOS,Boston,Celtics,96,OKL,Oklahoma City,Thunder,Chesapeake Energy Arena
,11-12-16,7:00PM,101,GSW,Golden State,Warriors,100,MIN,Minnesota,Timberwolves,Target Center
,11-12-16,8:30PM,110,NOP,New Orleans,Pelicans,104,PHX,Phoenix,Suns,Talking Stick Resort Arena
,11-12-16,9:30PM,83,NYK,New York,Knicks,105,LAL,Los Angeles,Lakers,Staples Center
,12-12-16,7:00PM,93,CHA,Charlotte,Hornets,87,IND,Indiana,Pacers,Bankers Life Fieldhouse
,12-12-16,7:30PM,90,MIL,Milwaukee,Bucks,81,TOR,Toronto,Raptors,Air Canada Centre
,12-12-16,7:30PM,94,WAS,Washington,Wizards,92,MIA,Miami,Heat,American Airlines Arena
,12-12-16,8:00PM,84,BRO,Brooklyn,Nets,109,HOU,Houston,Rockets,Toyota Center
,12-12-16,8:30PM,99,DEN,Denver,Nuggets,108,DAL,Dallas,Mavericks,American Airlines Center
,12-12-16,10:30PM,97,POR,Portland,Trail Blazers,102,LAC,Los Angeles,Clippers,Staples Center
,12-12-16,10:30PM,105,LAL,Los Angeles,Lakers,103,SAC,Sacramento,Kings,Sleep Train Arena
,13-12-16,7:00PM,107,MEM,Memphis,Grizzlies,86,CLE,Cleveland,Cavaliers,Quicken Loans Arena
,13-12-16,7:30PM,95,ORL,Orlando,Magic,91,ATL,Atlanta,Hawks,Philips Arena
,13-12-16,8:00PM,100,MIN,Minnesota,Timberwolves,89,CHI,Chicago,Bulls,United Center
,13-12-16,8:00PM,101,GSW,Golden State,Warriors,110,NOP,New Orleans,Pelicans,Smoothie King Center
,13-12-16,9:00PM,83,NYK,New York,Knicks,104,PHX,Phoenix,Suns,Talking Stick Resort Arena
,13-12-16,10:30PM,96,OKL,Oklahoma City,Thunder,97,POR,Portland,Trail Blazers,Moda Center
,14-12-16,7:00PM,81,TOR,Toronto,Raptors,85,PHI,Philadelphia,76ers,Wells Fargo Center
,14-12-16,7:00PM,93,CHA,Charlotte,Hornets,94,WAS,Washington,Wizards,Verizon Center
,14-12-16,7:00PM,102,LAC,Los Angeles,Clippers,95,ORL,Orlando,Magic,Amway Center
,14-12-16,7:00PM,87,IND,Indiana,Pacers,92,MIA,Miami,Heat,American Airlines Arena
,14-12-16,7:30PM,105,LAL,Los Angeles,Lakers,84,BRO,Brooklyn,Nets,Barclays Center
,14-12-16,8:00PM,86,CLE,Cleveland,Cavaliers,107,MEM,Memphis,Grizzlies,FedEx Forum
,14-12-16,8:00PM,103,SAC,Sacramento,Kings,109,HOU,Houston,Rockets,Toyota Center
,14-12-16,8:30PM,88,DET,Detroit,Pistons,108,DAL,Dallas,Mavericks,American Airlines Center
,14-12-16,9:00PM,96,OKL,Oklahoma City,Thunder,98,UTA,Utah,Jazz,Vivint Smart Home Arena
,14-12-16,9:30PM,82,BOS,Boston,Celtics,106,SAS,San Antonio,Spurs,AT&T Center
,15-12-16,8:00PM,89,CHI,Chicago,Bulls,90,MIL,Milwaukee,Bucks,BMO Harris Bradley Center
,15-12-16,8:00PM,87,IND,Indiana,Pacers,110,NOP,New Orleans,Pelicans,Smoothie King Center
,15-12-16,9:00PM,97,POR,Portland,Trail Blazers,99,DEN,Denver,Nuggets,Pepsi Center
,15-12-16,9:00PM,106,SAS,San Antonio,Spurs,104,PHX,Phoenix,Suns,Talking Stick Resort Arena
,15-12-16,10:30PM,83,NYK,New York,Knicks,101,GSW,Golden State,Warriors,Oracle Arena
,16-12-16,7:00PM,88,DET,Detroit,Pistons,94,WAS,Washington,Wizards,Verizon Center
,16-12-16,7:00PM,84,BRO,Brooklyn,Nets,95,ORL,Orlando,Magic,Amway Center
,16-12-16,7:30PM,93,CHA,Charlotte,Hornets,82,BOS,Boston,Celtics,TD Garden
,16-12-16,7:30PM,91,ATL,Atlanta,Hawks,81,TOR,Toronto,Raptors,Air Canada Centre
,16-12-16,8:00PM,90,MIL,Milwaukee,Bucks,89,CHI,Chicago,Bulls,United Center
,16-12-16,8:00PM,103,SAC,Sacramento,Kings,107,MEM,Memphis,Grizzlies,FedEx Forum
,16-12-16,8:00PM,110,NOP,New Orleans,Pelicans,109,HOU,Houston,Rockets,Toyota Center
,16-12-16,8:00PM,105,LAL,Los Angeles,Lakers,85,PHI,Philadelphia,76ers,Wells Fargo Center
,16-12-16,8:00PM,102,LAC,Los Angeles,Clippers,92,MIA,Miami,Heat,American Airlines Arena
,16-12-16,10:30PM,108,DAL,Dallas,Mavericks,98,UTA,Utah,Jazz,Vivint Smart Home Arena
,17-12-16,5:00PM,104,PHX,Phoenix,Suns,96,OKL,Oklahoma City,Thunder,Chesapeake Energy Arena
,17-12-16,7:00PM,87,IND,Indiana,Pacers,88,DET,Detroit,Pistons,Palace of Auburn Hills
,17-12-16,7:30PM,93,CHA,Charlotte,Hornets,91,ATL,Atlanta,Hawks,Philips Arena
,17-12-16,7:30PM,105,LAL,Los Angeles,Lakers,86,CLE,Cleveland,Cavaliers,Quicken Loans Arena
,17-12-16,8:00PM,109,HOU,Houston,Rockets,100,MIN,Minnesota,Timberwolves,Target Center
,17-12-16,9:00PM,83,NYK,New York,Knicks,99,DEN,Denver,Nuggets,Pepsi Center
,17-12-16,10:30PM,97,POR,Portland,Trail Blazers,101,GSW,Golden State,Warriors,Oracle Arena
,18-12-16,3:30PM,102,LAC,Los Angeles,Clippers,94,WAS,Washington,Wizards,Verizon Center
,18-12-16,4:00PM,103,SAC,Sacramento,Kings,108,DAL,Dallas,Mavericks,American Airlines Center
,18-12-16,6:00PM,98,UTA,Utah,Jazz,107,MEM,Memphis,Grizzlies,FedEx Forum
,18-12-16,6:00PM,84,BRO,Brooklyn,Nets,85,PHI,Philadelphia,76ers,Wells Fargo Center
,18-12-16,6:00PM,81,TOR,Toronto,Raptors,95,ORL,Orlando,Magic,Amway Center
,18-12-16,6:00PM,82,BOS,Boston,Celtics,92,MIA,Miami,Heat,American Airlines Arena
,18-12-16,7:00PM,110,NOP,New Orleans,Pelicans,106,SAS,San Antonio,Spurs,AT&T Center
,19-12-16,7:00PM,94,WAS,Washington,Wizards,87,IND,Indiana,Pacers,Bankers Life Fieldhouse
,19-12-16,8:00PM,88,DET,Detroit,Pistons,89,CHI,Chicago,Bulls,United Center
,19-12-16,8:00PM,91,ATL,Atlanta,Hawks,96,OKL,Oklahoma City,Thunder,Chesapeake Energy Arena
,19-12-16,8:00PM,104,PHX,Phoenix,Suns,100,MIN,Minnesota,Timberwolves,Target Center
,19-12-16,9:00PM,108,DAL,Dallas,Mavericks,99,DEN,Denver,Nuggets,Pepsi Center
,20-12-16,7:00PM,110,NOP,New Orleans,Pelicans,85,PHI,Philadelphia,76ers,Wells Fargo Center
,20-12-16,7:00PM,105,LAL,Los Angeles,Lakers,93,CHA,Charlotte,Hornets,Time Warner Cable Arena
,20-12-16,7:30PM,84,BRO,Brooklyn,Nets,81,TOR,Toronto,Raptors,Air Canada Centre
,20-12-16,7:30PM,87,IND,Indiana,Pacers,83,NYK,New York,Knicks,Madison Square Garden
,20-12-16,7:30PM,95,ORL,Orlando,Magic,92,MIA,Miami,Heat,American Airlines Arena
,20-12-16,8:00PM,86,CLE,Cleveland,Cavaliers,90,MIL,Milwaukee,Bucks,BMO Harris Bradley Center
,20-12-16,8:00PM,82,BOS,Boston,Celtics,107,MEM,Memphis,Grizzlies,FedEx Forum
,20-12-16,8:00PM,106,SAS,San Antonio,Spurs,109,HOU,Houston,Rockets,Toyota Center
,20-12-16,10:30PM,99,DEN,Denver,Nuggets,102,LAC,Los Angeles,Clippers,Staples Center
,20-12-16,10:30PM,98,UTA,Utah,Jazz,101,GSW,Golden State,Warriors,Oracle Arena
,20-12-16,10:30PM,97,POR,Portland,Trail Blazers,103,SAC,Sacramento,Kings,Sleep Train Arena
,21-12-16,7:00PM,90,MIL,Milwaukee,Bucks,86,CLE,Cleveland,Cavaliers,Quicken Loans Arena
,21-12-16,7:30PM,100,MIN,Minnesota,Timberwolves,91,ATL,Atlanta,Hawks,Philips Arena
,21-12-16,7:30PM,107,MEM,Memphis,Grizzlies,88,DET,Detroit,Pistons,Palace of Auburn Hills
,21-12-16,8:00PM,94,WAS,Washington,Wizards,89,CHI,Chicago,Bulls,United Center
,21-12-16,8:00PM,96,OKL,Oklahoma City,Thunder,110,NOP,New Orleans,Pelicans,Smoothie King Center
,21-12-16,9:00PM,103,SAC,Sacramento,Kings,98,UTA,Utah,Jazz,Vivint Smart Home Arena
,21-12-16,9:00PM,109,HOU,Houston,Rockets,104,PHX,Phoenix,Suns,Talking Stick Resort Arena
,21-12-16,10:00PM,108,DAL,Dallas,Mavericks,97,POR,Portland,Trail Blazers,Moda Center
,22-12-16,7:00PM,82,BOS,Boston,Celtics,87,IND,Indiana,Pacers,Bankers Life Fieldhouse
,22-12-16,7:30PM,101,GSW,Golden State,Warriors,84,BRO,Brooklyn,Nets,Barclays Center
,22-12-16,7:30PM,95,ORL,Orlando,Magic,83,NYK,New York,Knicks,Madison Square Garden
,22-12-16,8:00PM,105,LAL,Los Angeles,Lakers,92,MIA,Miami,Heat,American Airlines Arena
,22-12-16,10:30PM,106,SAS,San Antonio,Spurs,102,LAC,Los Angeles,Clippers,Staples Center
,23-12-16,7:00PM,89,CHI,Chicago,Bulls,93,CHA,Charlotte,Hornets,Time Warner Cable Arena
,23-12-16,7:00PM,105,LAL,Los Angeles,Lakers,95,ORL,Orlando,Magic,Amway Center
,23-12-16,7:30PM,84,BRO,Brooklyn,Nets,86,CLE,Cleveland,Cavaliers,Quicken Loans Arena
,23-12-16,7:30PM,96,OKL,Oklahoma City,Thunder,82,BOS,Boston,Celtics,TD Garden
,23-12-16,7:30PM,101,GSW,Golden State,Warriors,88,DET,Detroit,Pistons,Palace of Auburn Hills
,23-12-16,8:00PM,94,WAS,Washington,Wizards,90,MIL,Milwaukee,Bucks,BMO Harris Bradley Center
,23-12-16,8:00PM,109,HOU,Houston,Rockets,107,MEM,Memphis,Grizzlies,FedEx Forum
,23-12-16,8:00PM,92,MIA,Miami,Heat,110,NOP,New Orleans,Pelicans,Smoothie King Center
,23-12-16,8:00PM,103,SAC,Sacramento,Kings,100,MIN,Minnesota,Timberwolves,Target Center
,23-12-16,9:00PM,91,ATL,Atlanta,Hawks,99,DEN,Denver,Nuggets,Pepsi Center
,23-12-16,9:00PM,81,TOR,Toronto,Raptors,98,UTA,Utah,Jazz,Vivint Smart Home Arena
,23-12-16,9:00PM,85,PHI,Philadelphia,76ers,104,PHX,Phoenix,Suns,Talking Stick Resort Arena
,23-12-16,10:00PM,106,SAS,San Antonio,Spurs,97,POR,Portland,Trail Blazers,Moda Center
,23-12-16,10:30PM,108,DAL,Dallas,Mavericks,102,LAC,Los Angeles,Clippers,Staples Center
,25-12-16,12:00PM,82,BOS,Boston,Celtics,83,NYK,New York,Knicks,Madison Square Garden
,25-12-16,2:30PM,101,GSW,Golden State,Warriors,86,CLE,Cleveland,Cavaliers,Quicken Loans Arena
,25-12-16,5:00PM,89,CHI,Chicago,Bulls,106,SAS,San Antonio,Spurs,AT&T Center
,25-12-16,8:00PM,100,MIN,Minnesota,Timberwolves,96,OKL,Oklahoma City,Thunder,Chesapeake Energy Arena
,25-12-16,10:30PM,102,LAC,Los Angeles,Clippers,105,LAL,Los Angeles,Lakers,Staples Center
,26-12-16,7:00PM,90,MIL,Milwaukee,Bucks,94,WAS,Washington,Wizards,Verizon Center
,26-12-16,7:00PM,107,MEM,Memphis,Grizzlies,95,ORL,Orlando,Magic,Amway Center
,26-12-16,7:30PM,93,CHA,Charlotte,Hornets,84,BRO,Brooklyn,Nets,Barclays Center
,26-12-16,7:30PM,86,CLE,Cleveland,Cavaliers,88,DET,Detroit,Pistons,Palace of Auburn Hills
,26-12-16,8:00PM,87,IND,Indiana,Pacers,89,CHI,Chicago,Bulls,United Center
,26-12-16,8:00PM,108,DAL,Dallas,Mavericks,110,NOP,New Orleans,Pelicans,Smoothie King Center
,26-12-16,8:00PM,104,PHX,Phoenix,Suns,109,HOU,Houston,Rockets,Toyota Center
,26-12-16,8:00PM,91,ATL,Atlanta,Hawks,100,MIN,Minnesota,Timberwolves,Target Center
,26-12-16,10:00PM,81,TOR,Toronto,Raptors,97,POR,Portland,Trail Blazers,Moda Center
,26-12-16,10:30PM,99,DEN,Denver,Nuggets,102,LAC,Los Angeles,Clippers,Staples Center
,26-12-16,10:30PM,85,PHI,Philadelphia,76ers,103,SAC,Sacramento,Kings,Sleep Train Arena
,27-12-16,7:30PM,107,MEM,Memphis,Grizzlies,82,BOS,Boston,Celtics,TD Garden
,27-12-16,7:30PM,96,OKL,Oklahoma City,Thunder,92,MIA,Miami,Heat,American Airlines Arena
,27-12-16,8:30PM,109,HOU,Houston,Rockets,108,DAL,Dallas,Mavericks,American Airlines Center
,27-12-16,10:30PM,98,UTA,Utah,Jazz,105,LAL,Los Angeles,Lakers,Staples Center
,28-12-16,7:00PM,87,IND,Indiana,Pacers,94,WAS,Washington,Wizards,Verizon Center
,28-12-16,7:00PM,93,CHA,Charlotte,Hornets,95,ORL,Orlando,Magic,Amway Center
,28-12-16,7:30PM,83,NYK,New York,Knicks,91,ATL,Atlanta,Hawks,Philips Arena
,28-12-16,7:30PM,90,MIL,Milwaukee,Bucks,88,DET,Detroit,Pistons,Palace of Auburn Hills
,28-12-16,8:00PM,84,BRO,Brooklyn,Nets,89,CHI,Chicago,Bulls,United Center
,28-12-16,8:30PM,104,PHX,Phoenix,Suns,106,SAS,San Antonio,Spurs,AT&T Center
,28-12-16,9:00PM,100,MIN,Minnesota,Timberwolves,99,DEN,Denver,Nuggets,Pepsi Center
,28-12-16,9:00PM,102,LAC,Los Angeles,Clippers,110,NOP,New Orleans,Pelicans,Smoothie King Center
,28-12-16,10:00PM,103,SAC,Sacramento,Kings,97,POR,Portland,Trail Blazers,Moda Center
,28-12-16,10:30PM,81,TOR,Toronto,Raptors,101,GSW,Golden State,Warriors,Oracle Arena
,29-12-16,7:00PM,92,MIA,Miami,Heat,93,CHA,Charlotte,Hornets,Time Warner Cable Arena
,29-12-16,8:00PM,96,OKL,Oklahoma City,Thunder,107,MEM,Memphis,Grizzlies,FedEx Forum
,29-12-16,8:00PM,82,BOS,Boston,Celtics,86,CLE,Cleveland,Cavaliers,Quicken Loans Arena
,29-12-16,9:00PM,85,PHI,Philadelphia,76ers,98,UTA,Utah,Jazz,Vivint Smart Home Arena
,29-12-16,9:00PM,81,TOR,Toronto,Raptors,104,PHX,Phoenix,Suns,Talking Stick Resort Arena
,29-12-16,10:30PM,108,DAL,Dallas,Mavericks,105,LAL,Los Angeles,Lakers,Staples Center
,30-12-16,4:00PM,89,CHI,Chicago,Bulls,87,IND,Indiana,Pacers,Bankers Life Fieldhouse
,30-12-16,7:00PM,84,BRO,Brooklyn,Nets,94,WAS,Washington,Wizards,Verizon Center
,30-12-16,7:30PM,92,MIA,Miami,Heat,82,BOS,Boston,Celtics,TD Garden
,30-12-16,8:00PM,83,NYK,New York,Knicks,110,NOP,New Orleans,Pelicans,Smoothie King Center
,30-12-16,8:00PM,102,LAC,Los Angeles,Clippers,109,HOU,Houston,Rockets,Toyota Center
,30-12-16,8:00PM,90,MIL,Milwaukee,Bucks,100,MIN,Minnesota,Timberwolves,Target Center
,30-12-16,8:00PM,88,DET,Detroit,Pistons,91,ATL,Atlanta,Hawks,Philips Arena
,30-12-16,8:30PM,97,POR,Portland,Trail Blazers,106,SAS,San Antonio,Spurs,AT&T Center
,30-12-16,9:00PM,85,PHI,Philadelphia,76ers,99,DEN,Denver,Nuggets,Pepsi Center
,30-12-16,10:30PM,108,DAL,Dallas,Mavericks,101,GSW,Golden State,Warriors,Oracle Arena
,31-12-16,5:00PM,107,MEM,Memphis,Grizzlies,103,SAC,Sacramento,Kings,Sleep Train Arena
,31-12-16,7:00PM,90,MIL,Milwaukee,Bucks,89,CHI,Chicago,Bulls,United Center
,31-12-16,7:00PM,86,CLE,Cleveland,Cavaliers,93,CHA,Charlotte,Hornets,Time Warner Cable Arena
,31-12-16,8:00PM,83,NYK,New York,Knicks,109,HOU,Houston,Rockets,Toyota Center
,31-12-16,8:00PM,104,PHX,Phoenix,Suns,98,UTA,Utah,Jazz,Vivint Smart Home Arena
,31-12-16,8:00PM,102,LAC,Los Angeles,Clippers,96,OKL,Oklahoma City,Thunder,Chesapeake Energy Arena
,01-01-17,6:00PM,106,SAS,San Antonio,Spurs,91,ATL,Atlanta,Hawks,Philips Arena
,01-01-17,6:00PM,88,DET,Detroit,Pistons,92,MIA,Miami,Heat,American Airlines Arena
,01-01-17,6:00PM,95,ORL,Orlando,Magic,87,IND,Indiana,Pacers,Bankers Life Fieldhouse
,01-01-17,7:00PM,97,POR,Portland,Trail Blazers,100,MIN,Minnesota,Timberwolves,Target Center
,01-01-17,9:30PM,81,TOR,Toronto,Raptors,105,LAL,Los Angeles,Lakers,Staples Center
,02-01-17,7:00PM,96,OKL,Oklahoma City,Thunder,90,MIL,Milwaukee,Bucks,BMO Harris Bradley Center
,02-01-17,7:00PM,110,NOP,New Orleans,Pelicans,86,CLE,Cleveland,Cavaliers,Quicken Loans Arena
,02-01-17,7:30PM,98,UTA,Utah,Jazz,84,BRO,Brooklyn,Nets,Barclays Center
,02-01-17,7:30PM,95,ORL,Orlando,Magic,83,NYK,New York,Knicks,Madison Square Garden
,02-01-17,8:00PM,93,CHA,Charlotte,Hornets,89,CHI,Chicago,Bulls,United Center
,02-01-17,8:00PM,94,WAS,Washington,Wizards,109,HOU,Houston,Rockets,Toyota Center
,02-01-17,10:30PM,104,PHX,Phoenix,Suns,102,LAC,Los Angeles,Clippers,Staples Center
,02-01-17,10:30PM,99,DEN,Denver,Nuggets,101,GSW,Golden State,Warriors,Oracle Arena
,03-01-17,7:00PM,100,MIN,Minnesota,Timberwolves,85,PHI,Philadelphia,76ers,Wells Fargo Center
,03-01-17,7:30PM,98,UTA,Utah,Jazz,82,BOS,Boston,Celtics,TD Garden
,03-01-17,7:30PM,87,IND,Indiana,Pacers,88,DET,Detroit,Pistons,Palace of Auburn Hills
,03-01-17,8:30PM,94,WAS,Washington,Wizards,108,DAL,Dallas,Mavericks,American Airlines Center
,03-01-17,8:30PM,81,TOR,Toronto,Raptors,106,SAS,San Antonio,Spurs,AT&T Center
,03-01-17,9:00PM,103,SAC,Sacramento,Kings,99,DEN,Denver,Nuggets,Pepsi Center
,03-01-17,9:00PM,92,MIA,Miami,Heat,104,PHX,Phoenix,Suns,Talking Stick Resort Arena
,03-01-17,10:30PM,107,MEM,Memphis,Grizzlies,105,LAL,Los Angeles,Lakers,Staples Center
,04-01-17,7:00PM,96,OKL,Oklahoma City,Thunder,93,CHA,Charlotte,Hornets,Time Warner Cable Arena
,04-01-17,7:00PM,91,ATL,Atlanta,Hawks,95,ORL,Orlando,Magic,Amway Center
,04-01-17,7:30PM,90,MIL,Milwaukee,Bucks,83,NYK,New York,Knicks,Madison Square Garden
,04-01-17,8:00PM,89,CHI,Chicago,Bulls,86,CLE,Cleveland,Cavaliers,Quicken Loans Arena
,04-01-17,10:30PM,107,MEM,Memphis,Grizzlies,102,LAC,Los Angeles,Clippers,Staples Center
,04-01-17,10:30PM,97,POR,Portland,Trail Blazers,101,GSW,Golden State,Warriors,Oracle Arena
,04-01-17,10:30PM,92,MIA,Miami,Heat,103,SAC,Sacramento,Kings,Sleep Train Arena
,05-01-17,7:00PM,84,BRO,Brooklyn,Nets,87,IND,Indiana,Pacers,Bankers Life Fieldhouse
,05-01-17,7:30PM,98,UTA,Utah,Jazz,81,TOR,Toronto,Raptors,Air Canada Centre
,05-01-17,7:30PM,93,CHA,Charlotte,Hornets,88,DET,Detroit,Pistons,Palace of Auburn Hills
,05-01-17,8:00PM,91,ATL,Atlanta,Hawks,110,NOP,New Orleans,Pelicans,Smoothie King Center
,05-01-17,8:00PM,96,OKL,Oklahoma City,Thunder,109,HOU,Houston,Rockets,Toyota Center
,05-01-17,8:30PM,104,PHX,Phoenix,Suns,108,DAL,Dallas,Mavericks,American Airlines Center
,05-01-17,9:00PM,106,SAS,San Antonio,Spurs,99,DEN,Denver,Nuggets,Pepsi Center
,05-01-17,10:30PM,105,LAL,Los Angeles,Lakers,97,POR,Portland,Trail Blazers,Moda Center
,06-01-17,7:00PM,100,MIN,Minnesota,Timberwolves,94,WAS,Washington,Wizards,Verizon Center
,06-01-17,7:00PM,109,HOU,Houston,Rockets,95,ORL,Orlando,Magic,Amway Center
,06-01-17,7:30PM,85,PHI,Philadelphia,76ers,82,BOS,Boston,Celtics,TD Garden
,06-01-17,7:30PM,86,CLE,Cleveland,Cavaliers,84,BRO,Brooklyn,Nets,Barclays Center
,06-01-17,8:00PM,83,NYK,New York,Knicks,90,MIL,Milwaukee,Bucks,BMO Harris Bradley Center
,06-01-17,10:30PM,92,MIA,Miami,Heat,105,LAL,Los Angeles,Lakers,Staples Center
,06-01-17,10:30PM,107,MEM,Memphis,Grizzlies,101,GSW,Golden State,Warriors,Oracle Arena
,06-01-17,10:30PM,102,LAC,Los Angeles,Clippers,103,SAC,Sacramento,Kings,Sleep Train Arena
,07-01-17,7:00PM,83,NYK,New York,Knicks,87,IND,Indiana,Pacers,Bankers Life Fieldhouse
,07-01-17,7:30PM,110,NOP,New Orleans,Pelicans,82,BOS,Boston,Celtics,TD Garden
,07-01-17,8:00PM,81,TOR,Toronto,Raptors,89,CHI,Chicago,Bulls,United Center
,07-01-17,8:00PM,99,DEN,Denver,Nuggets,96,OKL,Oklahoma City,Thunder,Chesapeake Energy Arena
,07-01-17,8:00PM,98,UTA,Utah,Jazz,100,MIN,Minnesota,Timberwolves,Target Center
,07-01-17,8:30PM,91,ATL,Atlanta,Hawks,108,DAL,Dallas,Mavericks,American Airlines Center
,07-01-17,8:30PM,93,CHA,Charlotte,Hornets,106,SAS,San Antonio,Spurs,AT&T Center
,08-01-17,12:00PM,85,PHI,Philadelphia,76ers,84,BRO,Brooklyn,Nets,Barclays Center
,08-01-17,1:00PM,94,WAS,Washington,Wizards,90,MIL,Milwaukee,Bucks,BMO Harris Bradley Center
,08-01-17,3:30PM,92,MIA,Miami,Heat,102,LAC,Los Angeles,Clippers,Staples Center
,08-01-17,6:00PM,109,HOU,Houston,Rockets,81,TOR,Toronto,Raptors,Air Canada Centre
,08-01-17,8:00PM,98,UTA,Utah,Jazz,107,MEM,Memphis,Grizzlies,FedEx Forum
,08-01-17,8:30PM,86,CLE,Cleveland,Cavaliers,104,PHX,Phoenix,Suns,Talking Stick Resort Arena
,08-01-17,9:00PM,88,DET,Detroit,Pistons,97,POR,Portland,Trail Blazers,Moda Center
,08-01-17,9:00PM,101,GSW,Golden State,Warriors,103,SAC,Sacramento,Kings,Sleep Train Arena
,08-01-17,9:30PM,95,ORL,Orlando,Magic,105,LAL,Los Angeles,Lakers,Staples Center
,09-01-17,7:30PM,110,NOP,New Orleans,Pelicans,83,NYK,New York,Knicks,Madison Square Garden
,09-01-17,8:00PM,96,OKL,Oklahoma City,Thunder,89,CHI,Chicago,Bulls,United Center
,09-01-17,8:00PM,108,DAL,Dallas,Mavericks,100,MIN,Minnesota,Timberwolves,Target Center
,10-01-17,7:00PM,89,CHI,Chicago,Bulls,94,WAS,Washington,Wizards,Verizon Center
,10-01-17,7:30PM,82,BOS,Boston,Celtics,81,TOR,Toronto,Raptors,Air Canada Centre
,10-01-17,7:30PM,91,ATL,Atlanta,Hawks,84,BRO,Brooklyn,Nets,Barclays Center
,10-01-17,8:00PM,93,CHA,Charlotte,Hornets,109,HOU,Houston,Rockets,Toyota Center
,10-01-17,8:30PM,90,MIL,Milwaukee,Bucks,106,SAS,San Antonio,Spurs,AT&T Center
,10-01-17,9:00PM,86,CLE,Cleveland,Cavaliers,98,UTA,Utah,Jazz,Vivint Smart Home Arena
,10-01-17,10:30PM,97,POR,Portland,Trail Blazers,105,LAL,Los Angeles,Lakers,Staples Center
,10-01-17,10:30PM,92,MIA,Miami,Heat,101,GSW,Golden State,Warriors,Oracle Arena
,10-01-17,10:30PM,88,DET,Detroit,Pistons,103,SAC,Sacramento,Kings,Sleep Train Arena
,11-01-17,7:00PM,83,NYK,New York,Knicks,85,PHI,Philadelphia,76ers,Wells Fargo Center
,11-01-17,8:00PM,107,MEM,Memphis,Grizzlies,96,OKL,Oklahoma City,Thunder,Chesapeake Energy Arena
,11-01-17,8:00PM,109,HOU,Houston,Rockets,100,MIN,Minnesota,Timberwolves,Target Center
,11-01-17,8:00PM,94,WAS,Washington,Wizards,82,BOS,Boston,Celtics,TD Garden
,11-01-17,10:30PM,95,ORL,Orlando,Magic,102,LAC,Los Angeles,Clippers,Staples Center
,11-01-17,10:30PM,86,CLE,Cleveland,Cavaliers,97,POR,Portland,Trail Blazers,Moda Center
,12-01-17,3:00PM,87,IND,Indiana,Pacers,99,DEN,Denver,Nuggets,Pepsi Center
,12-01-17,7:30PM,110,NOP,New Orleans,Pelicans,84,BRO,Brooklyn,Nets,Barclays Center
,12-01-17,8:00PM,89,CHI,Chicago,Bulls,83,NYK,New York,Knicks,Madison Square Garden
,12-01-17,8:30PM,105,LAL,Los Angeles,Lakers,106,SAS,San Antonio,Spurs,AT&T Center
,12-01-17,10:00PM,108,DAL,Dallas,Mavericks,104,PHX,Phoenix,Suns,Talking Stick Resort Arena
,12-01-17,10:30PM,88,DET,Detroit,Pistons,101,GSW,Golden State,Warriors,Oracle Arena
,13-01-17,7:00PM,93,CHA,Charlotte,Hornets,85,PHI,Philadelphia,76ers,Wells Fargo Center
,13-01-17,7:30PM,84,BRO,Brooklyn,Nets,81,TOR,Toronto,Raptors,Air Canada Centre
,13-01-17,8:00PM,92,MIA,Miami,Heat,90,MIL,Milwaukee,Bucks,BMO Harris Bradley Center
,13-01-17,8:00PM,107,MEM,Memphis,Grizzlies,109,HOU,Houston,Rockets,Toyota Center
,13-01-17,8:00PM,96,OKL,Oklahoma City,Thunder,100,MIN,Minnesota,Timberwolves,Target Center
,13-01-17,8:00PM,82,BOS,Boston,Celtics,91,ATL,Atlanta,Hawks,Philips Arena
,13-01-17,10:00PM,95,ORL,Orlando,Magic,97,POR,Portland,Trail Blazers,Moda Center
,13-01-17,10:30PM,86,CLE,Cleveland,Cavaliers,103,SAC,Sacramento,Kings,Sleep Train Arena
,13-01-17,10:30PM,88,DET,Detroit,Pistons,98,UTA,Utah,Jazz,Vivint Smart Home Arena
,14-01-17,3:30PM,105,LAL,Los Angeles,Lakers,102,LAC,Los Angeles,Clippers,Staples Center
,14-01-17,5:00PM,110,NOP,New Orleans,Pelicans,89,CHI,Chicago,Bulls,United Center
,14-01-17,6:00PM,106,SAS,San Antonio,Spurs,104,PHX,Phoenix,Suns,Talking Stick Resort Arena
,14-01-17,8:00PM,85,PHI,Philadelphia,76ers,94,WAS,Washington,Wizards,Verizon Center
,14-01-17,9:00PM,95,ORL,Orlando,Magic,98,UTA,Utah,Jazz,Vivint Smart Home Arena
,15-01-17,2:00PM,100,MIN,Minnesota,Timberwolves,108,DAL,Dallas,Mavericks,American Airlines Center
,15-01-17,3:00PM,83,NYK,New York,Knicks,81,TOR,Toronto,Raptors,Air Canada Centre
,15-01-17,3:00PM,90,MIL,Milwaukee,Bucks,91,ATL,Atlanta,Hawks,Philips Arena
,15-01-17,6:00PM,109,HOU,Houston,Rockets,84,BRO,Brooklyn,Nets,Barclays Center
,15-01-17,9:00PM,96,OKL,Oklahoma City,Thunder,103,SAC,Sacramento,Kings,Sleep Train Arena
,15-01-17,9:00PM,89,CHI,Chicago,Bulls,107,MEM,Memphis,Grizzlies,FedEx Forum
,15-01-17,9:30PM,88,DET,Detroit,Pistons,105,LAL,Los Angeles,Lakers,Staples Center
,16-01-17,1:00PM,91,ATL,Atlanta,Hawks,83,NYK,New York,Knicks,Madison Square Garden
,16-01-17,2:00PM,97,POR,Portland,Trail Blazers,94,WAS,Washington,Wizards,Verizon Center
,16-01-17,3:30PM,85,PHI,Philadelphia,76ers,90,MIL,Milwaukee,Bucks,BMO Harris Bradley Center
,16-01-17,4:00PM,110,NOP,New Orleans,Pelicans,87,IND,Indiana,Pacers,Bankers Life Fieldhouse
,16-01-17,5:00PM,95,ORL,Orlando,Magic,99,DEN,Denver,Nuggets,Pepsi Center
,16-01-17,7:30PM,93,CHA,Charlotte,Hornets,82,BOS,Boston,Celtics,TD Garden
,16-01-17,8:00PM,86,CLE,Cleveland,Cavaliers,101,GSW,Golden State,Warriors,Oracle Arena
,16-01-17,9:00PM,98,UTA,Utah,Jazz,104,PHX,Phoenix,Suns,Talking Stick Resort Arena
,16-01-17,10:30PM,96,OKL,Oklahoma City,Thunder,102,LAC,Los Angeles,Clippers,Staples Center
,17-01-17,7:30PM,81,TOR,Toronto,Raptors,84,BRO,Brooklyn,Nets,Barclays Center
,17-01-17,7:30PM,109,HOU,Houston,Rockets,92,MIA,Miami,Heat,American Airlines Arena
,17-01-17,8:00PM,108,DAL,Dallas,Mavericks,89,CHI,Chicago,Bulls,United Center
,17-01-17,8:30PM,100,MIN,Minnesota,Timberwolves,106,SAS,San Antonio,Spurs,AT&T Center
,17-01-17,10:30PM,99,DEN,Denver,Nuggets,105,LAL,Los Angeles,Lakers,Staples Center
,18-01-17,7:00PM,81,TOR,Toronto,Raptors,85,PHI,Philadelphia,76ers,Wells Fargo Center
,18-01-17,7:00PM,107,MEM,Memphis,Grizzlies,94,WAS,Washington,Wizards,Verizon Center
,18-01-17,7:00PM,97,POR,Portland,Trail Blazers,93,CHA,Charlotte,Hornets,Time Warner Cable Arena
,18-01-17,7:30PM,83,NYK,New York,Knicks,82,BOS,Boston,Celtics,TD Garden
,18-01-17,8:00PM,95,ORL,Orlando,Magic,110,NOP,New Orleans,Pelicans,Smoothie King Center
,18-01-17,8:00PM,90,MIL,Milwaukee,Bucks,109,HOU,Houston,Rockets,Toyota Center
,18-01-17,8:00PM,91,ATL,Atlanta,Hawks,88,DET,Detroit,Pistons,Palace of Auburn Hills
,18-01-17,10:30PM,96,OKL,Oklahoma City,Thunder,101,GSW,Golden State,Warriors,Oracle Arena
,18-01-17,10:30PM,87,IND,Indiana,Pacers,103,SAC,Sacramento,Kings,Sleep Train Arena
,19-01-17,7:00PM,104,PHX,Phoenix,Suns,86,CLE,Cleveland,Cavaliers,Quicken Loans Arena
,19-01-17,7:30PM,108,DAL,Dallas,Mavericks,92,MIA,Miami,Heat,American Airlines Arena
,19-01-17,8:00PM,94,WAS,Washington,Wizards,83,NYK,New York,Knicks,Madison Square Garden
,19-01-17,8:30PM,99,DEN,Denver,Nuggets,106,SAS,San Antonio,Spurs,AT&T Center
,19-01-17,10:30PM,100,MIN,Minnesota,Timberwolves,102,LAC,Los Angeles,Clippers,Staples Center
,20-01-17,7:00PM,97,POR,Portland,Trail Blazers,85,PHI,Philadelphia,76ers,Wells Fargo Center
,20-01-17,7:00PM,81,TOR,Toronto,Raptors,93,CHA,Charlotte,Hornets,Time Warner Cable Arena
,20-01-17,7:00PM,90,MIL,Milwaukee,Bucks,95,ORL,Orlando,Magic,Amway Center
,20-01-17,8:00PM,103,SAC,Sacramento,Kings,107,MEM,Memphis,Grizzlies,FedEx Forum
,20-01-17,8:00PM,84,BRO,Brooklyn,Nets,110,NOP,New Orleans,Pelicans,Smoothie King Center
,20-01-17,8:00PM,101,GSW,Golden State,Warriors,109,HOU,Houston,Rockets,Toyota Center
,20-01-17,8:00PM,89,CHI,Chicago,Bulls,91,ATL,Atlanta,Hawks,Philips Arena
,20-01-17,8:30PM,98,UTA,Utah,Jazz,108,DAL,Dallas,Mavericks,American Airlines Center
,20-01-17,10:30PM,87,IND,Indiana,Pacers,105,LAL,Los Angeles,Lakers,Staples Center
,21-01-17,5:00PM,97,POR,Portland,Trail Blazers,82,BOS,Boston,Celtics,TD Garden
,21-01-17,6:00PM,94,WAS,Washington,Wizards,88,DET,Detroit,Pistons,Palace of Auburn Hills
,21-01-17,7:00PM,84,BRO,Brooklyn,Nets,93,CHA,Charlotte,Hornets,Time Warner Cable Arena
,21-01-17,7:00PM,85,PHI,Philadelphia,76ers,91,ATL,Atlanta,Hawks,Philips Arena
,21-01-17,7:30PM,104,PHX,Phoenix,Suns,83,NYK,New York,Knicks,Madison Square Garden
,21-01-17,7:30PM,90,MIL,Milwaukee,Bucks,92,MIA,Miami,Heat,American Airlines Arena
,21-01-17,8:00PM,109,HOU,Houston,Rockets,107,MEM,Memphis,Grizzlies,FedEx Forum
,21-01-17,8:30PM,106,SAS,San Antonio,Spurs,86,CLE,Cleveland,Cavaliers,Quicken Loans Arena
,21-01-17,9:00PM,102,LAC,Los Angeles,Clippers,99,DEN,Denver,Nuggets,Pepsi Center
,21-01-17,9:00PM,87,IND,Indiana,Pacers,98,UTA,Utah,Jazz,Vivint Smart Home Arena
,21-01-17,9:00PM,103,SAC,Sacramento,Kings,89,CHI,Chicago,Bulls,United Center
,22-01-17,12:00PM,101,GSW,Golden State,Warriors,95,ORL,Orlando,Magic,Amway Center
,22-01-17,3:30PM,105,LAL,Los Angeles,Lakers,108,DAL,Dallas,Mavericks,American Airlines Center
,22-01-17,6:00PM,104,PHX,Phoenix,Suns,81,TOR,Toronto,Raptors,Air Canada Centre
,22-01-17,7:00PM,99,DEN,Denver,Nuggets,100,MIN,Minnesota,Timberwolves,Target Center
,23-01-17,7:00PM,94,WAS,Washington,Wizards,93,CHA,Charlotte,Hornets,Time Warner Cable Arena
,23-01-17,7:30PM,106,SAS,San Antonio,Spurs,84,BRO,Brooklyn,Nets,Barclays Center
,23-01-17,7:30PM,102,LAC,Los Angeles,Clippers,91,ATL,Atlanta,Hawks,Philips Arena
,23-01-17,7:30PM,101,GSW,Golden State,Warriors,92,MIA,Miami,Heat,American Airlines Arena
,23-01-17,7:30PM,103,SAC,Sacramento,Kings,88,DET,Detroit,Pistons,Palace of Auburn Hills
,23-01-17,8:00PM,109,HOU,Houston,Rockets,90,MIL,Milwaukee,Bucks,BMO Harris Bradley Center
,23-01-17,8:00PM,86,CLE,Cleveland,Cavaliers,110,NOP,New Orleans,Pelicans,Smoothie King Center
,23-01-17,8:00PM,83,NYK,New York,Knicks,87,IND,Indiana,Pacers,Bankers Life Fieldhouse
,23-01-17,9:00PM,96,OKL,Oklahoma City,Thunder,98,UTA,Utah,Jazz,Vivint Smart Home Arena
,24-01-17,7:00PM,106,SAS,San Antonio,Spurs,81,TOR,Toronto,Raptors,Air Canada Centre
,24-01-17,7:00PM,102,LAC,Los Angeles,Clippers,85,PHI,Philadelphia,76ers,Wells Fargo Center
,24-01-17,7:00PM,82,BOS,Boston,Celtics,94,WAS,Washington,Wizards,Verizon Center
,24-01-17,7:00PM,89,CHI,Chicago,Bulls,95,ORL,Orlando,Magic,Amway Center
,24-01-17,9:00PM,98,UTA,Utah,Jazz,99,DEN,Denver,Nuggets,Pepsi Center
,24-01-17,9:00PM,100,MIN,Minnesota,Timberwolves,104,PHX,Phoenix,Suns,Talking Stick Resort Arena
,25-01-17,7:00PM,103,SAC,Sacramento,Kings,86,CLE,Cleveland,Cavaliers,Quicken Loans Arena
,25-01-17,7:30PM,109,HOU,Houston,Rockets,82,BOS,Boston,Celtics,TD Garden
,25-01-17,7:30PM,92,MIA,Miami,Heat,84,BRO,Brooklyn,Nets,Barclays Center
,25-01-17,8:00PM,91,ATL,Atlanta,Hawks,89,CHI,Chicago,Bulls,United Center
,25-01-17,8:00PM,85,PHI,Philadelphia,76ers,90,MIL,Milwaukee,Bucks,BMO Harris Bradley Center
,25-01-17,8:00PM,81,TOR,Toronto,Raptors,107,MEM,Memphis,Grizzlies,FedEx Forum
,25-01-17,8:00PM,96,OKL,Oklahoma City,Thunder,110,NOP,New Orleans,Pelicans,Smoothie King Center
,25-01-17,8:00PM,101,GSW,Golden State,Warriors,93,CHA,Charlotte,Hornets,Time Warner Cable Arena
,25-01-17,8:30PM,83,NYK,New York,Knicks,108,DAL,Dallas,Mavericks,American Airlines Center
,25-01-17,10:30PM,105,LAL,Los Angeles,Lakers,97,POR,Portland,Trail Blazers,Moda Center
,26-01-17,8:00PM,108,DAL,Dallas,Mavericks,96,OKL,Oklahoma City,Thunder,Chesapeake Energy Arena
,26-01-17,8:00PM,87,IND,Indiana,Pacers,100,MIN,Minnesota,Timberwolves,Target Center
,26-01-17,9:00PM,104,PHX,Phoenix,Suns,99,DEN,Denver,Nuggets,Pepsi Center
,26-01-17,10:30PM,105,LAL,Los Angeles,Lakers,98,UTA,Utah,Jazz,Vivint Smart Home Arena
,27-01-17,7:00PM,103,SAC,Sacramento,Kings,87,IND,Indiana,Pacers,Bankers Life Fieldhouse
,27-01-17,7:30PM,84,BRO,Brooklyn,Nets,86,CLE,Cleveland,Cavaliers,Quicken Loans Arena
,27-01-17,7:30PM,95,ORL,Orlando,Magic,82,BOS,Boston,Celtics,TD Garden
,27-01-17,7:30PM,90,MIL,Milwaukee,Bucks,81,TOR,Toronto,Raptors,Air Canada Centre
,27-01-17,7:30PM,93,CHA,Charlotte,Hornets,83,NYK,New York,Knicks,Madison Square Garden
,27-01-17,8:00PM,109,HOU,Houston,Rockets,85,PHI,Philadelphia,76ers,Wells Fargo Center
,27-01-17,8:00PM,92,MIA,Miami,Heat,89,CHI,Chicago,Bulls,United Center
,27-01-17,8:00PM,106,SAS,San Antonio,Spurs,110,NOP,New Orleans,Pelicans,Smoothie King Center
,27-01-17,8:00PM,94,WAS,Washington,Wizards,91,ATL,Atlanta,Hawks,Philips Arena
,27-01-17,10:00PM,107,MEM,Memphis,Grizzlies,97,POR,Portland,Trail Blazers,Moda Center
,28-01-17,7:00PM,103,SAC,Sacramento,Kings,93,CHA,Charlotte,Hornets,Time Warner Cable Arena
,28-01-17,7:30PM,88,DET,Detroit,Pistons,92,MIA,Miami,Heat,American Airlines Arena
,28-01-17,8:00PM,82,BOS,Boston,Celtics,90,MIL,Milwaukee,Bucks,BMO Harris Bradley Center
,28-01-17,8:30PM,102,LAC,Los Angeles,Clippers,101,GSW,Golden State,Warriors,Oracle Arena
,28-01-17,9:00PM,107,MEM,Memphis,Grizzlies,98,UTA,Utah,Jazz,Vivint Smart Home Arena
,28-01-17,9:00PM,99,DEN,Denver,Nuggets,104,PHX,Phoenix,Suns,Talking Stick Resort Arena
,28-01-17,9:00PM,84,BRO,Brooklyn,Nets,100,MIN,Minnesota,Timberwolves,Target Center
,29-01-17,3:00PM,83,NYK,New York,Knicks,91,ATL,Atlanta,Hawks,Philips Arena
,29-01-17,3:30PM,96,OKL,Oklahoma City,Thunder,86,CLE,Cleveland,Cavaliers,Quicken Loans Arena
,29-01-17,6:00PM,109,HOU,Houston,Rockets,87,IND,Indiana,Pacers,Bankers Life Fieldhouse
,29-01-17,6:00PM,94,WAS,Washington,Wizards,110,NOP,New Orleans,Pelicans,Smoothie King Center
,29-01-17,6:00PM,95,ORL,Orlando,Magic,81,TOR,Toronto,Raptors,Air Canada Centre
,29-01-17,7:00PM,85,PHI,Philadelphia,76ers,89,CHI,Chicago,Bulls,United Center
,29-01-17,7:00PM,108,DAL,Dallas,Mavericks,106,SAS,San Antonio,Spurs,AT&T Center
,29-01-17,9:00PM,101,GSW,Golden State,Warriors,97,POR,Portland,Trail Blazers,Moda Center
,30-01-17,6:00PM,103,SAC,Sacramento,Kings,85,PHI,Philadelphia,76ers,Wells Fargo Center
,30-01-17,7:30PM,84,BRO,Brooklyn,Nets,92,MIA,Miami,Heat,American Airlines Arena
,30-01-17,8:00PM,95,ORL,Orlando,Magic,100,MIN,Minnesota,Timberwolves,Target Center
,30-01-17,8:00PM,88,DET,Detroit,Pistons,82,BOS,Boston,Celtics,TD Garden
,30-01-17,8:30PM,86,CLE,Cleveland,Cavaliers,108,DAL,Dallas,Mavericks,American Airlines Center
,30-01-17,10:30PM,107,MEM,Memphis,Grizzlies,104,PHX,Phoenix,Suns,Talking Stick Resort Arena
,31-01-17,7:00PM,83,NYK,New York,Knicks,94,WAS,Washington,Wizards,Verizon Center
,31-01-17,7:00PM,110,NOP,New Orleans,Pelicans,81,TOR,Toronto,Raptors,Air Canada Centre
,31-01-17,8:00PM,103,SAC,Sacramento,Kings,109,HOU,Houston,Rockets,Toyota Center
,31-01-17,8:30PM,96,OKL,Oklahoma City,Thunder,106,SAS,San Antonio,Spurs,AT&T Center
,31-01-17,10:00PM,93,CHA,Charlotte,Hornets,97,POR,Portland,Trail Blazers,Moda Center
,31-01-17,10:30PM,99,DEN,Denver,Nuggets,105,LAL,Los Angeles,Lakers,Staples Center
,01-02-17,7:00PM,87,IND,Indiana,Pacers,95,ORL,Orlando,Magic,Amway Center
,01-02-17,7:00PM,100,MIN,Minnesota,Timberwolves,86,CLE,Cleveland,Cavaliers,Quicken Loans Arena
,01-02-17,7:30PM,81,TOR,Toronto,Raptors,82,BOS,Boston,Celtics,TD Garden
,01-02-17,7:30PM,83,NYK,New York,Knicks,84,BRO,Brooklyn,Nets,Barclays Center
,01-02-17,7:30PM,91,ATL,Atlanta,Hawks,92,MIA,Miami,Heat,American Airlines Arena
,01-02-17,7:30PM,110,NOP,New Orleans,Pelicans,88,DET,Detroit,Pistons,Palace of Auburn Hills
,01-02-17,8:30PM,85,PHI,Philadelphia,76ers,108,DAL,Dallas,Mavericks,American Airlines Center
,01-02-17,9:00PM,107,MEM,Memphis,Grizzlies,99,DEN,Denver,Nuggets,Pepsi Center
,01-02-17,9:00PM,90,MIL,Milwaukee,Bucks,98,UTA,Utah,Jazz,Vivint Smart Home Arena
,01-02-17,9:00PM,102,LAC,Los Angeles,Clippers,104,PHX,Phoenix,Suns,Talking Stick Resort Arena
,01-02-17,9:30PM,89,CHI,Chicago,Bulls,96,OKL,Oklahoma City,Thunder,Chesapeake Energy Arena
,01-02-17,10:30PM,93,CHA,Charlotte,Hornets,101,GSW,Golden State,Warriors,Oracle Arena
,02-02-17,7:00PM,105,LAL,Los Angeles,Lakers,94,WAS,Washington,Wizards,Verizon Center
,02-02-17,8:00PM,91,ATL,Atlanta,Hawks,109,HOU,Houston,Rockets,Toyota Center
,02-02-17,8:30PM,85,PHI,Philadelphia,76ers,106,SAS,San Antonio,Spurs,AT&T Center
,02-02-17,10:30PM,101,GSW,Golden State,Warriors,102,LAC,Los Angeles,Clippers,Staples Center
,03-02-17,7:00PM,81,TOR,Toronto,Raptors,95,ORL,Orlando,Magic,Amway Center
,03-02-17,7:30PM,87,IND,Indiana,Pacers,84,BRO,Brooklyn,Nets,Barclays Center
,03-02-17,7:30PM,100,MIN,Minnesota,Timberwolves,88,DET,Detroit,Pistons,Palace of Auburn Hills
,03-02-17,8:00PM,89,CHI,Chicago,Bulls,109,HOU,Houston,Rockets,Toyota Center
,03-02-17,8:00PM,107,MEM,Memphis,Grizzlies,96,OKL,Oklahoma City,Thunder,Chesapeake Energy Arena
,03-02-17,8:00PM,105,LAL,Los Angeles,Lakers,82,BOS,Boston,Celtics,TD Garden
,03-02-17,9:00PM,90,MIL,Milwaukee,Bucks,99,DEN,Denver,Nuggets,Pepsi Center
,03-02-17,10:30PM,104,PHX,Phoenix,Suns,103,SAC,Sacramento,Kings,Sleep Train Arena
,03-02-17,10:30PM,108,DAL,Dallas,Mavericks,97,POR,Portland,Trail Blazers,Moda Center
,04-02-17,7:00PM,110,NOP,New Orleans,Pelicans,94,WAS,Washington,Wizards,Verizon Center
,04-02-17,7:00PM,95,ORL,Orlando,Magic,91,ATL,Atlanta,Hawks,Philips Arena
,04-02-17,7:00PM,88,DET,Detroit,Pistons,87,IND,Indiana,Pacers,Bankers Life Fieldhouse
,04-02-17,7:30PM,85,PHI,Philadelphia,76ers,92,MIA,Miami,Heat,American Airlines Arena
,04-02-17,8:30PM,86,CLE,Cleveland,Cavaliers,83,NYK,New York,Knicks,Madison Square Garden
,04-02-17,9:00PM,93,CHA,Charlotte,Hornets,98,UTA,Utah,Jazz,Vivint Smart Home Arena
,04-02-17,9:00PM,90,MIL,Milwaukee,Bucks,104,PHX,Phoenix,Suns,Talking Stick Resort Arena
,04-02-17,9:00PM,99,DEN,Denver,Nuggets,106,SAS,San Antonio,Spurs,AT&T Center
,04-02-17,9:00PM,107,MEM,Memphis,Grizzlies,100,MIN,Minnesota,Timberwolves,Target Center
,04-02-17,10:30PM,101,GSW,Golden State,Warriors,103,SAC,Sacramento,Kings,Sleep Train Arena
,05-02-17,12:00PM,81,TOR,Toronto,Raptors,84,BRO,Brooklyn,Nets,Barclays Center
,05-02-17,2:00PM,102,LAC,Los Angeles,Clippers,82,BOS,Boston,Celtics,TD Garden
,05-02-17,3:00PM,97,POR,Portland,Trail Blazers,96,OKL,Oklahoma City,Thunder,Chesapeake Energy Arena
,06-02-17,7:00PM,105,LAL,Los Angeles,Lakers,83,NYK,New York,Knicks,Madison Square Garden
,06-02-17,7:00PM,86,CLE,Cleveland,Cavaliers,94,WAS,Washington,Wizards,Verizon Center
,06-02-17,7:00PM,96,OKL,Oklahoma City,Thunder,87,IND,Indiana,Pacers,Bankers Life Fieldhouse
,06-02-17,7:30PM,102,LAC,Los Angeles,Clippers,81,TOR,Toronto,Raptors,Air Canada Centre
,06-02-17,7:30PM,98,UTA,Utah,Jazz,91,ATL,Atlanta,Hawks,Philips Arena
,06-02-17,7:30PM,85,PHI,Philadelphia,76ers,88,DET,Detroit,Pistons,Palace of Auburn Hills
,06-02-17,8:00PM,104,PHX,Phoenix,Suns,110,NOP,New Orleans,Pelicans,Smoothie King Center
,06-02-17,8:00PM,92,MIA,Miami,Heat,100,MIN,Minnesota,Timberwolves,Target Center
,06-02-17,9:00PM,108,DAL,Dallas,Mavericks,99,DEN,Denver,Nuggets,Pepsi Center
,06-02-17,9:30PM,106,SAS,San Antonio,Spurs,107,MEM,Memphis,Grizzlies,FedEx Forum
,06-02-17,10:30PM,89,CHI,Chicago,Bulls,103,SAC,Sacramento,Kings,Sleep Train Arena
,07-02-17,7:00PM,84,BRO,Brooklyn,Nets,93,CHA,Charlotte,Hornets,Time Warner Cable Arena
,07-02-17,8:00PM,95,ORL,Orlando,Magic,109,HOU,Houston,Rockets,Toyota Center
,07-02-17,8:30PM,97,POR,Portland,Trail Blazers,108,DAL,Dallas,Mavericks,American Airlines Center
,08-02-17,7:00PM,106,SAS,San Antonio,Spurs,85,PHI,Philadelphia,76ers,Wells Fargo Center
,08-02-17,7:00PM,86,CLE,Cleveland,Cavaliers,87,IND,Indiana,Pacers,Bankers Life Fieldhouse
,08-02-17,7:30PM,94,WAS,Washington,Wizards,84,BRO,Brooklyn,Nets,Barclays Center
,08-02-17,7:30PM,99,DEN,Denver,Nuggets,91,ATL,Atlanta,Hawks,Philips Arena
,08-02-17,7:30PM,105,LAL,Los Angeles,Lakers,88,DET,Detroit,Pistons,Palace of Auburn Hills
,08-02-17,8:00PM,92,MIA,Miami,Heat,90,MIL,Milwaukee,Bucks,BMO Harris Bradley Center
,08-02-17,8:00PM,104,PHX,Phoenix,Suns,107,MEM,Memphis,Grizzlies,FedEx Forum
,08-02-17,8:00PM,98,UTA,Utah,Jazz,110,NOP,New Orleans,Pelicans,Smoothie King Center
,08-02-17,8:00PM,81,TOR,Toronto,Raptors,100,MIN,Minnesota,Timberwolves,Target Center
,08-02-17,8:00PM,102,LAC,Los Angeles,Clippers,83,NYK,New York,Knicks,Madison Square Garden
,08-02-17,10:30PM,89,CHI,Chicago,Bulls,101,GSW,Golden State,Warriors,Oracle Arena
,08-02-17,10:30PM,82,BOS,Boston,Celtics,103,SAC,Sacramento,Kings,Sleep Train Arena
,09-02-17,7:00PM,109,HOU,Houston,Rockets,93,CHA,Charlotte,Hornets,Time Warner Cable Arena
,09-02-17,7:00PM,85,PHI,Philadelphia,76ers,95,ORL,Orlando,Magic,Amway Center
,09-02-17,8:00PM,86,CLE,Cleveland,Cavaliers,96,OKL,Oklahoma City,Thunder,Chesapeake Energy Arena
,09-02-17,8:30PM,98,UTA,Utah,Jazz,108,DAL,Dallas,Mavericks,American Airlines Center
,09-02-17,10:30PM,82,BOS,Boston,Celtics,97,POR,Portland,Trail Blazers,Moda Center
,10-02-17,7:30PM,92,MIA,Miami,Heat,84,BRO,Brooklyn,Nets,Barclays Center
,10-02-17,7:30PM,99,DEN,Denver,Nuggets,83,NYK,New York,Knicks,Madison Square Garden
,10-02-17,7:30PM,106,SAS,San Antonio,Spurs,88,DET,Detroit,Pistons,Palace of Auburn Hills
,10-02-17,8:00PM,105,LAL,Los Angeles,Lakers,90,MIL,Milwaukee,Bucks,BMO Harris Bradley Center
,10-02-17,8:00PM,101,GSW,Golden State,Warriors,107,MEM,Memphis,Grizzlies,FedEx Forum
,10-02-17,8:00PM,110,NOP,New Orleans,Pelicans,100,MIN,Minnesota,Timberwolves,Target Center
,10-02-17,8:00PM,87,IND,Indiana,Pacers,94,WAS,Washington,Wizards,Verizon Center
,10-02-17,9:30PM,89,CHI,Chicago,Bulls,104,PHX,Phoenix,Suns,Talking Stick Resort Arena
,10-02-17,10:30PM,91,ATL,Atlanta,Hawks,103,SAC,Sacramento,Kings,Sleep Train Arena
,11-02-17,5:00PM,102,LAC,Los Angeles,Clippers,93,CHA,Charlotte,Hornets,Time Warner Cable Arena
,11-02-17,7:00PM,90,MIL,Milwaukee,Bucks,87,IND,Indiana,Pacers,Bankers Life Fieldhouse
,11-02-17,7:30PM,92,MIA,Miami,Heat,85,PHI,Philadelphia,76ers,Wells Fargo Center
,11-02-17,7:30PM,99,DEN,Denver,Nuggets,86,CLE,Cleveland,Cavaliers,Quicken Loans Arena
,11-02-17,8:30PM,101,GSW,Golden State,Warriors,96,OKL,Oklahoma City,Thunder,Chesapeake Energy Arena
,11-02-17,9:00PM,104,PHX,Phoenix,Suns,109,HOU,Houston,Rockets,Toyota Center
,11-02-17,9:00PM,95,ORL,Orlando,Magic,108,DAL,Dallas,Mavericks,American Airlines Center
,11-02-17,10:00PM,82,BOS,Boston,Celtics,98,UTA,Utah,Jazz,Vivint Smart Home Arena
,12-02-17,3:30PM,89,CHI,Chicago,Bulls,100,MIN,Minnesota,Timberwolves,Target Center
,12-02-17,3:30PM,106,SAS,San Antonio,Spurs,83,NYK,New York,Knicks,Madison Square Garden
,12-02-17,6:00PM,88,DET,Detroit,Pistons,81,TOR,Toronto,Raptors,Air Canada Centre
,12-02-17,9:00PM,110,NOP,New Orleans,Pelicans,103,SAC,Sacramento,Kings,Sleep Train Arena
,13-02-17,7:00PM,85,PHI,Philadelphia,76ers,93,CHA,Charlotte,Hornets,Time Warner Cable Arena
,13-02-17,7:00PM,106,SAS,San Antonio,Spurs,87,IND,Indiana,Pacers,Bankers Life Fieldhouse
,13-02-17,7:30PM,107,MEM,Memphis,Grizzlies,84,BRO,Brooklyn,Nets,Barclays Center
,13-02-17,7:30PM,95,ORL,Orlando,Magic,92,MIA,Miami,Heat,American Airlines Arena
,13-02-17,8:00PM,96,OKL,Oklahoma City,Thunder,94,WAS,Washington,Wizards,Verizon Center
,13-02-17,8:00PM,88,DET,Detroit,Pistons,90,MIL,Milwaukee,Bucks,BMO Harris Bradley Center
,13-02-17,8:30PM,82,BOS,Boston,Celtics,108,DAL,Dallas,Mavericks,American Airlines Center
,13-02-17,9:00PM,101,GSW,Golden State,Warriors,99,DEN,Denver,Nuggets,Pepsi Center
,13-02-17,9:00PM,102,LAC,Los Angeles,Clippers,98,UTA,Utah,Jazz,Vivint Smart Home Arena
,13-02-17,9:00PM,110,NOP,New Orleans,Pelicans,104,PHX,Phoenix,Suns,Talking Stick Resort Arena
,13-02-17,10:30PM,91,ATL,Atlanta,Hawks,97,POR,Portland,Trail Blazers,Moda Center
,14-02-17,8:00PM,81,TOR,Toronto,Raptors,89,CHI,Chicago,Bulls,United Center
,14-02-17,8:00PM,86,CLE,Cleveland,Cavaliers,100,MIN,Minnesota,Timberwolves,Target Center
,14-02-17,10:30PM,103,SAC,Sacramento,Kings,105,LAL,Los Angeles,Lakers,Staples Center
,15-02-17,7:00PM,106,SAS,San Antonio,Spurs,95,ORL,Orlando,Magic,Amway Center
,15-02-17,7:00PM,87,IND,Indiana,Pacers,86,CLE,Cleveland,Cavaliers,Quicken Loans Arena
,15-02-17,7:30PM,85,PHI,Philadelphia,76ers,82,BOS,Boston,Celtics,TD Garden
,15-02-17,7:30PM,93,CHA,Charlotte,Hornets,81,TOR,Toronto,Raptors,Air Canada Centre
,15-02-17,7:30PM,90,MIL,Milwaukee,Bucks,84,BRO,Brooklyn,Nets,Barclays Center
,15-02-17,7:30PM,108,DAL,Dallas,Mavericks,88,DET,Detroit,Pistons,Palace of Auburn Hills
,15-02-17,8:00PM,110,NOP,New Orleans,Pelicans,107,MEM,Memphis,Grizzlies,FedEx Forum
,15-02-17,8:00PM,92,MIA,Miami,Heat,109,HOU,Houston,Rockets,Toyota Center
,15-02-17,9:00PM,100,MIN,Minnesota,Timberwolves,99,DEN,Denver,Nuggets,Pepsi Center
,15-02-17,9:00PM,97,POR,Portland,Trail Blazers,98,UTA,Utah,Jazz,Vivint Smart Home Arena
,15-02-17,9:00PM,105,LAL,Los Angeles,Lakers,104,PHX,Phoenix,Suns,Talking Stick Resort Arena
,15-02-17,9:30PM,83,NYK,New York,Knicks,96,OKL,Oklahoma City,Thunder,Chesapeake Energy Arena
,15-02-17,10:30PM,91,ATL,Atlanta,Hawks,102,LAC,Los Angeles,Clippers,Staples Center
,15-02-17,10:30PM,103,SAC,Sacramento,Kings,101,GSW,Golden State,Warriors,Oracle Arena
,16-02-17,7:00PM,94,WAS,Washington,Wizards,87,IND,Indiana,Pacers,Bankers Life Fieldhouse
,16-02-17,8:00PM,82,BOS,Boston,Celtics,89,CHI,Chicago,Bulls,United Center
,23-02-17,7:00PM,97,POR,Portland,Trail Blazers,95,ORL,Orlando,Magic,Amway Center
,23-02-17,7:30PM,93,CHA,Charlotte,Hornets,88,DET,Detroit,Pistons,Palace of Auburn Hills
,23-02-17,8:00PM,109,HOU,Houston,Rockets,110,NOP,New Orleans,Pelicans,Smoothie King Center
,23-02-17,8:00PM,83,NYK,New York,Knicks,86,CLE,Cleveland,Cavaliers,Quicken Loans Arena
,23-02-17,10:30PM,102,LAC,Los Angeles,Clippers,101,GSW,Golden State,Warriors,Oracle Arena
,23-02-17,10:30PM,99,DEN,Denver,Nuggets,103,SAC,Sacramento,Kings,Sleep Train Arena
,24-02-17,7:00PM,94,WAS,Washington,Wizards,85,PHI,Philadelphia,76ers,Wells Fargo Center
,24-02-17,7:00PM,107,MEM,Memphis,Grizzlies,87,IND,Indiana,Pacers,Bankers Life Fieldhouse
,24-02-17,7:30PM,82,BOS,Boston,Celtics,81,TOR,Toronto,Raptors,Air Canada Centre
,24-02-17,8:00PM,104,PHX,Phoenix,Suns,89,CHI,Chicago,Bulls,United Center
,24-02-17,8:00PM,98,UTA,Utah,Jazz,90,MIL,Milwaukee,Bucks,BMO Harris Bradley Center
,24-02-17,8:00PM,105,LAL,Los Angeles,Lakers,96,OKL,Oklahoma City,Thunder,Chesapeake Energy Arena
,24-02-17,8:00PM,108,DAL,Dallas,Mavericks,100,MIN,Minnesota,Timberwolves,Target Center
,24-02-17,8:00PM,92,MIA,Miami,Heat,91,ATL,Atlanta,Hawks,Philips Arena
,24-02-17,9:00PM,84,BRO,Brooklyn,Nets,99,DEN,Denver,Nuggets,Pepsi Center
,24-02-17,10:30PM,106,SAS,San Antonio,Spurs,102,LAC,Los Angeles,Clippers,Staples Center
,25-02-17,5:00PM,93,CHA,Charlotte,Hornets,103,SAC,Sacramento,Kings,Sleep Train Arena
,25-02-17,7:00PM,91,ATL,Atlanta,Hawks,95,ORL,Orlando,Magic,Amway Center
,25-02-17,7:30PM,85,PHI,Philadelphia,76ers,83,NYK,New York,Knicks,Madison Square Garden
,25-02-17,8:00PM,87,IND,Indiana,Pacers,92,MIA,Miami,Heat,American Airlines Arena
,25-02-17,8:30PM,110,NOP,New Orleans,Pelicans,108,DAL,Dallas,Mavericks,American Airlines Center
,25-02-17,8:30PM,89,CHI,Chicago,Bulls,86,CLE,Cleveland,Cavaliers,Quicken Loans Arena
,25-02-17,9:00PM,100,MIN,Minnesota,Timberwolves,109,HOU,Houston,Rockets,Toyota Center
,25-02-17,10:30PM,84,BRO,Brooklyn,Nets,101,GSW,Golden State,Warriors,Oracle Arena
,26-02-17,3:30PM,106,SAS,San Antonio,Spurs,105,LAL,Los Angeles,Lakers,Staples Center
,26-02-17,3:30PM,104,PHX,Phoenix,Suns,90,MIL,Milwaukee,Bucks,BMO Harris Bradley Center
,26-02-17,5:00PM,107,MEM,Memphis,Grizzlies,99,DEN,Denver,Nuggets,Pepsi Center
,26-02-17,5:00PM,98,UTA,Utah,Jazz,94,WAS,Washington,Wizards,Verizon Center
,26-02-17,6:00PM,97,POR,Portland,Trail Blazers,81,TOR,Toronto,Raptors,Air Canada Centre
,26-02-17,6:00PM,82,BOS,Boston,Celtics,88,DET,Detroit,Pistons,Palace of Auburn Hills
,26-02-17,7:00PM,110,NOP,New Orleans,Pelicans,96,OKL,Oklahoma City,Thunder,Chesapeake Energy Arena
,26-02-17,9:30PM,93,CHA,Charlotte,Hornets,102,LAC,Los Angeles,Clippers,Staples Center
,27-02-17,7:00PM,81,TOR,Toronto,Raptors,83,NYK,New York,Knicks,Madison Square Garden
,27-02-17,7:00PM,101,GSW,Golden State,Warriors,85,PHI,Philadelphia,76ers,Wells Fargo Center
,27-02-17,7:00PM,90,MIL,Milwaukee,Bucks,86,CLE,Cleveland,Cavaliers,Quicken Loans Arena
,27-02-17,7:30PM,91,ATL,Atlanta,Hawks,82,BOS,Boston,Celtics,TD Garden
,27-02-17,8:30PM,92,MIA,Miami,Heat,108,DAL,Dallas,Mavericks,American Airlines Center
,27-02-17,9:30PM,87,IND,Indiana,Pacers,109,HOU,Houston,Rockets,Toyota Center
,27-02-17,10:30PM,100,MIN,Minnesota,Timberwolves,103,SAC,Sacramento,Kings,Sleep Train Arena
,28-02-17,7:00PM,101,GSW,Golden State,Warriors,94,WAS,Washington,Wizards,Verizon Center
,28-02-17,7:30PM,97,POR,Portland,Trail Blazers,88,DET,Detroit,Pistons,Palace of Auburn Hills
,28-02-17,8:00PM,99,DEN,Denver,Nuggets,89,CHI,Chicago,Bulls,United Center
,28-02-17,8:00PM,104,PHX,Phoenix,Suns,107,MEM,Memphis,Grizzlies,FedEx Forum
,28-02-17,8:00PM,98,UTA,Utah,Jazz,96,OKL,Oklahoma City,Thunder,Chesapeake Energy Arena
,28-02-17,10:30PM,93,CHA,Charlotte,Hornets,105,LAL,Los Angeles,Lakers,Staples Center
,01-03-17,7:00PM,83,NYK,New York,Knicks,95,ORL,Orlando,Magic,Amway Center
,01-03-17,7:30PM,94,WAS,Washington,Wizards,81,TOR,Toronto,Raptors,Air Canada Centre
,01-03-17,7:30PM,108,DAL,Dallas,Mavericks,91,ATL,Atlanta,Hawks,Philips Arena
,01-03-17,7:30PM,85,PHI,Philadelphia,76ers,92,MIA,Miami,Heat,American Airlines Arena
,01-03-17,8:00PM,86,CLE,Cleveland,Cavaliers,82,BOS,Boston,Celtics,TD Garden
,01-03-17,8:00PM,99,DEN,Denver,Nuggets,90,MIL,Milwaukee,Bucks,BMO Harris Bradley Center
,01-03-17,8:00PM,88,DET,Detroit,Pistons,110,NOP,New Orleans,Pelicans,Smoothie King Center
,01-03-17,8:30PM,87,IND,Indiana,Pacers,106,SAS,San Antonio,Spurs,AT&T Center
,01-03-17,9:00PM,100,MIN,Minnesota,Timberwolves,98,UTA,Utah,Jazz,Vivint Smart Home Arena
,01-03-17,10:30PM,109,HOU,Houston,Rockets,102,LAC,Los Angeles,Clippers,Staples Center
,01-03-17,10:30PM,84,BRO,Brooklyn,Nets,103,SAC,Sacramento,Kings,Sleep Train Arena
,02-03-17,8:00PM,101,GSW,Golden State,Warriors,89,CHI,Chicago,Bulls,United Center
,02-03-17,9:00PM,93,CHA,Charlotte,Hornets,104,PHX,Phoenix,Suns,Talking Stick Resort Arena
,02-03-17,10:30PM,96,OKL,Oklahoma City,Thunder,97,POR,Portland,Trail Blazers,Moda Center
,03-03-17,7:00PM,83,NYK,New York,Knicks,85,PHI,Philadelphia,76ers,Wells Fargo Center
,03-03-17,7:00PM,81,TOR,Toronto,Raptors,94,WAS,Washington,Wizards,Verizon Center
,03-03-17,7:00PM,92,MIA,Miami,Heat,95,ORL,Orlando,Magic,Amway Center
,03-03-17,7:00PM,86,CLE,Cleveland,Cavaliers,91,ATL,Atlanta,Hawks,Philips Arena
,03-03-17,8:00PM,102,LAC,Los Angeles,Clippers,90,MIL,Milwaukee,Bucks,BMO Harris Bradley Center
,03-03-17,8:30PM,107,MEM,Memphis,Grizzlies,108,DAL,Dallas,Mavericks,American Airlines Center
,03-03-17,9:00PM,84,BRO,Brooklyn,Nets,98,UTA,Utah,Jazz,Vivint Smart Home Arena
,03-03-17,9:00PM,96,OKL,Oklahoma City,Thunder,104,PHX,Phoenix,Suns,Talking Stick Resort Arena
,03-03-17,9:30PM,106,SAS,San Antonio,Spurs,110,NOP,New Orleans,Pelicans,Smoothie King Center
,03-03-17,10:30PM,82,BOS,Boston,Celtics,105,LAL,Los Angeles,Lakers,Staples Center
,04-03-17,6:00PM,88,DET,Detroit,Pistons,85,PHI,Philadelphia,76ers,Wells Fargo Center
,04-03-17,8:00PM,81,TOR,Toronto,Raptors,90,MIL,Milwaukee,Bucks,BMO Harris Bradley Center
,04-03-17,8:00PM,86,CLE,Cleveland,Cavaliers,92,MIA,Miami,Heat,American Airlines Arena
,04-03-17,8:30PM,102,LAC,Los Angeles,Clippers,89,CHI,Chicago,Bulls,United Center
,04-03-17,9:00PM,93,CHA,Charlotte,Hornets,99,DEN,Denver,Nuggets,Pepsi Center
,04-03-17,9:00PM,107,MEM,Memphis,Grizzlies,109,HOU,Houston,Rockets,Toyota Center
,04-03-17,9:00PM,100,MIN,Minnesota,Timberwolves,106,SAS,San Antonio,Spurs,AT&T Center
,04-03-17,10:00PM,84,BRO,Brooklyn,Nets,97,POR,Portland,Trail Blazers,Moda Center
,05-03-17,1:00PM,87,IND,Indiana,Pacers,91,ATL,Atlanta,Hawks,Philips Arena
,05-03-17,3:30PM,101,GSW,Golden State,Warriors,83,NYK,New York,Knicks,Madison Square Garden
,05-03-17,5:00PM,82,BOS,Boston,Celtics,104,PHX,Phoenix,Suns,Talking Stick Resort Arena
,05-03-17,5:00PM,95,ORL,Orlando,Magic,94,WAS,Washington,Wizards,Verizon Center
,05-03-17,6:00PM,98,UTA,Utah,Jazz,103,SAC,Sacramento,Kings,Sleep Train Arena
,05-03-17,8:30PM,96,OKL,Oklahoma City,Thunder,108,DAL,Dallas,Mavericks,American Airlines Center
,05-03-17,9:30PM,110,NOP,New Orleans,Pelicans,105,LAL,Los Angeles,Lakers,Staples Center
,06-03-17,7:00PM,90,MIL,Milwaukee,Bucks,85,PHI,Philadelphia,76ers,Wells Fargo Center
,06-03-17,7:00PM,83,NYK,New York,Knicks,95,ORL,Orlando,Magic,Amway Center
,06-03-17,7:00PM,92,MIA,Miami,Heat,86,CLE,Cleveland,Cavaliers,Quicken Loans Arena
,06-03-17,7:30PM,101,GSW,Golden State,Warriors,91,ATL,Atlanta,Hawks,Philips Arena
,06-03-17,7:30PM,89,CHI,Chicago,Bulls,88,DET,Detroit,Pistons,Palace of Auburn Hills
,06-03-17,8:00PM,84,BRO,Brooklyn,Nets,107,MEM,Memphis,Grizzlies,FedEx Forum
,06-03-17,8:00PM,87,IND,Indiana,Pacers,93,CHA,Charlotte,Hornets,Time Warner Cable Arena
,06-03-17,8:30PM,109,HOU,Houston,Rockets,106,SAS,San Antonio,Spurs,AT&T Center
,06-03-17,9:00PM,103,SAC,Sacramento,Kings,99,DEN,Denver,Nuggets,Pepsi Center
,06-03-17,9:00PM,110,NOP,New Orleans,Pelicans,98,UTA,Utah,Jazz,Vivint Smart Home Arena
,06-03-17,10:30PM,82,BOS,Boston,Celtics,102,LAC,Los Angeles,Clippers,Staples Center
,07-03-17,8:00PM,97,POR,Portland,Trail Blazers,96,OKL,Oklahoma City,Thunder,Chesapeake Energy Arena
,07-03-17,8:30PM,105,LAL,Los Angeles,Lakers,108,DAL,Dallas,Mavericks,American Airlines Center
,07-03-17,9:00PM,94,WAS,Washington,Wizards,104,PHX,Phoenix,Suns,Talking Stick Resort Arena
,08-03-17,7:00PM,89,CHI,Chicago,Bulls,95,ORL,Orlando,Magic,Amway Center
,08-03-17,7:30PM,84,BRO,Brooklyn,Nets,91,ATL,Atlanta,Hawks,Philips Arena
,08-03-17,7:30PM,93,CHA,Charlotte,Hornets,92,MIA,Miami,Heat,American Airlines Arena
,08-03-17,8:00PM,83,NYK,New York,Knicks,90,MIL,Milwaukee,Bucks,BMO Harris Bradley Center
,08-03-17,8:00PM,81,TOR,Toronto,Raptors,110,NOP,New Orleans,Pelicans,Smoothie King Center
,08-03-17,8:00PM,98,UTA,Utah,Jazz,109,HOU,Houston,Rockets,Toyota Center
,08-03-17,8:00PM,102,LAC,Los Angeles,Clippers,100,MIN,Minnesota,Timberwolves,Target Center
,08-03-17,8:00PM,88,DET,Detroit,Pistons,87,IND,Indiana,Pacers,Bankers Life Fieldhouse
,08-03-17,8:30PM,103,SAC,Sacramento,Kings,106,SAS,San Antonio,Spurs,AT&T Center
,08-03-17,9:00PM,94,WAS,Washington,Wizards,99,DEN,Denver,Nuggets,Pepsi Center
,08-03-17,10:30PM,82,BOS,Boston,Celtics,101,GSW,Golden State,Warriors,Oracle Arena
,09-03-17,7:30PM,86,CLE,Cleveland,Cavaliers,88,DET,Detroit,Pistons,Palace of Auburn Hills
,09-03-17,8:00PM,102,LAC,Los Angeles,Clippers,107,MEM,Memphis,Grizzlies,FedEx Forum
,09-03-17,8:00PM,106,SAS,San Antonio,Spurs,96,OKL,Oklahoma City,Thunder,Chesapeake Energy Arena
,09-03-17,10:00PM,85,PHI,Philadelphia,76ers,97,POR,Portland,Trail Blazers,Moda Center
,09-03-17,10:30PM,105,LAL,Los Angeles,Lakers,104,PHX,Phoenix,Suns,Talking Stick Resort Arena
,10-03-17,7:00PM,95,ORL,Orlando,Magic,93,CHA,Charlotte,Hornets,Time Warner Cable Arena
,10-03-17,8:00PM,109,HOU,Houston,Rockets,89,CHI,Chicago,Bulls,United Center
,10-03-17,8:00PM,87,IND,Indiana,Pacers,90,MIL,Milwaukee,Bucks,BMO Harris Bradley Center
,10-03-17,8:00PM,101,GSW,Golden State,Warriors,100,MIN,Minnesota,Timberwolves,Target Center
,10-03-17,8:00PM,81,TOR,Toronto,Raptors,91,ATL,Atlanta,Hawks,Philips Arena
,10-03-17,9:00PM,82,BOS,Boston,Celtics,99,DEN,Denver,Nuggets,Pepsi Center
,10-03-17,9:00PM,84,BRO,Brooklyn,Nets,108,DAL,Dallas,Mavericks,American Airlines Center
,10-03-17,10:30PM,94,WAS,Washington,Wizards,103,SAC,Sacramento,Kings,Sleep Train Arena
,11-03-17,3:00PM,98,UTA,Utah,Jazz,96,OKL,Oklahoma City,Thunder,Chesapeake Energy Arena
,11-03-17,3:30PM,85,PHI,Philadelphia,76ers,102,LAC,Los Angeles,Clippers,Staples Center
,11-03-17,5:00PM,83,NYK,New York,Knicks,88,DET,Detroit,Pistons,Palace of Auburn Hills
,11-03-17,7:00PM,110,NOP,New Orleans,Pelicans,93,CHA,Charlotte,Hornets,Time Warner Cable Arena
,11-03-17,7:00PM,86,CLE,Cleveland,Cavaliers,95,ORL,Orlando,Magic,Amway Center
,11-03-17,8:00PM,100,MIN,Minnesota,Timberwolves,90,MIL,Milwaukee,Bucks,BMO Harris Bradley Center
,11-03-17,8:00PM,81,TOR,Toronto,Raptors,92,MIA,Miami,Heat,American Airlines Arena
,11-03-17,8:30PM,101,GSW,Golden State,Warriors,106,SAS,San Antonio,Spurs,AT&T Center
,11-03-17,9:00PM,91,ATL,Atlanta,Hawks,107,MEM,Memphis,Grizzlies,FedEx Forum
,11-03-17,9:00PM,104,PHX,Phoenix,Suns,108,DAL,Dallas,Mavericks,American Airlines Center
,11-03-17,10:00PM,94,WAS,Washington,Wizards,97,POR,Portland,Trail Blazers,Moda Center
,11-03-17,10:30PM,99,DEN,Denver,Nuggets,103,SAC,Sacramento,Kings,Sleep Train Arena
,12-03-17,3:30PM,89,CHI,Chicago,Bulls,82,BOS,Boston,Celtics,TD Garden
,12-03-17,6:00PM,83,NYK,New York,Knicks,84,BRO,Brooklyn,Nets,Barclays Center
,12-03-17,6:00PM,92,MIA,Miami,Heat,87,IND,Indiana,Pacers,Bankers Life Fieldhouse
,12-03-17,9:00PM,97,POR,Portland,Trail Blazers,104,PHX,Phoenix,Suns,Talking Stick Resort Arena
,12-03-17,9:00PM,86,CLE,Cleveland,Cavaliers,109,HOU,Houston,Rockets,Toyota Center
,12-03-17,9:30PM,85,PHI,Philadelphia,76ers,105,LAL,Los Angeles,Lakers,Staples Center
,13-03-17,7:00PM,89,CHI,Chicago,Bulls,93,CHA,Charlotte,Hornets,Time Warner Cable Arena
,13-03-17,7:30PM,108,DAL,Dallas,Mavericks,81,TOR,Toronto,Raptors,Air Canada Centre
,13-03-17,8:00PM,90,MIL,Milwaukee,Bucks,107,MEM,Memphis,Grizzlies,FedEx Forum
,13-03-17,8:00PM,91,ATL,Atlanta,Hawks,106,SAS,San Antonio,Spurs,AT&T Center
,13-03-17,8:00PM,94,WAS,Washington,Wizards,100,MIN,Minnesota,Timberwolves,Target Center
,13-03-17,9:00PM,102,LAC,Los Angeles,Clippers,98,UTA,Utah,Jazz,Vivint Smart Home Arena
,13-03-17,10:30PM,95,ORL,Orlando,Magic,103,SAC,Sacramento,Kings,Sleep Train Arena
,13-03-17,10:30PM,105,LAL,Los Angeles,Lakers,99,DEN,Denver,Nuggets,Pepsi Center
,14-03-17,7:00PM,88,DET,Detroit,Pistons,86,CLE,Cleveland,Cavaliers,Quicken Loans Arena
,14-03-17,7:30PM,96,OKL,Oklahoma City,Thunder,84,BRO,Brooklyn,Nets,Barclays Center
,14-03-17,7:30PM,87,IND,Indiana,Pacers,83,NYK,New York,Knicks,Madison Square Garden
,14-03-17,8:00PM,97,POR,Portland,Trail Blazers,110,NOP,New Orleans,Pelicans,Smoothie King Center
,14-03-17,10:30PM,85,PHI,Philadelphia,76ers,101,GSW,Golden State,Warriors,Oracle Arena
,15-03-17,7:00PM,108,DAL,Dallas,Mavericks,94,WAS,Washington,Wizards,Verizon Center
,15-03-17,7:00PM,93,CHA,Charlotte,Hornets,87,IND,Indiana,Pacers,Bankers Life Fieldhouse
,15-03-17,7:30PM,100,MIN,Minnesota,Timberwolves,82,BOS,Boston,Celtics,TD Garden
,15-03-17,7:30PM,110,NOP,New Orleans,Pelicans,92,MIA,Miami,Heat,American Airlines Arena
,15-03-17,7:30PM,98,UTA,Utah,Jazz,88,DET,Detroit,Pistons,Palace of Auburn Hills
,15-03-17,8:00PM,107,MEM,Memphis,Grizzlies,89,CHI,Chicago,Bulls,United Center
,15-03-17,8:00PM,105,LAL,Los Angeles,Lakers,109,HOU,Houston,Rockets,Toyota Center
,15-03-17,8:00PM,97,POR,Portland,Trail Blazers,106,SAS,San Antonio,Spurs,AT&T Center
,15-03-17,10:00PM,103,SAC,Sacramento,Kings,104,PHX,Phoenix,Suns,Talking Stick Resort Arena
,15-03-17,10:30PM,90,MIL,Milwaukee,Bucks,102,LAC,Los Angeles,Clippers,Staples Center
,16-03-17,7:00PM,98,UTA,Utah,Jazz,86,CLE,Cleveland,Cavaliers,Quicken Loans Arena
,16-03-17,7:00PM,96,OKL,Oklahoma City,Thunder,81,TOR,Toronto,Raptors,Air Canada Centre
,16-03-17,7:30PM,84,BRO,Brooklyn,Nets,83,NYK,New York,Knicks,Madison Square Garden
,16-03-17,7:30PM,107,MEM,Memphis,Grizzlies,91,ATL,Atlanta,Hawks,Philips Arena
,16-03-17,9:00PM,102,LAC,Los Angeles,Clippers,99,DEN,Denver,Nuggets,Pepsi Center
,16-03-17,10:30PM,95,ORL,Orlando,Magic,101,GSW,Golden State,Warriors,Oracle Arena
,17-03-17,7:00PM,108,DAL,Dallas,Mavericks,85,PHI,Philadelphia,76ers,Wells Fargo Center
,17-03-17,7:00PM,89,CHI,Chicago,Bulls,94,WAS,Washington,Wizards,Verizon Center
,17-03-17,7:30PM,82,BOS,Boston,Celtics,84,BRO,Brooklyn,Nets,Barclays Center
,17-03-17,7:30PM,81,TOR,Toronto,Raptors,88,DET,Detroit,Pistons,Palace of Auburn Hills
,17-03-17,8:00PM,109,HOU,Houston,Rockets,110,NOP,New Orleans,Pelicans,Smoothie King Center
,17-03-17,8:00PM,100,MIN,Minnesota,Timberwolves,92,MIA,Miami,Heat,American Airlines Arena
,17-03-17,9:00PM,95,ORL,Orlando,Magic,104,PHX,Phoenix,Suns,Talking Stick Resort Arena
,17-03-17,10:30PM,90,MIL,Milwaukee,Bucks,105,LAL,Los Angeles,Lakers,Staples Center
,18-03-17,3:00PM,103,SAC,Sacramento,Kings,96,OKL,Oklahoma City,Thunder,Chesapeake Energy Arena
,18-03-17,6:00PM,97,POR,Portland,Trail Blazers,91,ATL,Atlanta,Hawks,Philips Arena
,18-03-17,7:00PM,94,WAS,Washington,Wizards,93,CHA,Charlotte,Hornets,Time Warner Cable Arena
,18-03-17,8:30PM,86,CLE,Cleveland,Cavaliers,102,LAC,Los Angeles,Clippers,Staples Center
,18-03-17,9:00PM,98,UTA,Utah,Jazz,89,CHI,Chicago,Bulls,United Center
,18-03-17,9:00PM,106,SAS,San Antonio,Spurs,107,MEM,Memphis,Grizzlies,FedEx Forum
,18-03-17,9:30PM,109,HOU,Houston,Rockets,99,DEN,Denver,Nuggets,Pepsi Center
,18-03-17,10:30PM,90,MIL,Milwaukee,Bucks,101,GSW,Golden State,Warriors,Oracle Arena
,19-03-17,12:00PM,108,DAL,Dallas,Mavericks,84,BRO,Brooklyn,Nets,Barclays Center
,19-03-17,1:00PM,82,BOS,Boston,Celtics,85,PHI,Philadelphia,76ers,Wells Fargo Center
,19-03-17,4:30PM,104,PHX,Phoenix,Suns,88,DET,Detroit,Pistons,Palace of Auburn Hills
,19-03-17,6:00PM,100,MIN,Minnesota,Timberwolves,110,NOP,New Orleans,Pelicans,Smoothie King Center
,19-03-17,6:00PM,87,IND,Indiana,Pacers,81,TOR,Toronto,Raptors,Air Canada Centre
,19-03-17,6:00PM,97,POR,Portland,Trail Blazers,92,MIA,Miami,Heat,American Airlines Arena
,19-03-17,7:00PM,103,SAC,Sacramento,Kings,106,SAS,San Antonio,Spurs,AT&T Center
,19-03-17,9:30PM,86,CLE,Cleveland,Cavaliers,105,LAL,Los Angeles,Lakers,Staples Center
,20-03-17,7:00PM,91,ATL,Atlanta,Hawks,93,CHA,Charlotte,Hornets,Time Warner Cable Arena
,20-03-17,7:00PM,85,PHI,Philadelphia,76ers,95,ORL,Orlando,Magic,Amway Center
,20-03-17,7:00PM,98,UTA,Utah,Jazz,87,IND,Indiana,Pacers,Bankers Life Fieldhouse
,20-03-17,7:30PM,94,WAS,Washington,Wizards,82,BOS,Boston,Celtics,TD Garden
,20-03-17,8:00PM,99,DEN,Denver,Nuggets,109,HOU,Houston,Rockets,Toyota Center
,20-03-17,8:00PM,101,GSW,Golden State,Warriors,96,OKL,Oklahoma City,Thunder,Chesapeake Energy Arena
,20-03-17,10:30PM,83,NYK,New York,Knicks,102,LAC,Los Angeles,Clippers,Staples Center
,21-03-17,7:00PM,89,CHI,Chicago,Bulls,81,TOR,Toronto,Raptors,Air Canada Centre
,21-03-17,7:30PM,88,DET,Detroit,Pistons,84,BRO,Brooklyn,Nets,Barclays Center
,21-03-17,7:30PM,104,PHX,Phoenix,Suns,92,MIA,Miami,Heat,American Airlines Arena
,21-03-17,8:00PM,107,MEM,Memphis,Grizzlies,110,NOP,New Orleans,Pelicans,Smoothie King Center
,21-03-17,8:30PM,101,GSW,Golden State,Warriors,108,DAL,Dallas,Mavericks,American Airlines Center
,21-03-17,9:30PM,106,SAS,San Antonio,Spurs,100,MIN,Minnesota,Timberwolves,Target Center
,21-03-17,10:00PM,90,MIL,Milwaukee,Bucks,97,POR,Portland,Trail Blazers,Moda Center
,21-03-17,10:30PM,102,LAC,Los Angeles,Clippers,105,LAL,Los Angeles,Lakers,Staples Center
,22-03-17,7:00PM,93,CHA,Charlotte,Hornets,95,ORL,Orlando,Magic,Amway Center
,22-03-17,7:30PM,87,IND,Indiana,Pacers,82,BOS,Boston,Celtics,TD Garden
,22-03-17,8:00PM,88,DET,Detroit,Pistons,89,CHI,Chicago,Bulls,United Center
,22-03-17,8:00PM,85,PHI,Philadelphia,76ers,96,OKL,Oklahoma City,Thunder,Chesapeake Energy Arena
,22-03-17,8:00PM,91,ATL,Atlanta,Hawks,94,WAS,Washington,Wizards,Verizon Center
,22-03-17,9:00PM,86,CLE,Cleveland,Cavaliers,99,DEN,Denver,Nuggets,Pepsi Center
,22-03-17,10:30PM,90,MIL,Milwaukee,Bucks,103,SAC,Sacramento,Kings,Sleep Train Arena
,22-03-17,10:30PM,83,NYK,New York,Knicks,98,UTA,Utah,Jazz,Vivint Smart Home Arena
,23-03-17,7:30PM,104,PHX,Phoenix,Suns,84,BRO,Brooklyn,Nets,Barclays Center
,23-03-17,7:30PM,81,TOR,Toronto,Raptors,92,MIA,Miami,Heat,American Airlines Arena
,23-03-17,8:30PM,102,LAC,Los Angeles,Clippers,108,DAL,Dallas,Mavericks,American Airlines Center
,23-03-17,8:30PM,107,MEM,Memphis,Grizzlies,106,SAS,San Antonio,Spurs,AT&T Center
,23-03-17,10:00PM,83,NYK,New York,Knicks,97,POR,Portland,Trail Blazers,Moda Center
,24-03-17,7:00PM,84,BRO,Brooklyn,Nets,94,WAS,Washington,Wizards,Verizon Center
,24-03-17,7:00PM,86,CLE,Cleveland,Cavaliers,93,CHA,Charlotte,Hornets,Time Warner Cable Arena
,24-03-17,7:00PM,88,DET,Detroit,Pistons,95,ORL,Orlando,Magic,Amway Center
,24-03-17,7:00PM,99,DEN,Denver,Nuggets,87,IND,Indiana,Pacers,Bankers Life Fieldhouse
,24-03-17,7:30PM,104,PHX,Phoenix,Suns,82,BOS,Boston,Celtics,TD Garden
,24-03-17,8:00PM,85,PHI,Philadelphia,76ers,89,CHI,Chicago,Bulls,United Center
,24-03-17,8:00PM,91,ATL,Atlanta,Hawks,90,MIL,Milwaukee,Bucks,BMO Harris Bradley Center
,24-03-17,8:00PM,110,NOP,New Orleans,Pelicans,109,HOU,Houston,Rockets,Toyota Center
,24-03-17,10:30PM,100,MIN,Minnesota,Timberwolves,105,LAL,Los Angeles,Lakers,Staples Center
,24-03-17,10:30PM,103,SAC,Sacramento,Kings,101,GSW,Golden State,Warriors,Oracle Arena
,25-03-17,3:30PM,98,UTA,Utah,Jazz,102,LAC,Los Angeles,Clippers,Staples Center
,25-03-17,7:30PM,94,WAS,Washington,Wizards,86,CLE,Cleveland,Cavaliers,Quicken Loans Arena
,25-03-17,8:30PM,81,TOR,Toronto,Raptors,108,DAL,Dallas,Mavericks,American Airlines Center
,25-03-17,8:30PM,83,NYK,New York,Knicks,106,SAS,San Antonio,Spurs,AT&T Center
,25-03-17,10:00PM,100,MIN,Minnesota,Timberwolves,97,POR,Portland,Trail Blazers,Moda Center
,26-03-17,1:00PM,104,PHX,Phoenix,Suns,93,CHA,Charlotte,Hornets,Time Warner Cable Arena
,26-03-17,1:00PM,84,BRO,Brooklyn,Nets,91,ATL,Atlanta,Hawks,Philips Arena
,26-03-17,3:30PM,103,SAC,Sacramento,Kings,102,LAC,Los Angeles,Clippers,Staples Center
,26-03-17,3:30PM,89,CHI,Chicago,Bulls,90,MIL,Milwaukee,Bucks,BMO Harris Bradley Center
,26-03-17,3:30PM,96,OKL,Oklahoma City,Thunder,109,HOU,Houston,Rockets,Toyota Center
,26-03-17,6:00PM,85,PHI,Philadelphia,76ers,87,IND,Indiana,Pacers,Bankers Life Fieldhouse
,26-03-17,6:00PM,92,MIA,Miami,Heat,82,BOS,Boston,Celtics,TD Garden
,26-03-17,8:00PM,107,MEM,Memphis,Grizzlies,101,GSW,Golden State,Warriors,Oracle Arena
,26-03-17,8:00PM,110,NOP,New Orleans,Pelicans,99,DEN,Denver,Nuggets,Pepsi Center
,26-03-17,9:30PM,97,POR,Portland,Trail Blazers,105,LAL,Los Angeles,Lakers,Staples Center
,27-03-17,7:30PM,95,ORL,Orlando,Magic,81,TOR,Toronto,Raptors,Air Canada Centre
,27-03-17,7:30PM,88,DET,Detroit,Pistons,83,NYK,New York,Knicks,Madison Square Garden
,27-03-17,8:00PM,86,CLE,Cleveland,Cavaliers,106,SAS,San Antonio,Spurs,AT&T Center
,27-03-17,8:30PM,96,OKL,Oklahoma City,Thunder,108,DAL,Dallas,Mavericks,American Airlines Center
,27-03-17,10:30PM,107,MEM,Memphis,Grizzlies,103,SAC,Sacramento,Kings,Sleep Train Arena
,27-03-17,10:30PM,110,NOP,New Orleans,Pelicans,98,UTA,Utah,Jazz,Vivint Smart Home Arena
,28-03-17,7:00PM,90,MIL,Milwaukee,Bucks,93,CHA,Charlotte,Hornets,Time Warner Cable Arena
,28-03-17,7:00PM,100,MIN,Minnesota,Timberwolves,87,IND,Indiana,Pacers,Bankers Life Fieldhouse
,28-03-17,7:30PM,85,PHI,Philadelphia,76ers,84,BRO,Brooklyn,Nets,Barclays Center
,28-03-17,7:30PM,104,PHX,Phoenix,Suns,91,ATL,Atlanta,Hawks,Philips Arena
,28-03-17,7:30PM,92,MIA,Miami,Heat,88,DET,Detroit,Pistons,Palace of Auburn Hills
,28-03-17,8:00PM,101,GSW,Golden State,Warriors,109,HOU,Houston,Rockets,Toyota Center
,28-03-17,10:00PM,99,DEN,Denver,Nuggets,97,POR,Portland,Trail Blazers,Moda Center
,28-03-17,10:30PM,94,WAS,Washington,Wizards,105,LAL,Los Angeles,Lakers,Staples Center
,29-03-17,7:00PM,91,ATL,Atlanta,Hawks,85,PHI,Philadelphia,76ers,Wells Fargo Center
,29-03-17,7:00PM,96,OKL,Oklahoma City,Thunder,95,ORL,Orlando,Magic,Amway Center
,29-03-17,7:30PM,90,MIL,Milwaukee,Bucks,82,BOS,Boston,Celtics,TD Garden
,29-03-17,7:30PM,93,CHA,Charlotte,Hornets,81,TOR,Toronto,Raptors,Air Canada Centre
,29-03-17,7:30PM,92,MIA,Miami,Heat,83,NYK,New York,Knicks,Madison Square Garden
,29-03-17,8:00PM,87,IND,Indiana,Pacers,107,MEM,Memphis,Grizzlies,FedEx Forum
,29-03-17,8:00PM,108,DAL,Dallas,Mavericks,110,NOP,New Orleans,Pelicans,Smoothie King Center
,29-03-17,9:30PM,101,GSW,Golden State,Warriors,106,SAS,San Antonio,Spurs,AT&T Center
,29-03-17,10:30PM,94,WAS,Washington,Wizards,102,LAC,Los Angeles,Clippers,Staples Center
,29-03-17,10:30PM,98,UTA,Utah,Jazz,103,SAC,Sacramento,Kings,Sleep Train Arena
,30-03-17,7:30PM,84,BRO,Brooklyn,Nets,88,DET,Detroit,Pistons,Palace of Auburn Hills
,30-03-17,8:00PM,86,CLE,Cleveland,Cavaliers,89,CHI,Chicago,Bulls,United Center
,30-03-17,8:00PM,105,LAL,Los Angeles,Lakers,100,MIN,Minnesota,Timberwolves,Target Center
,30-03-17,10:00PM,102,LAC,Los Angeles,Clippers,104,PHX,Phoenix,Suns,Talking Stick Resort Arena
,30-03-17,10:30PM,109,HOU,Houston,Rockets,97,POR,Portland,Trail Blazers,Moda Center
,31-03-17,7:00PM,87,IND,Indiana,Pacers,81,TOR,Toronto,Raptors,Air Canada Centre
,31-03-17,7:00PM,99,DEN,Denver,Nuggets,93,CHA,Charlotte,Hornets,Time Warner Cable Arena
,31-03-17,7:30PM,85,PHI,Philadelphia,76ers,86,CLE,Cleveland,Cavaliers,Quicken Loans Arena
,31-03-17,7:30PM,95,ORL,Orlando,Magic,82,BOS,Boston,Celtics,TD Garden
,31-03-17,8:00PM,88,DET,Detroit,Pistons,90,MIL,Milwaukee,Bucks,BMO Harris Bradley Center
,31-03-17,8:00PM,108,DAL,Dallas,Mavericks,107,MEM,Memphis,Grizzlies,FedEx Forum
,31-03-17,8:00PM,103,SAC,Sacramento,Kings,110,NOP,New Orleans,Pelicans,Smoothie King Center
,31-03-17,8:00PM,83,NYK,New York,Knicks,92,MIA,Miami,Heat,American Airlines Arena
,31-03-17,8:00PM,106,SAS,San Antonio,Spurs,96,OKL,Oklahoma City,Thunder,Chesapeake Energy Arena
,31-03-17,9:00PM,94,WAS,Washington,Wizards,98,UTA,Utah,Jazz,Vivint Smart Home Arena
,31-03-17,10:30PM,109,HOU,Houston,Rockets,101,GSW,Golden State,Warriors,Oracle Arena
,01-04-17,3:30PM,105,LAL,Los Angeles,Lakers,102,LAC,Los Angeles,Clippers,Staples Center
,01-04-17,5:00PM,91,ATL,Atlanta,Hawks,89,CHI,Chicago,Bulls,United Center
,01-04-17,6:00PM,95,ORL,Orlando,Magic,84,BRO,Brooklyn,Nets,Barclays Center
,01-04-17,8:00PM,103,SAC,Sacramento,Kings,100,MIN,Minnesota,Timberwolves,Target Center
,01-04-17,10:00PM,104,PHX,Phoenix,Suns,97,POR,Portland,Trail Blazers,Moda Center
,02-04-17,1:00PM,82,BOS,Boston,Celtics,83,NYK,New York,Knicks,Madison Square Garden
,02-04-17,3:00PM,93,CHA,Charlotte,Hornets,96,OKL,Oklahoma City,Thunder,Chesapeake Energy Arena
,02-04-17,3:30PM,107,MEM,Memphis,Grizzlies,105,LAL,Los Angeles,Lakers,Staples Center
,02-04-17,3:30PM,108,DAL,Dallas,Mavericks,90,MIL,Milwaukee,Bucks,BMO Harris Bradley Center
,02-04-17,3:30PM,98,UTA,Utah,Jazz,106,SAS,San Antonio,Spurs,AT&T Center
,02-04-17,6:00PM,89,CHI,Chicago,Bulls,110,NOP,New Orleans,Pelicans,Smoothie King Center
,02-04-17,6:00PM,85,PHI,Philadelphia,76ers,81,TOR,Toronto,Raptors,Air Canada Centre
,02-04-17,6:00PM,91,ATL,Atlanta,Hawks,84,BRO,Brooklyn,Nets,Barclays Center
,02-04-17,6:00PM,99,DEN,Denver,Nuggets,92,MIA,Miami,Heat,American Airlines Arena
,02-04-17,6:00PM,87,IND,Indiana,Pacers,86,CLE,Cleveland,Cavaliers,Quicken Loans Arena
,02-04-17,8:00PM,94,WAS,Washington,Wizards,101,GSW,Golden State,Warriors,Oracle Arena
,02-04-17,9:00PM,109,HOU,Houston,Rockets,104,PHX,Phoenix,Suns,Talking Stick Resort Arena
,03-04-17,7:00PM,97,POR,Portland,Trail Blazers,100,MIN,Minnesota,Timberwolves,Target Center
,04-04-17,7:00PM,84,BRO,Brooklyn,Nets,85,PHI,Philadelphia,76ers,Wells Fargo Center
,04-04-17,7:00PM,93,CHA,Charlotte,Hornets,94,WAS,Washington,Wizards,Verizon Center
,04-04-17,7:00PM,95,ORL,Orlando,Magic,86,CLE,Cleveland,Cavaliers,Quicken Loans Arena
,04-04-17,7:00PM,81,TOR,Toronto,Raptors,87,IND,Indiana,Pacers,Bankers Life Fieldhouse
,04-04-17,8:00PM,99,DEN,Denver,Nuggets,110,NOP,New Orleans,Pelicans,Smoothie King Center
,04-04-17,8:00PM,90,MIL,Milwaukee,Bucks,96,OKL,Oklahoma City,Thunder,Chesapeake Energy Arena
,04-04-17,8:00PM,89,CHI,Chicago,Bulls,83,NYK,New York,Knicks,Madison Square Garden
,04-04-17,8:30PM,107,MEM,Memphis,Grizzlies,106,SAS,San Antonio,Spurs,AT&T Center
,04-04-17,9:00PM,97,POR,Portland,Trail Blazers,98,UTA,Utah,Jazz,Vivint Smart Home Arena
,04-04-17,10:30PM,100,MIN,Minnesota,Timberwolves,101,GSW,Golden State,Warriors,Oracle Arena
,04-04-17,10:30PM,108,DAL,Dallas,Mavericks,103,SAC,Sacramento,Kings,Sleep Train Arena
,05-04-17,7:00PM,92,MIA,Miami,Heat,93,CHA,Charlotte,Hornets,Time Warner Cable Arena
,05-04-17,7:30PM,81,TOR,Toronto,Raptors,88,DET,Detroit,Pistons,Palace of Auburn Hills
,05-04-17,8:00PM,96,OKL,Oklahoma City,Thunder,107,MEM,Memphis,Grizzlies,FedEx Forum
,05-04-17,8:00PM,99,DEN,Denver,Nuggets,109,HOU,Houston,Rockets,Toyota Center
,05-04-17,8:00PM,86,CLE,Cleveland,Cavaliers,82,BOS,Boston,Celtics,TD Garden
,05-04-17,8:30PM,105,LAL,Los Angeles,Lakers,106,SAS,San Antonio,Spurs,AT&T Center
,05-04-17,10:00PM,101,GSW,Golden State,Warriors,104,PHX,Phoenix,Suns,Talking Stick Resort Arena
,05-04-17,10:30PM,108,DAL,Dallas,Mavericks,102,LAC,Los Angeles,Clippers,Staples Center
,06-04-17,7:00PM,89,CHI,Chicago,Bulls,85,PHI,Philadelphia,76ers,Wells Fargo Center
,06-04-17,7:00PM,84,BRO,Brooklyn,Nets,95,ORL,Orlando,Magic,Amway Center
,06-04-17,7:00PM,90,MIL,Milwaukee,Bucks,87,IND,Indiana,Pacers,Bankers Life Fieldhouse
,06-04-17,7:30PM,94,WAS,Washington,Wizards,83,NYK,New York,Knicks,Madison Square Garden
,06-04-17,8:00PM,82,BOS,Boston,Celtics,91,ATL,Atlanta,Hawks,Philips Arena
,06-04-17,10:30PM,100,MIN,Minnesota,Timberwolves,97,POR,Portland,Trail Blazers,Moda Center
,07-04-17,7:30PM,91,ATL,Atlanta,Hawks,86,CLE,Cleveland,Cavaliers,Quicken Loans Arena
,07-04-17,7:30PM,92,MIA,Miami,Heat,81,TOR,Toronto,Raptors,Air Canada Centre
,07-04-17,8:00PM,83,NYK,New York,Knicks,107,MEM,Memphis,Grizzlies,FedEx Forum
,07-04-17,8:00PM,88,DET,Detroit,Pistons,109,HOU,Houston,Rockets,Toyota Center
,07-04-17,8:30PM,106,SAS,San Antonio,Spurs,108,DAL,Dallas,Mavericks,American Airlines Center
,07-04-17,9:00PM,110,NOP,New Orleans,Pelicans,99,DEN,Denver,Nuggets,Pepsi Center
,07-04-17,9:00PM,100,MIN,Minnesota,Timberwolves,98,UTA,Utah,Jazz,Vivint Smart Home Arena
,07-04-17,10:00PM,96,OKL,Oklahoma City,Thunder,104,PHX,Phoenix,Suns,Talking Stick Resort Arena
,07-04-17,10:30PM,103,SAC,Sacramento,Kings,105,LAL,Los Angeles,Lakers,Staples Center
,08-04-17,5:00PM,89,CHI,Chicago,Bulls,84,BRO,Brooklyn,Nets,Barclays Center
,08-04-17,6:00PM,82,BOS,Boston,Celtics,93,CHA,Charlotte,Hornets,Time Warner Cable Arena
,08-04-17,6:00PM,87,IND,Indiana,Pacers,95,ORL,Orlando,Magic,Amway Center
,08-04-17,7:00PM,90,MIL,Milwaukee,Bucks,85,PHI,Philadelphia,76ers,Wells Fargo Center
,08-04-17,7:00PM,92,MIA,Miami,Heat,94,WAS,Washington,Wizards,Verizon Center
,08-04-17,8:30PM,102,LAC,Los Angeles,Clippers,106,SAS,San Antonio,Spurs,AT&T Center
,08-04-17,10:00PM,98,UTA,Utah,Jazz,97,POR,Portland,Trail Blazers,Moda Center
,08-04-17,10:30PM,110,NOP,New Orleans,Pelicans,101,GSW,Golden State,Warriors,Oracle Arena
,09-04-17,12:00PM,81,TOR,Toronto,Raptors,83,NYK,New York,Knicks,Madison Square Garden
,09-04-17,3:30PM,86,CLE,Cleveland,Cavaliers,91,ATL,Atlanta,Hawks,Philips Arena
,09-04-17,5:00PM,96,OKL,Oklahoma City,Thunder,99,DEN,Denver,Nuggets,Pepsi Center
,09-04-17,6:00PM,108,DAL,Dallas,Mavericks,104,PHX,Phoenix,Suns,Talking Stick Resort Arena
,09-04-17,6:00PM,109,HOU,Houston,Rockets,103,SAC,Sacramento,Kings,Sleep Train Arena
,09-04-17,6:00PM,88,DET,Detroit,Pistons,107,MEM,Memphis,Grizzlies,FedEx Forum
,09-04-17,9:30PM,100,MIN,Minnesota,Timberwolves,105,LAL,Los Angeles,Lakers,Staples Center
,10-04-17,7:00PM,87,IND,Indiana,Pacers,85,PHI,Philadelphia,76ers,Wells Fargo Center
,10-04-17,7:30PM,84,BRO,Brooklyn,Nets,82,BOS,Boston,Celtics,TD Garden
,10-04-17,7:30PM,86,CLE,Cleveland,Cavaliers,92,MIA,Miami,Heat,American Airlines Arena
,10-04-17,8:00PM,95,ORL,Orlando,Magic,89,CHI,Chicago,Bulls,United Center
,10-04-17,8:00PM,93,CHA,Charlotte,Hornets,90,MIL,Milwaukee,Bucks,BMO Harris Bradley Center
,10-04-17,8:00PM,94,WAS,Washington,Wizards,88,DET,Detroit,Pistons,Palace of Auburn Hills
,10-04-17,10:00PM,106,SAS,San Antonio,Spurs,97,POR,Portland,Trail Blazers,Moda Center
,10-04-17,10:30PM,109,HOU,Houston,Rockets,102,LAC,Los Angeles,Clippers,Staples Center
,10-04-17,10:30PM,98,UTA,Utah,Jazz,101,GSW,Golden State,Warriors,Oracle Arena
,11-04-17,7:30PM,93,CHA,Charlotte,Hornets,91,ATL,Atlanta,Hawks,Philips Arena
,11-04-17,8:00PM,96,OKL,Oklahoma City,Thunder,100,MIN,Minnesota,Timberwolves,Target Center
,11-04-17,8:30PM,99,DEN,Denver,Nuggets,108,DAL,Dallas,Mavericks,American Airlines Center
,11-04-17,10:30PM,110,NOP,New Orleans,Pelicans,105,LAL,Los Angeles,Lakers,Staples Center
,11-04-17,10:30PM,104,PHX,Phoenix,Suns,103,SAC,Sacramento,Kings,Sleep Train Arena
,12-04-17,8:00PM,88,DET,Detroit,Pistons,95,ORL,Orlando,Magic,Amway Center
,12-04-17,8:00PM,81,TOR,Toronto,Raptors,86,CLE,Cleveland,Cavaliers,Quicken Loans Arena
,12-04-17,8:00PM,90,MIL,Milwaukee,Bucks,82,BOS,Boston,Celtics,TD Garden
,12-04-17,8:00PM,85,PHI,Philadelphia,76ers,83,NYK,New York,Knicks,Madison Square Garden
,12-04-17,8:00PM,94,WAS,Washington,Wizards,92,MIA,Miami,Heat,American Airlines Arena
,12-04-17,8:00PM,84,BRO,Brooklyn,Nets,89,CHI,Chicago,Bulls,United Center
,12-04-17,8:00PM,108,DAL,Dallas,Mavericks,107,MEM,Memphis,Grizzlies,FedEx Forum
,12-04-17,8:00PM,100,MIN,Minnesota,Timberwolves,109,HOU,Houston,Rockets,Toyota Center
,12-04-17,8:00PM,99,DEN,Denver,Nuggets,96,OKL,Oklahoma City,Thunder,Chesapeake Energy Arena
,12-04-17,8:00PM,91,ATL,Atlanta,Hawks,87,IND,Indiana,Pacers,Bankers Life Fieldhouse
,12-04-17,9:00PM,106,SAS,San Antonio,Spurs,98,UTA,Utah,Jazz,Vivint Smart Home Arena
,12-04-17,10:30PM,103,SAC,Sacramento,Kings,102,LAC,Los Angeles,Clippers,Staples Center
,12-04-17,10:30PM,105,LAL,Los Angeles,Lakers,101,GSW,Golden State,Warriors,Oracle Arena
,12-04-17,10:30PM,110,NOP,New Orleans,Pelicans,97,POR,Portland,Trail Blazers,Moda Center
